[2026-01-21 04:02:07]   ROOT_DIR: /dataset/songzhang/SMore_dev/learning/MedViTV2    
[2026-01-21 04:02:07]   LOG_PATH: /dataset/songzhang/SMore_dev/learning/MedViTV2/logs/2026-01-21_04-02-07.log    
[2026-01-21 04:02:07]   Using cuda:0 device.    
[2026-01-21 04:02:08]   Dataset is available at: /dataset/songzhang/SMore_dev/learning/MedViTV2/temp/fabric    
[2026-01-21 04:02:08]   Number of classes: 27    
[2026-01-21 04:02:08]   Class names: ['canvas', 'chambray', 'chenille', 'chiffon', 'corduroy', 'crepe', 'denim', 'faux_fur', 'faux_leather', 'flannel', 'fleece', 'gingham', 'jersey', 'knit', 'lace', 'lawn', 'neoprene', 'organza', 'plush', 'satin', 'serge', 'taffeta', 'tulle', 'tweed', 'twill', 'velvet', 'vinyl']    
[2026-01-21 04:02:09]   initialize_weights...    
[2026-01-21 04:02:10]   (ImageFolder) Dataset ImageFolder
    Number of datapoints: 99716
    Root location: /dataset/songzhang/SMore_dev/learning/MedViTV2/temp/fabric/train
    StandardTransform
Transform: Compose(
               RandomResizedCrop(size=(224, 224), scale=(0.08, 1.0), ratio=(0.75, 1.3333), interpolation=bilinear, antialias=True)
               AugMix(severity=3, mixture_width=3, chain_depth=-1, alpha=0.4, all_ops=True, interpolation=InterpolationMode.BILINEAR, fill=None)
               RandomHorizontalFlip(p=0.4)
               ToTensor()
               Normalize(mean=[0.5], std=[0.5])
           )    
[2026-01-21 04:02:10]   ===================    
[2026-01-21 04:02:10]   (ImageFolder) Dataset ImageFolder
    Number of datapoints: 24629
    Root location: /dataset/songzhang/SMore_dev/learning/MedViTV2/temp/fabric/test
    StandardTransform
Transform: Compose(
               Resize(size=(224, 224), interpolation=bilinear, max_size=None, antialias=True)
               ToTensor()
               Normalize(mean=[0.5], std=[0.5])
           )    
[2026-01-21 04:02:24]   eta: 36:56:41  iter: 10  progress: 0.0  loss: 3.3448  time: 0.115  data_time: 0.001  forward_time: 0.015  backward_time: 0.029  lr: 0.000100  max_mem: 7782M    
[2026-01-21 04:02:37]   eta: 26:25:10  iter: 20  progress: 0.0  loss: 3.2607  time: 0.174  data_time: 0.001  forward_time: 0.089  backward_time: 0.017  lr: 0.000100  max_mem: 7782M    
[2026-01-21 04:02:50]   eta: 23:23:44  iter: 30  progress: 0.0  loss: 3.3502  time: 0.190  data_time: 0.001  forward_time: 0.096  backward_time: 0.022  lr: 0.000100  max_mem: 7782M    
[2026-01-21 04:03:02]   eta: 21:39:30  iter: 40  progress: 0.0  loss: 3.2583  time: 0.118  data_time: 0.001  forward_time: 0.015  backward_time: 0.029  lr: 0.000100  max_mem: 7782M    
[2026-01-21 04:03:15]   eta: 20:24:59  iter: 50  progress: 0.0  loss: 3.1897  time: 0.116  data_time: 0.001  forward_time: 0.015  backward_time: 0.028  lr: 0.000100  max_mem: 7782M    
[2026-01-21 04:03:27]   eta: 16:06:37  iter: 60  progress: 0.0  loss: 3.2634  time: 0.115  data_time: 0.001  forward_time: 0.014  backward_time: 0.029  lr: 0.000100  max_mem: 7782M    
[2026-01-21 04:03:39]   eta: 15:52:55  iter: 70  progress: 0.0  loss: 3.1437  time: 0.186  data_time: 0.001  forward_time: 0.094  backward_time: 0.019  lr: 0.000100  max_mem: 7782M    
[2026-01-21 04:03:52]   eta: 15:24:22  iter: 80  progress: 0.0  loss: 3.4502  time: 0.116  data_time: 0.001  forward_time: 0.015  backward_time: 0.028  lr: 0.000100  max_mem: 7782M    
[2026-01-21 04:04:04]   eta: 15:14:00  iter: 90  progress: 0.0  loss: 3.3026  time: 0.193  data_time: 0.001  forward_time: 0.094  backward_time: 0.027  lr: 0.000100  max_mem: 7782M    
[2026-01-21 04:04:17]   eta: 15:06:47  iter: 100  progress: 0.0  loss: 3.0077  time: 0.116  data_time: 0.001  forward_time: 0.016  backward_time: 0.027  lr: 0.000100  max_mem: 7782M    
[2026-01-21 04:04:29]   eta: 14:50:14  iter: 110  progress: 0.0  loss: 3.2312  time: 0.116  data_time: 0.001  forward_time: 0.015  backward_time: 0.028  lr: 0.000100  max_mem: 7782M    
[2026-01-21 04:04:41]   eta: 15:00:53  iter: 120  progress: 0.0  loss: 3.2165  time: 0.115  data_time: 0.001  forward_time: 0.014  backward_time: 0.029  lr: 0.000100  max_mem: 7782M    
[2026-01-21 04:04:53]   eta: 14:52:04  iter: 130  progress: 0.0  loss: 3.2670  time: 0.116  data_time: 0.001  forward_time: 0.015  backward_time: 0.029  lr: 0.000100  max_mem: 7782M    
[2026-01-21 04:05:06]   eta: 14:40:42  iter: 140  progress: 0.0  loss: 3.1032  time: 0.116  data_time: 0.001  forward_time: 0.016  backward_time: 0.027  lr: 0.000100  max_mem: 7782M    
[2026-01-21 04:05:18]   eta: 14:44:45  iter: 150  progress: 0.0  loss: 2.9551  time: 0.116  data_time: 0.001  forward_time: 0.015  backward_time: 0.072  lr: 0.000100  max_mem: 7782M    
[2026-01-21 04:05:31]   eta: 14:56:39  iter: 160  progress: 0.0  loss: 3.1722  time: 0.116  data_time: 0.002  forward_time: 0.014  backward_time: 0.029  lr: 0.000100  max_mem: 7782M    
[2026-01-21 04:05:43]   eta: 14:53:39  iter: 170  progress: 0.0  loss: 3.1140  time: 0.116  data_time: 0.002  forward_time: 0.015  backward_time: 0.028  lr: 0.000100  max_mem: 7782M    
[2026-01-21 04:05:56]   eta: 15:18:39  iter: 180  progress: 0.0  loss: 3.0332  time: 0.169  data_time: 0.001  forward_time: 0.084  backward_time: 0.017  lr: 0.000100  max_mem: 7782M    
[2026-01-21 04:06:08]   eta: 15:25:05  iter: 190  progress: 0.0  loss: 3.1395  time: 0.172  data_time: 0.001  forward_time: 0.089  backward_time: 0.017  lr: 0.000100  max_mem: 7782M    
[2026-01-21 04:06:21]   eta: 15:29:33  iter: 200  progress: 0.0  loss: 2.8900  time: 0.115  data_time: 0.001  forward_time: 0.015  backward_time: 0.027  lr: 0.000100  max_mem: 7782M    
[2026-01-21 04:06:33]   eta: 15:47:16  iter: 210  progress: 0.1  loss: 3.0626  time: 0.171  data_time: 0.001  forward_time: 0.088  backward_time: 0.017  lr: 0.000100  max_mem: 7782M    
[2026-01-21 04:06:46]   eta: 15:46:28  iter: 220  progress: 0.1  loss: 3.0288  time: 0.117  data_time: 0.001  forward_time: 0.014  backward_time: 0.030  lr: 0.000100  max_mem: 7782M    
[2026-01-21 04:06:58]   eta: 15:36:03  iter: 230  progress: 0.1  loss: 3.1002  time: 0.118  data_time: 0.001  forward_time: 0.014  backward_time: 0.030  lr: 0.000100  max_mem: 7782M    
[2026-01-21 04:07:11]   eta: 15:23:03  iter: 240  progress: 0.1  loss: 2.9318  time: 0.116  data_time: 0.001  forward_time: 0.015  backward_time: 0.028  lr: 0.000100  max_mem: 7782M    
[2026-01-21 04:07:23]   eta: 15:34:54  iter: 250  progress: 0.1  loss: 2.8458  time: 0.133  data_time: 0.001  forward_time: 0.013  backward_time: 0.079  lr: 0.000100  max_mem: 7782M    
[2026-01-21 04:07:35]   eta: 15:15:15  iter: 260  progress: 0.1  loss: 2.8623  time: 0.180  data_time: 0.001  forward_time: 0.088  backward_time: 0.019  lr: 0.000100  max_mem: 7782M    
[2026-01-21 04:07:48]   eta: 14:59:42  iter: 270  progress: 0.1  loss: 3.0313  time: 0.116  data_time: 0.001  forward_time: 0.015  backward_time: 0.028  lr: 0.000100  max_mem: 7782M    
[2026-01-21 04:08:01]   eta: 15:03:29  iter: 280  progress: 0.1  loss: 3.1374  time: 0.115  data_time: 0.001  forward_time: 0.013  backward_time: 0.030  lr: 0.000100  max_mem: 7782M    
[2026-01-21 04:08:13]   eta: 15:27:07  iter: 290  progress: 0.1  loss: 2.9774  time: 0.179  data_time: 0.001  forward_time: 0.087  backward_time: 0.019  lr: 0.000100  max_mem: 7782M    
[2026-01-21 04:08:25]   eta: 14:57:27  iter: 300  progress: 0.1  loss: 2.9492  time: 0.118  data_time: 0.001  forward_time: 0.014  backward_time: 0.030  lr: 0.000100  max_mem: 7782M    
[2026-01-21 04:08:38]   eta: 15:12:06  iter: 310  progress: 0.1  loss: 3.1614  time: 0.116  data_time: 0.002  forward_time: 0.014  backward_time: 0.029  lr: 0.000100  max_mem: 7782M    
[2026-01-21 04:08:50]   eta: 15:38:28  iter: 320  progress: 0.1  loss: 2.7786  time: 0.116  data_time: 0.001  forward_time: 0.015  backward_time: 0.028  lr: 0.000100  max_mem: 7782M    
[2026-01-21 04:09:03]   eta: 15:35:11  iter: 330  progress: 0.1  loss: 2.7763  time: 0.118  data_time: 0.001  forward_time: 0.014  backward_time: 0.029  lr: 0.000100  max_mem: 7782M    
[2026-01-21 04:09:16]   eta: 15:29:49  iter: 340  progress: 0.1  loss: 2.9066  time: 0.119  data_time: 0.002  forward_time: 0.016  backward_time: 0.029  lr: 0.000100  max_mem: 7782M    
[2026-01-21 04:09:28]   eta: 15:35:38  iter: 350  progress: 0.1  loss: 2.9026  time: 0.116  data_time: 0.001  forward_time: 0.015  backward_time: 0.028  lr: 0.000100  max_mem: 7782M    
[2026-01-21 04:09:41]   eta: 15:33:48  iter: 360  progress: 0.1  loss: 2.7701  time: 0.115  data_time: 0.001  forward_time: 0.014  backward_time: 0.029  lr: 0.000100  max_mem: 7782M    
[2026-01-21 04:09:53]   eta: 15:26:44  iter: 370  progress: 0.1  loss: 2.8777  time: 0.115  data_time: 0.001  forward_time: 0.013  backward_time: 0.030  lr: 0.000100  max_mem: 7782M    
[2026-01-21 04:10:06]   eta: 15:17:51  iter: 380  progress: 0.1  loss: 2.9337  time: 0.163  data_time: 0.001  forward_time: 0.080  backward_time: 0.017  lr: 0.000100  max_mem: 7782M    
[2026-01-21 04:10:18]   eta: 15:00:41  iter: 390  progress: 0.1  loss: 2.9526  time: 0.116  data_time: 0.001  forward_time: 0.016  backward_time: 0.028  lr: 0.000100  max_mem: 7782M    
[2026-01-21 04:10:30]   eta: 15:11:04  iter: 400  progress: 0.1  loss: 2.7090  time: 0.175  data_time: 0.002  forward_time: 0.089  backward_time: 0.017  lr: 0.000100  max_mem: 7782M    
[2026-01-21 04:10:43]   eta: 15:08:27  iter: 410  progress: 0.1  loss: 2.9189  time: 0.116  data_time: 0.001  forward_time: 0.015  backward_time: 0.028  lr: 0.000100  max_mem: 7782M    
[2026-01-21 04:10:55]   eta: 14:41:32  iter: 420  progress: 0.1  loss: 2.5339  time: 0.118  data_time: 0.001  forward_time: 0.014  backward_time: 0.030  lr: 0.000100  max_mem: 7782M    
[2026-01-21 04:11:08]   eta: 14:58:21  iter: 430  progress: 0.1  loss: 3.0300  time: 0.116  data_time: 0.001  forward_time: 0.015  backward_time: 0.029  lr: 0.000100  max_mem: 7782M    
[2026-01-21 04:11:21]   eta: 15:04:59  iter: 440  progress: 0.1  loss: 2.7722  time: 0.116  data_time: 0.001  forward_time: 0.014  backward_time: 0.029  lr: 0.000100  max_mem: 7782M    
[2026-01-21 04:11:33]   eta: 15:03:21  iter: 450  progress: 0.1  loss: 3.0852  time: 0.118  data_time: 0.001  forward_time: 0.014  backward_time: 0.030  lr: 0.000100  max_mem: 7782M    
[2026-01-21 04:11:46]   eta: 15:10:53  iter: 460  progress: 0.1  loss: 2.8240  time: 0.202  data_time: 0.006  forward_time: 0.094  backward_time: 0.029  lr: 0.000100  max_mem: 7782M    
[2026-01-21 04:11:58]   eta: 15:21:29  iter: 470  progress: 0.1  loss: 2.9734  time: 0.116  data_time: 0.002  forward_time: 0.017  backward_time: 0.027  lr: 0.000100  max_mem: 7782M    
[2026-01-21 04:12:11]   eta: 15:22:10  iter: 480  progress: 0.1  loss: 2.8269  time: 0.115  data_time: 0.001  forward_time: 0.014  backward_time: 0.029  lr: 0.000100  max_mem: 7782M    
[2026-01-21 04:12:23]   eta: 15:14:00  iter: 490  progress: 0.1  loss: 2.5500  time: 0.115  data_time: 0.001  forward_time: 0.015  backward_time: 0.029  lr: 0.000100  max_mem: 7782M    
[2026-01-21 04:12:35]   eta: 14:50:30  iter: 500  progress: 0.1  loss: 2.7001  time: 0.117  data_time: 0.001  forward_time: 0.013  backward_time: 0.077  lr: 0.000100  max_mem: 7782M    
[2026-01-21 04:12:47]   eta: 14:29:36  iter: 510  progress: 0.1  loss: 2.9563  time: 0.118  data_time: 0.001  forward_time: 0.015  backward_time: 0.029  lr: 0.000100  max_mem: 7782M    
[2026-01-21 04:13:00]   eta: 15:07:09  iter: 520  progress: 0.1  loss: 2.5771  time: 0.176  data_time: 0.001  forward_time: 0.089  backward_time: 0.017  lr: 0.000100  max_mem: 7782M    
[2026-01-21 04:13:12]   eta: 14:50:44  iter: 530  progress: 0.1  loss: 2.8448  time: 0.139  data_time: 0.001  forward_time: 0.014  backward_time: 0.081  lr: 0.000100  max_mem: 7782M    
[2026-01-21 04:13:24]   eta: 14:50:33  iter: 540  progress: 0.1  loss: 2.6169  time: 0.116  data_time: 0.001  forward_time: 0.016  backward_time: 0.027  lr: 0.000100  max_mem: 7782M    
[2026-01-21 04:13:37]   eta: 15:10:17  iter: 550  progress: 0.1  loss: 2.8434  time: 0.115  data_time: 0.001  forward_time: 0.014  backward_time: 0.029  lr: 0.000100  max_mem: 7782M    
[2026-01-21 04:13:49]   eta: 15:11:21  iter: 560  progress: 0.1  loss: 2.5869  time: 0.178  data_time: 0.001  forward_time: 0.088  backward_time: 0.018  lr: 0.000100  max_mem: 7782M    
[2026-01-21 04:14:01]   eta: 14:42:12  iter: 570  progress: 0.1  loss: 2.9725  time: 0.115  data_time: 0.001  forward_time: 0.014  backward_time: 0.029  lr: 0.000100  max_mem: 7782M    
[2026-01-21 04:14:13]   eta: 14:37:39  iter: 580  progress: 0.1  loss: 2.3970  time: 0.115  data_time: 0.001  forward_time: 0.013  backward_time: 0.030  lr: 0.000100  max_mem: 7782M    
[2026-01-21 04:14:26]   eta: 14:40:24  iter: 590  progress: 0.1  loss: 2.2136  time: 0.116  data_time: 0.001  forward_time: 0.015  backward_time: 0.028  lr: 0.000100  max_mem: 7782M    
[2026-01-21 04:14:38]   eta: 14:37:35  iter: 600  progress: 0.1  loss: 2.6303  time: 0.115  data_time: 0.001  forward_time: 0.013  backward_time: 0.029  lr: 0.000100  max_mem: 7782M    
[2026-01-21 04:14:51]   eta: 14:47:20  iter: 610  progress: 0.1  loss: 2.7208  time: 0.116  data_time: 0.001  forward_time: 0.015  backward_time: 0.028  lr: 0.000100  max_mem: 7782M    
[2026-01-21 04:15:03]   eta: 14:33:57  iter: 620  progress: 0.1  loss: 2.6351  time: 0.115  data_time: 0.001  forward_time: 0.014  backward_time: 0.029  lr: 0.000100  max_mem: 7782M    
[2026-01-21 04:15:16]   eta: 14:57:49  iter: 630  progress: 0.2  loss: 2.5441  time: 0.115  data_time: 0.001  forward_time: 0.013  backward_time: 0.029  lr: 0.000100  max_mem: 7782M    
[2026-01-21 04:15:28]   eta: 15:35:27  iter: 640  progress: 0.2  loss: 2.3563  time: 0.193  data_time: 0.079  forward_time: 0.014  backward_time: 0.029  lr: 0.000100  max_mem: 7782M    
[2026-01-21 04:15:40]   eta: 15:36:31  iter: 650  progress: 0.2  loss: 2.7461  time: 0.184  data_time: 0.001  forward_time: 0.085  backward_time: 0.027  lr: 0.000100  max_mem: 7782M    
[2026-01-21 04:15:53]   eta: 15:30:43  iter: 660  progress: 0.2  loss: 2.5727  time: 0.116  data_time: 0.001  forward_time: 0.014  backward_time: 0.029  lr: 0.000100  max_mem: 7782M    
[2026-01-21 04:16:06]   eta: 16:02:20  iter: 670  progress: 0.2  loss: 2.3411  time: 0.172  data_time: 0.001  forward_time: 0.089  backward_time: 0.017  lr: 0.000100  max_mem: 7782M    
[2026-01-21 04:16:18]   eta: 15:49:02  iter: 680  progress: 0.2  loss: 2.4050  time: 0.118  data_time: 0.001  forward_time: 0.015  backward_time: 0.029  lr: 0.000100  max_mem: 7782M    
[2026-01-21 04:16:30]   eta: 15:11:39  iter: 690  progress: 0.2  loss: 2.3689  time: 0.118  data_time: 0.002  forward_time: 0.015  backward_time: 0.029  lr: 0.000100  max_mem: 7782M    
[2026-01-21 04:16:43]   eta: 15:01:00  iter: 700  progress: 0.2  loss: 2.3389  time: 0.116  data_time: 0.001  forward_time: 0.015  backward_time: 0.029  lr: 0.000100  max_mem: 7782M    
[2026-01-21 04:16:55]   eta: 15:00:23  iter: 710  progress: 0.2  loss: 2.5463  time: 0.117  data_time: 0.001  forward_time: 0.014  backward_time: 0.030  lr: 0.000100  max_mem: 7782M    
[2026-01-21 04:17:07]   eta: 15:00:25  iter: 720  progress: 0.2  loss: 2.3329  time: 0.162  data_time: 0.001  forward_time: 0.082  backward_time: 0.017  lr: 0.000100  max_mem: 7782M    
[2026-01-21 04:17:19]   eta: 15:15:09  iter: 730  progress: 0.2  loss: 2.9995  time: 0.116  data_time: 0.001  forward_time: 0.014  backward_time: 0.029  lr: 0.000100  max_mem: 7782M    
[2026-01-21 04:17:31]   eta: 15:12:12  iter: 740  progress: 0.2  loss: 2.5899  time: 0.115  data_time: 0.001  forward_time: 0.013  backward_time: 0.029  lr: 0.000100  max_mem: 7782M    
[2026-01-21 04:17:43]   eta: 15:10:18  iter: 750  progress: 0.2  loss: 2.1575  time: 0.115  data_time: 0.001  forward_time: 0.014  backward_time: 0.029  lr: 0.000100  max_mem: 7782M    
[2026-01-21 04:17:56]   eta: 14:50:55  iter: 760  progress: 0.2  loss: 2.3114  time: 0.117  data_time: 0.001  forward_time: 0.013  backward_time: 0.030  lr: 0.000100  max_mem: 7782M    
[2026-01-21 04:18:08]   eta: 14:31:09  iter: 770  progress: 0.2  loss: 2.6240  time: 0.116  data_time: 0.001  forward_time: 0.014  backward_time: 0.029  lr: 0.000100  max_mem: 7782M    
[2026-01-21 04:18:20]   eta: 13:54:50  iter: 780  progress: 0.2  loss: 2.5996  time: 0.116  data_time: 0.001  forward_time: 0.016  backward_time: 0.027  lr: 0.000100  max_mem: 7782M    
[2026-01-21 04:18:32]   eta: 13:54:45  iter: 790  progress: 0.2  loss: 2.1513  time: 0.117  data_time: 0.001  forward_time: 0.015  backward_time: 0.028  lr: 0.000100  max_mem: 7782M    
[2026-01-21 04:18:44]   eta: 14:21:51  iter: 800  progress: 0.2  loss: 2.2914  time: 0.115  data_time: 0.001  forward_time: 0.015  backward_time: 0.029  lr: 0.000100  max_mem: 7782M    
[2026-01-21 04:18:56]   eta: 14:22:05  iter: 810  progress: 0.2  loss: 2.4771  time: 0.118  data_time: 0.001  forward_time: 0.014  backward_time: 0.029  lr: 0.000100  max_mem: 7782M    
[2026-01-21 04:19:09]   eta: 14:17:14  iter: 820  progress: 0.2  loss: 2.3563  time: 0.115  data_time: 0.001  forward_time: 0.014  backward_time: 0.029  lr: 0.000100  max_mem: 7782M    
[2026-01-21 04:19:21]   eta: 14:37:02  iter: 830  progress: 0.2  loss: 2.3308  time: 0.172  data_time: 0.001  forward_time: 0.087  backward_time: 0.017  lr: 0.000100  max_mem: 7782M    
[2026-01-21 04:19:33]   eta: 14:29:30  iter: 840  progress: 0.2  loss: 2.3247  time: 0.116  data_time: 0.001  forward_time: 0.016  backward_time: 0.028  lr: 0.000100  max_mem: 7782M    
[2026-01-21 04:19:46]   eta: 14:26:49  iter: 850  progress: 0.2  loss: 2.3557  time: 0.154  data_time: 0.001  forward_time: 0.016  backward_time: 0.083  lr: 0.000100  max_mem: 7782M    
[2026-01-21 04:19:58]   eta: 14:37:05  iter: 860  progress: 0.2  loss: 2.7296  time: 0.118  data_time: 0.001  forward_time: 0.019  backward_time: 0.028  lr: 0.000100  max_mem: 7782M    
[2026-01-21 04:20:11]   eta: 14:52:29  iter: 870  progress: 0.2  loss: 2.5041  time: 0.160  data_time: 0.001  forward_time: 0.077  backward_time: 0.017  lr: 0.000100  max_mem: 7782M    
[2026-01-21 04:20:23]   eta: 14:45:38  iter: 880  progress: 0.2  loss: 2.0399  time: 0.115  data_time: 0.001  forward_time: 0.014  backward_time: 0.029  lr: 0.000100  max_mem: 7782M    
[2026-01-21 04:20:35]   eta: 14:58:47  iter: 890  progress: 0.2  loss: 2.1656  time: 0.116  data_time: 0.001  forward_time: 0.015  backward_time: 0.074  lr: 0.000100  max_mem: 7782M    
[2026-01-21 04:20:47]   eta: 14:45:06  iter: 900  progress: 0.2  loss: 2.0176  time: 0.115  data_time: 0.001  forward_time: 0.015  backward_time: 0.028  lr: 0.000100  max_mem: 7782M    
[2026-01-21 04:21:00]   eta: 14:46:25  iter: 910  progress: 0.2  loss: 2.1721  time: 0.138  data_time: 0.001  forward_time: 0.015  backward_time: 0.078  lr: 0.000100  max_mem: 7782M    
[2026-01-21 04:21:12]   eta: 14:17:57  iter: 920  progress: 0.2  loss: 2.0828  time: 0.115  data_time: 0.001  forward_time: 0.014  backward_time: 0.029  lr: 0.000100  max_mem: 7782M    
[2026-01-21 04:21:24]   eta: 14:18:10  iter: 930  progress: 0.2  loss: 2.1886  time: 0.119  data_time: 0.002  forward_time: 0.024  backward_time: 0.024  lr: 0.000100  max_mem: 7782M    
[2026-01-21 04:21:37]   eta: 14:10:05  iter: 940  progress: 0.2  loss: 2.3165  time: 0.116  data_time: 0.001  forward_time: 0.017  backward_time: 0.027  lr: 0.000100  max_mem: 7782M    
[2026-01-21 04:21:49]   eta: 14:06:17  iter: 950  progress: 0.2  loss: 1.9284  time: 0.115  data_time: 0.001  forward_time: 0.015  backward_time: 0.028  lr: 0.000100  max_mem: 7782M    
[2026-01-21 04:22:01]   eta: 14:23:29  iter: 960  progress: 0.2  loss: 2.2320  time: 0.116  data_time: 0.001  forward_time: 0.015  backward_time: 0.028  lr: 0.000100  max_mem: 7782M    
[2026-01-21 04:22:14]   eta: 14:50:45  iter: 970  progress: 0.2  loss: 2.6277  time: 0.118  data_time: 0.001  forward_time: 0.013  backward_time: 0.030  lr: 0.000100  max_mem: 7782M    
[2026-01-21 04:22:26]   eta: 14:41:18  iter: 980  progress: 0.2  loss: 2.5649  time: 0.118  data_time: 0.001  forward_time: 0.016  backward_time: 0.028  lr: 0.000100  max_mem: 7782M    
[2026-01-21 04:22:39]   eta: 15:20:34  iter: 990  progress: 0.2  loss: 2.4387  time: 0.116  data_time: 0.001  forward_time: 0.014  backward_time: 0.029  lr: 0.000100  max_mem: 7782M    
[2026-01-21 04:22:51]   eta: 15:34:32  iter: 1000  progress: 0.2  loss: 2.2634  time: 0.116  data_time: 0.001  forward_time: 0.015  backward_time: 0.028  lr: 0.000100  max_mem: 7782M    
[2026-01-21 04:23:03]   eta: 15:48:07  iter: 1010  progress: 0.2  loss: 2.2430  time: 0.116  data_time: 0.001  forward_time: 0.014  backward_time: 0.029  lr: 0.000100  max_mem: 7782M    
[2026-01-21 04:23:16]   eta: 15:46:41  iter: 1020  progress: 0.2  loss: 1.9979  time: 0.116  data_time: 0.001  forward_time: 0.015  backward_time: 0.028  lr: 0.000100  max_mem: 7782M    
[2026-01-21 04:23:29]   eta: 16:16:45  iter: 1030  progress: 0.2  loss: 2.0393  time: 0.118  data_time: 0.001  forward_time: 0.013  backward_time: 0.030  lr: 0.000100  max_mem: 7782M    
[2026-01-21 04:23:41]   eta: 15:54:27  iter: 1040  progress: 0.3  loss: 2.2490  time: 0.153  data_time: 0.001  forward_time: 0.014  backward_time: 0.085  lr: 0.000100  max_mem: 7782M    
[2026-01-21 04:23:53]   eta: 15:46:08  iter: 1050  progress: 0.3  loss: 2.3132  time: 0.150  data_time: 0.001  forward_time: 0.014  backward_time: 0.077  lr: 0.000100  max_mem: 7782M    
[2026-01-21 04:24:05]   eta: 15:11:09  iter: 1060  progress: 0.3  loss: 2.1834  time: 0.115  data_time: 0.001  forward_time: 0.013  backward_time: 0.030  lr: 0.000100  max_mem: 7782M    
[2026-01-21 04:24:17]   eta: 15:01:56  iter: 1070  progress: 0.3  loss: 2.3464  time: 0.116  data_time: 0.002  forward_time: 0.014  backward_time: 0.029  lr: 0.000100  max_mem: 7782M    
[2026-01-21 04:24:30]   eta: 14:35:48  iter: 1080  progress: 0.3  loss: 2.3421  time: 0.116  data_time: 0.001  forward_time: 0.015  backward_time: 0.028  lr: 0.000100  max_mem: 7782M    
[2026-01-21 04:24:42]   eta: 14:29:44  iter: 1090  progress: 0.3  loss: 2.4568  time: 0.185  data_time: 0.001  forward_time: 0.093  backward_time: 0.019  lr: 0.000100  max_mem: 7782M    
[2026-01-21 04:24:54]   eta: 14:24:36  iter: 1100  progress: 0.3  loss: 2.4069  time: 0.117  data_time: 0.001  forward_time: 0.013  backward_time: 0.030  lr: 0.000100  max_mem: 7782M    
[2026-01-21 04:25:06]   eta: 14:16:30  iter: 1110  progress: 0.3  loss: 2.2805  time: 0.115  data_time: 0.001  forward_time: 0.013  backward_time: 0.029  lr: 0.000100  max_mem: 7782M    
[2026-01-21 04:25:19]   eta: 14:25:39  iter: 1120  progress: 0.3  loss: 2.4210  time: 0.116  data_time: 0.001  forward_time: 0.015  backward_time: 0.028  lr: 0.000100  max_mem: 7782M    
[2026-01-21 04:25:31]   eta: 14:46:12  iter: 1130  progress: 0.3  loss: 2.1870  time: 0.175  data_time: 0.001  forward_time: 0.088  backward_time: 0.017  lr: 0.000100  max_mem: 7782M    
[2026-01-21 04:25:43]   eta: 14:36:45  iter: 1140  progress: 0.3  loss: 2.2403  time: 0.115  data_time: 0.001  forward_time: 0.014  backward_time: 0.029  lr: 0.000100  max_mem: 7782M    
[2026-01-21 04:25:55]   eta: 14:24:43  iter: 1150  progress: 0.3  loss: 2.2098  time: 0.116  data_time: 0.001  forward_time: 0.016  backward_time: 0.028  lr: 0.000100  max_mem: 7782M    
[2026-01-21 04:26:07]   eta: 14:33:00  iter: 1160  progress: 0.3  loss: 2.1417  time: 0.115  data_time: 0.001  forward_time: 0.013  backward_time: 0.030  lr: 0.000100  max_mem: 7782M    
[2026-01-21 04:26:19]   eta: 14:22:39  iter: 1170  progress: 0.3  loss: 2.2637  time: 0.117  data_time: 0.001  forward_time: 0.014  backward_time: 0.030  lr: 0.000100  max_mem: 7782M    
[2026-01-21 04:26:32]   eta: 13:51:42  iter: 1180  progress: 0.3  loss: 2.3918  time: 0.115  data_time: 0.001  forward_time: 0.013  backward_time: 0.029  lr: 0.000100  max_mem: 7782M    
[2026-01-21 04:26:44]   eta: 14:00:56  iter: 1190  progress: 0.3  loss: 2.3625  time: 0.115  data_time: 0.001  forward_time: 0.014  backward_time: 0.029  lr: 0.000100  max_mem: 7782M    
[2026-01-21 04:26:56]   eta: 14:18:55  iter: 1200  progress: 0.3  loss: 1.9760  time: 0.117  data_time: 0.001  forward_time: 0.013  backward_time: 0.030  lr: 0.000100  max_mem: 7782M    
[2026-01-21 04:27:08]   eta: 14:18:43  iter: 1210  progress: 0.3  loss: 2.4049  time: 0.118  data_time: 0.001  forward_time: 0.016  backward_time: 0.029  lr: 0.000100  max_mem: 7782M    
[2026-01-21 04:27:20]   eta: 14:46:49  iter: 1220  progress: 0.3  loss: 2.5453  time: 0.115  data_time: 0.001  forward_time: 0.014  backward_time: 0.029  lr: 0.000100  max_mem: 7782M    
[2026-01-21 04:27:32]   eta: 14:49:34  iter: 1230  progress: 0.3  loss: 2.4833  time: 0.118  data_time: 0.001  forward_time: 0.014  backward_time: 0.030  lr: 0.000100  max_mem: 7782M    
[2026-01-21 04:27:45]   eta: 14:44:56  iter: 1240  progress: 0.3  loss: 2.1161  time: 0.118  data_time: 0.001  forward_time: 0.019  backward_time: 0.072  lr: 0.000100  max_mem: 7782M    
[2026-01-21 04:27:57]   eta: 15:00:24  iter: 1250  progress: 0.3  loss: 2.2705  time: 0.116  data_time: 0.001  forward_time: 0.014  backward_time: 0.029  lr: 0.000100  max_mem: 7782M    
[2026-01-21 04:28:09]   eta: 15:18:01  iter: 1260  progress: 0.3  loss: 2.1518  time: 0.185  data_time: 0.001  forward_time: 0.094  backward_time: 0.018  lr: 0.000100  max_mem: 7782M    
[2026-01-21 04:28:21]   eta: 14:52:56  iter: 1270  progress: 0.3  loss: 2.2712  time: 0.116  data_time: 0.001  forward_time: 0.015  backward_time: 0.028  lr: 0.000100  max_mem: 7782M    
[2026-01-21 04:28:34]   eta: 15:08:27  iter: 1280  progress: 0.3  loss: 1.9000  time: 0.115  data_time: 0.001  forward_time: 0.013  backward_time: 0.030  lr: 0.000100  max_mem: 7782M    
[2026-01-21 04:28:46]   eta: 15:20:53  iter: 1290  progress: 0.3  loss: 2.4169  time: 0.168  data_time: 0.001  forward_time: 0.083  backward_time: 0.016  lr: 0.000100  max_mem: 7782M    
[2026-01-21 04:28:59]   eta: 15:01:44  iter: 1300  progress: 0.3  loss: 2.2388  time: 0.118  data_time: 0.001  forward_time: 0.015  backward_time: 0.029  lr: 0.000100  max_mem: 7782M    
[2026-01-21 04:29:11]   eta: 15:15:13  iter: 1310  progress: 0.3  loss: 3.0290  time: 0.116  data_time: 0.001  forward_time: 0.014  backward_time: 0.029  lr: 0.000100  max_mem: 7782M    
[2026-01-21 04:29:23]   eta: 15:20:18  iter: 1320  progress: 0.3  loss: 2.5064  time: 0.149  data_time: 0.001  forward_time: 0.017  backward_time: 0.078  lr: 0.000100  max_mem: 7782M    
[2026-01-21 04:29:36]   eta: 15:08:33  iter: 1330  progress: 0.3  loss: 2.5353  time: 0.115  data_time: 0.001  forward_time: 0.013  backward_time: 0.029  lr: 0.000100  max_mem: 7782M    
[2026-01-21 04:29:48]   eta: 15:03:01  iter: 1340  progress: 0.3  loss: 2.2659  time: 0.117  data_time: 0.002  forward_time: 0.017  backward_time: 0.028  lr: 0.000100  max_mem: 7782M    
[2026-01-21 04:30:01]   eta: 15:13:20  iter: 1350  progress: 0.3  loss: 2.5860  time: 0.118  data_time: 0.001  forward_time: 0.015  backward_time: 0.029  lr: 0.000100  max_mem: 7782M    
[2026-01-21 04:30:13]   eta: 14:51:04  iter: 1360  progress: 0.3  loss: 2.4086  time: 0.116  data_time: 0.001  forward_time: 0.017  backward_time: 0.028  lr: 0.000100  max_mem: 7782M    
[2026-01-21 04:30:26]   eta: 14:44:36  iter: 1370  progress: 0.3  loss: 2.5673  time: 0.118  data_time: 0.001  forward_time: 0.015  backward_time: 0.029  lr: 0.000100  max_mem: 7782M    
[2026-01-21 04:30:38]   eta: 15:05:19  iter: 1380  progress: 0.3  loss: 2.5097  time: 0.115  data_time: 0.001  forward_time: 0.014  backward_time: 0.029  lr: 0.000100  max_mem: 7782M    
[2026-01-21 04:30:51]   eta: 14:45:59  iter: 1390  progress: 0.3  loss: 2.1948  time: 0.115  data_time: 0.001  forward_time: 0.014  backward_time: 0.029  lr: 0.000100  max_mem: 7782M    
[2026-01-21 04:31:03]   eta: 14:50:03  iter: 1400  progress: 0.3  loss: 2.6188  time: 0.116  data_time: 0.001  forward_time: 0.018  backward_time: 0.027  lr: 0.000100  max_mem: 7782M    
[2026-01-21 04:31:15]   eta: 14:54:53  iter: 1410  progress: 0.3  loss: 2.6054  time: 0.144  data_time: 0.001  forward_time: 0.016  backward_time: 0.080  lr: 0.000100  max_mem: 7782M    
[2026-01-21 04:31:28]   eta: 15:06:54  iter: 1420  progress: 0.3  loss: 2.0723  time: 0.193  data_time: 0.001  forward_time: 0.093  backward_time: 0.028  lr: 0.000100  max_mem: 7782M    
[2026-01-21 04:31:40]   eta: 14:47:38  iter: 1430  progress: 0.3  loss: 2.4822  time: 0.117  data_time: 0.001  forward_time: 0.014  backward_time: 0.029  lr: 0.000100  max_mem: 7782M    
[2026-01-21 04:31:52]   eta: 15:02:25  iter: 1440  progress: 0.3  loss: 2.7630  time: 0.115  data_time: 0.001  forward_time: 0.016  backward_time: 0.027  lr: 0.000100  max_mem: 7782M    
[2026-01-21 04:32:04]   eta: 14:34:34  iter: 1450  progress: 0.3  loss: 2.5398  time: 0.116  data_time: 0.001  forward_time: 0.016  backward_time: 0.028  lr: 0.000100  max_mem: 7782M    
[2026-01-21 04:32:17]   eta: 14:42:07  iter: 1460  progress: 0.4  loss: 2.1187  time: 0.118  data_time: 0.001  forward_time: 0.015  backward_time: 0.029  lr: 0.000100  max_mem: 7782M    
[2026-01-21 04:32:30]   eta: 14:31:06  iter: 1470  progress: 0.4  loss: 2.0802  time: 0.115  data_time: 0.001  forward_time: 0.013  backward_time: 0.030  lr: 0.000100  max_mem: 7782M    
[2026-01-21 04:32:42]   eta: 14:28:31  iter: 1480  progress: 0.4  loss: 2.0605  time: 0.118  data_time: 0.002  forward_time: 0.016  backward_time: 0.029  lr: 0.000100  max_mem: 7782M    
[2026-01-21 04:32:55]   eta: 14:52:50  iter: 1490  progress: 0.4  loss: 2.2503  time: 0.118  data_time: 0.001  forward_time: 0.016  backward_time: 0.029  lr: 0.000100  max_mem: 7782M    
[2026-01-21 04:33:07]   eta: 15:01:58  iter: 1500  progress: 0.4  loss: 1.8932  time: 0.117  data_time: 0.001  forward_time: 0.013  backward_time: 0.031  lr: 0.000100  max_mem: 7782M    
[2026-01-21 04:33:19]   eta: 14:58:53  iter: 1510  progress: 0.4  loss: 2.2521  time: 0.118  data_time: 0.001  forward_time: 0.014  backward_time: 0.030  lr: 0.000100  max_mem: 7782M    
[2026-01-21 04:33:32]   eta: 14:46:50  iter: 1520  progress: 0.4  loss: 1.9981  time: 0.116  data_time: 0.002  forward_time: 0.014  backward_time: 0.029  lr: 0.000100  max_mem: 7782M    
[2026-01-21 04:33:44]   eta: 14:54:34  iter: 1530  progress: 0.4  loss: 2.6732  time: 0.117  data_time: 0.002  forward_time: 0.016  backward_time: 0.028  lr: 0.000100  max_mem: 7782M    
[2026-01-21 04:33:56]   eta: 14:31:11  iter: 1540  progress: 0.4  loss: 2.1718  time: 0.197  data_time: 0.007  forward_time: 0.087  backward_time: 0.030  lr: 0.000100  max_mem: 7782M    
[2026-01-21 04:34:09]   eta: 15:13:26  iter: 1550  progress: 0.4  loss: 1.9960  time: 0.115  data_time: 0.001  forward_time: 0.014  backward_time: 0.029  lr: 0.000100  max_mem: 7782M    
[2026-01-21 04:34:21]   eta: 15:03:17  iter: 1560  progress: 0.4  loss: 2.6620  time: 0.189  data_time: 0.001  forward_time: 0.090  backward_time: 0.026  lr: 0.000100  max_mem: 7782M    
[2026-01-21 04:34:34]   eta: 15:27:33  iter: 1570  progress: 0.4  loss: 2.1594  time: 0.118  data_time: 0.001  forward_time: 0.014  backward_time: 0.029  lr: 0.000100  max_mem: 7782M    
[2026-01-21 04:34:46]   eta: 15:44:27  iter: 1580  progress: 0.4  loss: 2.3714  time: 0.166  data_time: 0.002  forward_time: 0.085  backward_time: 0.018  lr: 0.000100  max_mem: 7782M    
[2026-01-21 04:34:59]   eta: 15:58:11  iter: 1590  progress: 0.4  loss: 2.5291  time: 0.116  data_time: 0.002  forward_time: 0.013  backward_time: 0.030  lr: 0.000100  max_mem: 7782M    
[2026-01-21 04:35:11]   eta: 15:04:55  iter: 1600  progress: 0.4  loss: 2.3562  time: 0.116  data_time: 0.002  forward_time: 0.015  backward_time: 0.028  lr: 0.000100  max_mem: 7782M    
[2026-01-21 04:35:24]   eta: 14:59:36  iter: 1610  progress: 0.4  loss: 2.0332  time: 0.115  data_time: 0.001  forward_time: 0.014  backward_time: 0.029  lr: 0.000100  max_mem: 7782M    
[2026-01-21 04:35:37]   eta: 14:59:55  iter: 1620  progress: 0.4  loss: 1.8087  time: 0.120  data_time: 0.002  forward_time: 0.013  backward_time: 0.074  lr: 0.000100  max_mem: 7782M    
[2026-01-21 04:35:49]   eta: 15:07:27  iter: 1630  progress: 0.4  loss: 1.9878  time: 0.116  data_time: 0.001  forward_time: 0.018  backward_time: 0.025  lr: 0.000100  max_mem: 7782M    
[2026-01-21 04:36:01]   eta: 14:37:30  iter: 1640  progress: 0.4  loss: 2.4418  time: 0.115  data_time: 0.001  forward_time: 0.014  backward_time: 0.029  lr: 0.000100  max_mem: 7782M    
[2026-01-21 04:36:14]   eta: 15:04:51  iter: 1650  progress: 0.4  loss: 2.1050  time: 0.172  data_time: 0.006  forward_time: 0.084  backward_time: 0.020  lr: 0.000100  max_mem: 7782M    
[2026-01-21 04:36:26]   eta: 15:20:12  iter: 1660  progress: 0.4  loss: 2.4904  time: 0.166  data_time: 0.001  forward_time: 0.085  backward_time: 0.017  lr: 0.000100  max_mem: 7782M    
[2026-01-21 04:36:39]   eta: 15:18:54  iter: 1670  progress: 0.4  loss: 2.0917  time: 0.116  data_time: 0.002  forward_time: 0.013  backward_time: 0.029  lr: 0.000100  max_mem: 7782M    
[2026-01-21 04:36:51]   eta: 15:02:01  iter: 1680  progress: 0.4  loss: 2.4369  time: 0.115  data_time: 0.001  forward_time: 0.013  backward_time: 0.030  lr: 0.000100  max_mem: 7782M    
[2026-01-21 04:37:04]   eta: 15:32:07  iter: 1690  progress: 0.4  loss: 2.0748  time: 0.198  data_time: 0.083  forward_time: 0.016  backward_time: 0.028  lr: 0.000100  max_mem: 7782M    
[2026-01-21 04:37:16]   eta: 15:11:43  iter: 1700  progress: 0.4  loss: 2.6379  time: 0.171  data_time: 0.001  forward_time: 0.086  backward_time: 0.019  lr: 0.000100  max_mem: 7782M    
[2026-01-21 04:37:28]   eta: 14:56:32  iter: 1710  progress: 0.4  loss: 2.2396  time: 0.118  data_time: 0.001  forward_time: 0.016  backward_time: 0.028  lr: 0.000100  max_mem: 7782M    
[2026-01-21 04:37:41]   eta: 14:45:24  iter: 1720  progress: 0.4  loss: 2.2166  time: 0.116  data_time: 0.001  forward_time: 0.016  backward_time: 0.028  lr: 0.000100  max_mem: 7782M    
[2026-01-21 04:37:53]   eta: 14:49:26  iter: 1730  progress: 0.4  loss: 2.1070  time: 0.118  data_time: 0.001  forward_time: 0.015  backward_time: 0.029  lr: 0.000100  max_mem: 7782M    
[2026-01-21 04:38:06]   eta: 14:38:34  iter: 1740  progress: 0.4  loss: 2.5567  time: 0.115  data_time: 0.001  forward_time: 0.015  backward_time: 0.029  lr: 0.000100  max_mem: 7782M    
[2026-01-21 04:38:19]   eta: 14:49:22  iter: 1750  progress: 0.4  loss: 2.1264  time: 0.116  data_time: 0.001  forward_time: 0.015  backward_time: 0.029  lr: 0.000100  max_mem: 7782M    
[2026-01-21 04:38:31]   eta: 15:29:38  iter: 1760  progress: 0.4  loss: 1.9565  time: 0.200  data_time: 0.004  forward_time: 0.094  backward_time: 0.030  lr: 0.000100  max_mem: 7782M    
[2026-01-21 04:38:44]   eta: 15:39:37  iter: 1770  progress: 0.4  loss: 2.9986  time: 0.168  data_time: 0.001  forward_time: 0.085  backward_time: 0.019  lr: 0.000100  max_mem: 7782M    
[2026-01-21 04:38:56]   eta: 15:58:07  iter: 1780  progress: 0.4  loss: 2.0438  time: 0.118  data_time: 0.001  forward_time: 0.015  backward_time: 0.030  lr: 0.000100  max_mem: 7782M    
[2026-01-21 04:39:09]   eta: 16:18:04  iter: 1790  progress: 0.4  loss: 2.6657  time: 0.116  data_time: 0.002  forward_time: 0.015  backward_time: 0.028  lr: 0.000100  max_mem: 7782M    
[2026-01-21 04:39:22]   eta: 16:14:11  iter: 1800  progress: 0.4  loss: 2.2517  time: 0.115  data_time: 0.001  forward_time: 0.014  backward_time: 0.029  lr: 0.000100  max_mem: 7782M    
[2026-01-21 04:39:35]   eta: 16:18:40  iter: 1810  progress: 0.4  loss: 1.7890  time: 0.116  data_time: 0.001  forward_time: 0.016  backward_time: 0.028  lr: 0.000100  max_mem: 7782M    
[2026-01-21 04:39:47]   eta: 15:56:25  iter: 1820  progress: 0.4  loss: 2.0896  time: 0.116  data_time: 0.001  forward_time: 0.016  backward_time: 0.028  lr: 0.000100  max_mem: 7782M    
[2026-01-21 04:40:00]   eta: 15:55:32  iter: 1830  progress: 0.4  loss: 2.3385  time: 0.116  data_time: 0.002  forward_time: 0.016  backward_time: 0.028  lr: 0.000100  max_mem: 7782M    
[2026-01-21 04:40:12]   eta: 15:36:21  iter: 1840  progress: 0.4  loss: 2.7744  time: 0.173  data_time: 0.001  forward_time: 0.088  backward_time: 0.019  lr: 0.000100  max_mem: 7782M    
[2026-01-21 04:40:25]   eta: 15:53:30  iter: 1850  progress: 0.4  loss: 1.9019  time: 0.167  data_time: 0.001  forward_time: 0.087  backward_time: 0.019  lr: 0.000100  max_mem: 7782M    
[2026-01-21 04:40:37]   eta: 15:13:47  iter: 1860  progress: 0.4  loss: 2.3002  time: 0.118  data_time: 0.001  forward_time: 0.015  backward_time: 0.029  lr: 0.000100  max_mem: 7782M    
[2026-01-21 04:40:50]   eta: 15:15:05  iter: 1870  progress: 0.5  loss: 2.5446  time: 0.116  data_time: 0.001  forward_time: 0.014  backward_time: 0.029  lr: 0.000100  max_mem: 7782M    
[2026-01-21 04:41:02]   eta: 14:55:51  iter: 1880  progress: 0.5  loss: 1.9745  time: 0.118  data_time: 0.001  forward_time: 0.014  backward_time: 0.030  lr: 0.000100  max_mem: 7782M    
[2026-01-21 04:41:14]   eta: 14:47:54  iter: 1890  progress: 0.5  loss: 2.7352  time: 0.119  data_time: 0.004  forward_time: 0.016  backward_time: 0.028  lr: 0.000100  max_mem: 7782M    
[2026-01-21 04:41:26]   eta: 14:31:10  iter: 1900  progress: 0.5  loss: 1.9201  time: 0.116  data_time: 0.001  forward_time: 0.015  backward_time: 0.029  lr: 0.000100  max_mem: 7782M    
[2026-01-21 04:41:39]   eta: 14:51:21  iter: 1910  progress: 0.5  loss: 2.4869  time: 0.118  data_time: 0.001  forward_time: 0.018  backward_time: 0.027  lr: 0.000100  max_mem: 7782M    
[2026-01-21 04:41:51]   eta: 14:51:38  iter: 1920  progress: 0.5  loss: 2.2459  time: 0.116  data_time: 0.001  forward_time: 0.015  backward_time: 0.029  lr: 0.000100  max_mem: 7782M    
[2026-01-21 04:42:04]   eta: 15:09:01  iter: 1930  progress: 0.5  loss: 2.4286  time: 0.145  data_time: 0.001  forward_time: 0.019  backward_time: 0.078  lr: 0.000100  max_mem: 7782M    
[2026-01-21 04:42:16]   eta: 15:01:33  iter: 1940  progress: 0.5  loss: 2.4226  time: 0.115  data_time: 0.001  forward_time: 0.015  backward_time: 0.028  lr: 0.000100  max_mem: 7782M    
[2026-01-21 04:42:28]   eta: 14:47:41  iter: 1950  progress: 0.5  loss: 2.5655  time: 0.118  data_time: 0.001  forward_time: 0.014  backward_time: 0.030  lr: 0.000100  max_mem: 7782M    
[2026-01-21 04:42:40]   eta: 14:38:07  iter: 1960  progress: 0.5  loss: 2.4490  time: 0.116  data_time: 0.001  forward_time: 0.015  backward_time: 0.029  lr: 0.000100  max_mem: 7782M    
[2026-01-21 04:42:52]   eta: 14:54:08  iter: 1970  progress: 0.5  loss: 2.1353  time: 0.162  data_time: 0.001  forward_time: 0.082  backward_time: 0.018  lr: 0.000100  max_mem: 7782M    
[2026-01-21 04:43:04]   eta: 14:24:49  iter: 1980  progress: 0.5  loss: 2.0205  time: 0.118  data_time: 0.001  forward_time: 0.015  backward_time: 0.030  lr: 0.000100  max_mem: 7782M    
[2026-01-21 04:43:17]   eta: 14:21:59  iter: 1990  progress: 0.5  loss: 2.0960  time: 0.116  data_time: 0.001  forward_time: 0.015  backward_time: 0.029  lr: 0.000100  max_mem: 7782M    
[2026-01-21 04:43:29]   eta: 14:37:31  iter: 2000  progress: 0.5  loss: 1.8193  time: 0.178  data_time: 0.001  forward_time: 0.091  backward_time: 0.019  lr: 0.000100  max_mem: 7782M    
[2026-01-21 04:43:41]   eta: 14:17:42  iter: 2010  progress: 0.5  loss: 2.2340  time: 0.167  data_time: 0.001  forward_time: 0.082  backward_time: 0.019  lr: 0.000100  max_mem: 7782M    
[2026-01-21 04:43:54]   eta: 14:21:15  iter: 2020  progress: 0.5  loss: 2.0034  time: 0.118  data_time: 0.001  forward_time: 0.016  backward_time: 0.029  lr: 0.000100  max_mem: 7782M    
[2026-01-21 04:44:06]   eta: 14:34:01  iter: 2030  progress: 0.5  loss: 2.4902  time: 0.115  data_time: 0.001  forward_time: 0.014  backward_time: 0.029  lr: 0.000100  max_mem: 7782M    
[2026-01-21 04:44:19]   eta: 14:46:03  iter: 2040  progress: 0.5  loss: 2.2397  time: 0.118  data_time: 0.001  forward_time: 0.015  backward_time: 0.029  lr: 0.000100  max_mem: 7782M    
[2026-01-21 04:44:31]   eta: 14:30:37  iter: 2050  progress: 0.5  loss: 2.8355  time: 0.118  data_time: 0.001  forward_time: 0.016  backward_time: 0.029  lr: 0.000100  max_mem: 7782M    
[2026-01-21 04:44:43]   eta: 14:35:38  iter: 2060  progress: 0.5  loss: 2.0957  time: 0.119  data_time: 0.001  forward_time: 0.016  backward_time: 0.029  lr: 0.000100  max_mem: 7782M    
[2026-01-21 04:44:55]   eta: 14:10:12  iter: 2070  progress: 0.5  loss: 2.0182  time: 0.116  data_time: 0.001  forward_time: 0.015  backward_time: 0.028  lr: 0.000100  max_mem: 7782M    
[2026-01-21 04:45:07]   eta: 14:13:19  iter: 2080  progress: 0.5  loss: 1.6888  time: 0.116  data_time: 0.001  forward_time: 0.015  backward_time: 0.028  lr: 0.000100  max_mem: 7782M    
[2026-01-21 04:45:19]   eta: 14:32:15  iter: 2090  progress: 0.5  loss: 2.6306  time: 0.186  data_time: 0.002  forward_time: 0.091  backward_time: 0.022  lr: 0.000100  max_mem: 7782M    
[2026-01-21 04:45:32]   eta: 14:33:02  iter: 2100  progress: 0.5  loss: 2.2726  time: 0.116  data_time: 0.001  forward_time: 0.016  backward_time: 0.027  lr: 0.000100  max_mem: 7782M    
[2026-01-21 04:45:44]   eta: 14:40:35  iter: 2110  progress: 0.5  loss: 1.6221  time: 0.139  data_time: 0.001  forward_time: 0.013  backward_time: 0.082  lr: 0.000100  max_mem: 7782M    
[2026-01-21 04:45:56]   eta: 14:37:51  iter: 2120  progress: 0.5  loss: 2.2457  time: 0.116  data_time: 0.001  forward_time: 0.016  backward_time: 0.028  lr: 0.000100  max_mem: 7782M    
[2026-01-21 04:46:09]   eta: 14:31:17  iter: 2130  progress: 0.5  loss: 2.6351  time: 0.116  data_time: 0.001  forward_time: 0.015  backward_time: 0.028  lr: 0.000100  max_mem: 7782M    
[2026-01-21 04:46:21]   eta: 14:37:26  iter: 2140  progress: 0.5  loss: 2.5429  time: 0.116  data_time: 0.001  forward_time: 0.016  backward_time: 0.028  lr: 0.000100  max_mem: 7782M    
[2026-01-21 04:46:34]   eta: 14:42:48  iter: 2150  progress: 0.5  loss: 1.9619  time: 0.116  data_time: 0.001  forward_time: 0.015  backward_time: 0.029  lr: 0.000100  max_mem: 7782M    
[2026-01-21 04:46:46]   eta: 14:48:09  iter: 2160  progress: 0.5  loss: 2.5491  time: 0.172  data_time: 0.001  forward_time: 0.089  backward_time: 0.017  lr: 0.000100  max_mem: 7782M    
[2026-01-21 04:46:59]   eta: 15:41:49  iter: 2170  progress: 0.5  loss: 2.4005  time: 0.183  data_time: 0.001  forward_time: 0.093  backward_time: 0.018  lr: 0.000100  max_mem: 7782M    
[2026-01-21 04:47:12]   eta: 15:52:44  iter: 2180  progress: 0.5  loss: 2.0695  time: 0.117  data_time: 0.002  forward_time: 0.016  backward_time: 0.028  lr: 0.000100  max_mem: 7782M    
[2026-01-21 04:47:24]   eta: 15:51:24  iter: 2190  progress: 0.5  loss: 2.0711  time: 0.126  data_time: 0.001  forward_time: 0.015  backward_time: 0.078  lr: 0.000100  max_mem: 7782M    
[2026-01-21 04:47:36]   eta: 16:11:39  iter: 2200  progress: 0.5  loss: 2.2882  time: 0.170  data_time: 0.001  forward_time: 0.087  backward_time: 0.017  lr: 0.000100  max_mem: 7782M    
[2026-01-21 04:47:48]   eta: 16:02:25  iter: 2210  progress: 0.5  loss: 2.5506  time: 0.117  data_time: 0.001  forward_time: 0.015  backward_time: 0.029  lr: 0.000100  max_mem: 7782M    
[2026-01-21 04:48:00]   eta: 15:10:23  iter: 2220  progress: 0.5  loss: 2.3066  time: 0.117  data_time: 0.001  forward_time: 0.013  backward_time: 0.030  lr: 0.000100  max_mem: 7782M    
[2026-01-21 04:48:12]   eta: 14:39:44  iter: 2230  progress: 0.5  loss: 2.3150  time: 0.117  data_time: 0.001  forward_time: 0.014  backward_time: 0.030  lr: 0.000100  max_mem: 7782M    
[2026-01-21 04:48:24]   eta: 14:11:37  iter: 2240  progress: 0.5  loss: 2.0774  time: 0.116  data_time: 0.001  forward_time: 0.015  backward_time: 0.029  lr: 0.000100  max_mem: 7782M    
[2026-01-21 04:48:37]   eta: 14:00:34  iter: 2250  progress: 0.5  loss: 2.2410  time: 0.118  data_time: 0.001  forward_time: 0.016  backward_time: 0.029  lr: 0.000100  max_mem: 7782M    
[2026-01-21 04:48:49]   eta: 14:04:45  iter: 2260  progress: 0.5  loss: 2.5781  time: 0.167  data_time: 0.001  forward_time: 0.083  backward_time: 0.017  lr: 0.000100  max_mem: 7782M    
[2026-01-21 04:49:01]   eta: 14:26:31  iter: 2270  progress: 0.5  loss: 2.5255  time: 0.188  data_time: 0.001  forward_time: 0.087  backward_time: 0.029  lr: 0.000100  max_mem: 7782M    
[2026-01-21 04:49:13]   eta: 14:34:45  iter: 2280  progress: 0.5  loss: 2.2727  time: 0.180  data_time: 0.002  forward_time: 0.090  backward_time: 0.020  lr: 0.000100  max_mem: 7782M    
[2026-01-21 04:49:25]   eta: 14:31:14  iter: 2290  progress: 0.6  loss: 2.7836  time: 0.115  data_time: 0.001  forward_time: 0.014  backward_time: 0.029  lr: 0.000100  max_mem: 7782M    
[2026-01-21 04:49:38]   eta: 14:15:57  iter: 2300  progress: 0.6  loss: 1.9305  time: 0.116  data_time: 0.002  forward_time: 0.016  backward_time: 0.028  lr: 0.000100  max_mem: 7782M    
[2026-01-21 04:49:50]   eta: 14:11:54  iter: 2310  progress: 0.6  loss: 2.2555  time: 0.173  data_time: 0.002  forward_time: 0.088  backward_time: 0.020  lr: 0.000100  max_mem: 7782M    
[2026-01-21 04:50:02]   eta: 14:24:58  iter: 2320  progress: 0.6  loss: 2.5785  time: 0.118  data_time: 0.001  forward_time: 0.015  backward_time: 0.029  lr: 0.000100  max_mem: 7782M    
[2026-01-21 04:50:15]   eta: 14:32:39  iter: 2330  progress: 0.6  loss: 2.2527  time: 0.115  data_time: 0.001  forward_time: 0.014  backward_time: 0.029  lr: 0.000100  max_mem: 7782M    
[2026-01-21 04:50:27]   eta: 15:07:57  iter: 2340  progress: 0.6  loss: 2.2854  time: 0.118  data_time: 0.001  forward_time: 0.016  backward_time: 0.029  lr: 0.000100  max_mem: 7782M    
[2026-01-21 04:50:40]   eta: 15:55:16  iter: 2350  progress: 0.6  loss: 1.6742  time: 0.116  data_time: 0.002  forward_time: 0.014  backward_time: 0.029  lr: 0.000100  max_mem: 7782M    
[2026-01-21 04:50:52]   eta: 16:10:14  iter: 2360  progress: 0.6  loss: 2.4363  time: 0.116  data_time: 0.002  forward_time: 0.014  backward_time: 0.029  lr: 0.000100  max_mem: 7782M    
[2026-01-21 04:51:04]   eta: 15:43:19  iter: 2370  progress: 0.6  loss: 2.1577  time: 0.116  data_time: 0.001  forward_time: 0.014  backward_time: 0.029  lr: 0.000100  max_mem: 7782M    
[2026-01-21 04:51:17]   eta: 15:47:49  iter: 2380  progress: 0.6  loss: 2.1208  time: 0.116  data_time: 0.002  forward_time: 0.015  backward_time: 0.029  lr: 0.000100  max_mem: 7782M    
[2026-01-21 04:51:30]   eta: 15:21:22  iter: 2390  progress: 0.6  loss: 1.8634  time: 0.116  data_time: 0.002  forward_time: 0.014  backward_time: 0.029  lr: 0.000100  max_mem: 7782M    
[2026-01-21 04:51:42]   eta: 14:34:22  iter: 2400  progress: 0.6  loss: 2.7556  time: 0.115  data_time: 0.001  forward_time: 0.014  backward_time: 0.029  lr: 0.000100  max_mem: 7782M    
[2026-01-21 04:51:55]   eta: 14:26:02  iter: 2410  progress: 0.6  loss: 1.8879  time: 0.116  data_time: 0.002  forward_time: 0.015  backward_time: 0.029  lr: 0.000100  max_mem: 7782M    
[2026-01-21 04:52:08]   eta: 14:37:11  iter: 2420  progress: 0.6  loss: 2.7129  time: 0.191  data_time: 0.002  forward_time: 0.097  backward_time: 0.022  lr: 0.000100  max_mem: 7782M    
[2026-01-21 04:52:20]   eta: 14:25:38  iter: 2430  progress: 0.6  loss: 1.9549  time: 0.116  data_time: 0.002  forward_time: 0.015  backward_time: 0.029  lr: 0.000100  max_mem: 7782M    
[2026-01-21 04:52:33]   eta: 14:36:36  iter: 2440  progress: 0.6  loss: 2.3195  time: 0.186  data_time: 0.001  forward_time: 0.093  backward_time: 0.019  lr: 0.000100  max_mem: 7782M    
[2026-01-21 04:52:45]   eta: 14:45:06  iter: 2450  progress: 0.6  loss: 2.6288  time: 0.117  data_time: 0.001  forward_time: 0.014  backward_time: 0.030  lr: 0.000100  max_mem: 7782M    
[2026-01-21 04:52:58]   eta: 14:28:53  iter: 2460  progress: 0.6  loss: 2.5717  time: 0.118  data_time: 0.001  forward_time: 0.016  backward_time: 0.028  lr: 0.000100  max_mem: 7782M    
[2026-01-21 04:53:10]   eta: 14:25:09  iter: 2470  progress: 0.6  loss: 2.7810  time: 0.118  data_time: 0.002  forward_time: 0.019  backward_time: 0.026  lr: 0.000100  max_mem: 7782M    
[2026-01-21 04:53:22]   eta: 14:53:12  iter: 2480  progress: 0.6  loss: 2.1127  time: 0.177  data_time: 0.001  forward_time: 0.091  backward_time: 0.017  lr: 0.000100  max_mem: 7782M    
[2026-01-21 04:53:35]   eta: 15:06:25  iter: 2490  progress: 0.6  loss: 1.8545  time: 0.154  data_time: 0.001  forward_time: 0.015  backward_time: 0.081  lr: 0.000100  max_mem: 7782M    
[2026-01-21 04:53:48]   eta: 15:35:16  iter: 2500  progress: 0.6  loss: 2.3720  time: 0.118  data_time: 0.002  forward_time: 0.015  backward_time: 0.029  lr: 0.000100  max_mem: 7782M    
[2026-01-21 04:54:01]   eta: 15:46:40  iter: 2510  progress: 0.6  loss: 2.0361  time: 0.118  data_time: 0.002  forward_time: 0.014  backward_time: 0.030  lr: 0.000100  max_mem: 7782M    
[2026-01-21 04:54:13]   eta: 15:56:27  iter: 2520  progress: 0.6  loss: 3.2465  time: 0.178  data_time: 0.001  forward_time: 0.092  backward_time: 0.017  lr: 0.000100  max_mem: 7782M    
[2026-01-21 04:54:25]   eta: 15:41:34  iter: 2530  progress: 0.6  loss: 2.3396  time: 0.196  data_time: 0.001  forward_time: 0.096  backward_time: 0.027  lr: 0.000100  max_mem: 7782M    
[2026-01-21 04:54:38]   eta: 15:34:07  iter: 2540  progress: 0.6  loss: 1.7430  time: 0.118  data_time: 0.001  forward_time: 0.015  backward_time: 0.029  lr: 0.000100  max_mem: 7782M    
[2026-01-21 04:54:50]   eta: 15:11:35  iter: 2550  progress: 0.6  loss: 2.6255  time: 0.116  data_time: 0.002  forward_time: 0.015  backward_time: 0.028  lr: 0.000100  max_mem: 7782M    
[2026-01-21 04:55:03]   eta: 15:31:19  iter: 2560  progress: 0.6  loss: 1.9720  time: 0.149  data_time: 0.001  forward_time: 0.015  backward_time: 0.084  lr: 0.000100  max_mem: 7782M    
[2026-01-21 04:55:15]   eta: 15:14:13  iter: 2570  progress: 0.6  loss: 2.2549  time: 0.116  data_time: 0.001  forward_time: 0.014  backward_time: 0.029  lr: 0.000100  max_mem: 7782M    
[2026-01-21 04:55:27]   eta: 15:21:08  iter: 2580  progress: 0.6  loss: 2.1618  time: 0.115  data_time: 0.001  forward_time: 0.014  backward_time: 0.029  lr: 0.000100  max_mem: 7782M    
[2026-01-21 04:55:39]   eta: 15:08:32  iter: 2590  progress: 0.6  loss: 1.9034  time: 0.116  data_time: 0.001  forward_time: 0.015  backward_time: 0.028  lr: 0.000100  max_mem: 7782M    
[2026-01-21 04:55:52]   eta: 15:27:30  iter: 2600  progress: 0.6  loss: 2.3651  time: 0.180  data_time: 0.001  forward_time: 0.090  backward_time: 0.018  lr: 0.000100  max_mem: 7782M    
[2026-01-21 04:56:04]   eta: 15:03:13  iter: 2610  progress: 0.6  loss: 1.8156  time: 0.115  data_time: 0.001  forward_time: 0.017  backward_time: 0.067  lr: 0.000100  max_mem: 7782M    
[2026-01-21 04:56:16]   eta: 15:16:04  iter: 2620  progress: 0.6  loss: 1.8275  time: 0.118  data_time: 0.001  forward_time: 0.014  backward_time: 0.030  lr: 0.000100  max_mem: 7782M    
[2026-01-21 04:56:29]   eta: 15:04:00  iter: 2630  progress: 0.6  loss: 2.2270  time: 0.115  data_time: 0.001  forward_time: 0.014  backward_time: 0.029  lr: 0.000100  max_mem: 7782M    
[2026-01-21 04:56:41]   eta: 14:44:50  iter: 2640  progress: 0.6  loss: 2.2757  time: 0.115  data_time: 0.001  forward_time: 0.014  backward_time: 0.029  lr: 0.000100  max_mem: 7782M    
[2026-01-21 04:56:54]   eta: 14:27:29  iter: 2650  progress: 0.6  loss: 2.1550  time: 0.168  data_time: 0.001  forward_time: 0.086  backward_time: 0.017  lr: 0.000100  max_mem: 7782M    
[2026-01-21 04:57:07]   eta: 14:33:49  iter: 2660  progress: 0.6  loss: 2.5855  time: 0.116  data_time: 0.002  forward_time: 0.014  backward_time: 0.029  lr: 0.000100  max_mem: 7782M    
[2026-01-21 04:57:19]   eta: 14:11:43  iter: 2670  progress: 0.6  loss: 2.3248  time: 0.118  data_time: 0.001  forward_time: 0.016  backward_time: 0.029  lr: 0.000100  max_mem: 7782M    
[2026-01-21 04:57:32]   eta: 14:12:41  iter: 2680  progress: 0.6  loss: 2.5361  time: 0.118  data_time: 0.001  forward_time: 0.014  backward_time: 0.068  lr: 0.000100  max_mem: 7782M    
[2026-01-21 04:57:44]   eta: 14:47:08  iter: 2690  progress: 0.6  loss: 2.1942  time: 0.168  data_time: 0.001  forward_time: 0.085  backward_time: 0.017  lr: 0.000100  max_mem: 7782M    
[2026-01-21 04:57:56]   eta: 14:54:06  iter: 2700  progress: 0.6  loss: 1.9154  time: 0.115  data_time: 0.001  forward_time: 0.013  backward_time: 0.029  lr: 0.000100  max_mem: 7782M    
[2026-01-21 04:58:09]   eta: 15:10:58  iter: 2710  progress: 0.7  loss: 2.3877  time: 0.118  data_time: 0.001  forward_time: 0.015  backward_time: 0.029  lr: 0.000100  max_mem: 7782M    
[2026-01-21 04:58:22]   eta: 15:42:03  iter: 2720  progress: 0.7  loss: 2.1358  time: 0.197  data_time: 0.001  forward_time: 0.098  backward_time: 0.026  lr: 0.000100  max_mem: 7782M    
[2026-01-21 04:58:34]   eta: 15:38:24  iter: 2730  progress: 0.7  loss: 2.3060  time: 0.116  data_time: 0.001  forward_time: 0.015  backward_time: 0.028  lr: 0.000100  max_mem: 7782M    
[2026-01-21 04:58:46]   eta: 15:04:55  iter: 2740  progress: 0.7  loss: 1.9732  time: 0.116  data_time: 0.002  forward_time: 0.014  backward_time: 0.029  lr: 0.000100  max_mem: 7782M    
[2026-01-21 04:58:59]   eta: 15:15:57  iter: 2750  progress: 0.7  loss: 2.2149  time: 0.154  data_time: 0.001  forward_time: 0.013  backward_time: 0.082  lr: 0.000100  max_mem: 7782M    
[2026-01-21 04:59:11]   eta: 14:59:30  iter: 2760  progress: 0.7  loss: 2.2819  time: 0.118  data_time: 0.001  forward_time: 0.014  backward_time: 0.029  lr: 0.000100  max_mem: 7782M    
[2026-01-21 04:59:24]   eta: 14:44:55  iter: 2770  progress: 0.7  loss: 2.2993  time: 0.118  data_time: 0.001  forward_time: 0.013  backward_time: 0.030  lr: 0.000100  max_mem: 7782M    
[2026-01-21 04:59:36]   eta: 14:58:49  iter: 2780  progress: 0.7  loss: 2.8834  time: 0.116  data_time: 0.001  forward_time: 0.015  backward_time: 0.028  lr: 0.000100  max_mem: 7782M    
[2026-01-21 04:59:49]   eta: 15:27:26  iter: 2790  progress: 0.7  loss: 1.9313  time: 0.118  data_time: 0.001  forward_time: 0.015  backward_time: 0.029  lr: 0.000100  max_mem: 7782M    
[2026-01-21 05:00:02]   eta: 15:12:45  iter: 2800  progress: 0.7  loss: 2.1123  time: 0.168  data_time: 0.001  forward_time: 0.085  backward_time: 0.017  lr: 0.000100  max_mem: 7782M    
[2026-01-21 05:00:14]   eta: 14:55:58  iter: 2810  progress: 0.7  loss: 2.1956  time: 0.115  data_time: 0.001  forward_time: 0.013  backward_time: 0.030  lr: 0.000100  max_mem: 7782M    
[2026-01-21 05:00:27]   eta: 15:05:02  iter: 2820  progress: 0.7  loss: 2.3891  time: 0.118  data_time: 0.001  forward_time: 0.015  backward_time: 0.029  lr: 0.000100  max_mem: 7782M    
[2026-01-21 05:00:39]   eta: 14:57:47  iter: 2830  progress: 0.7  loss: 2.1280  time: 0.116  data_time: 0.001  forward_time: 0.015  backward_time: 0.028  lr: 0.000100  max_mem: 7782M    
[2026-01-21 05:00:51]   eta: 14:29:57  iter: 2840  progress: 0.7  loss: 2.1505  time: 0.115  data_time: 0.001  forward_time: 0.014  backward_time: 0.029  lr: 0.000100  max_mem: 7782M    
[2026-01-21 05:01:03]   eta: 14:19:57  iter: 2850  progress: 0.7  loss: 2.0690  time: 0.115  data_time: 0.001  forward_time: 0.015  backward_time: 0.029  lr: 0.000100  max_mem: 7782M    
[2026-01-21 05:01:15]   eta: 14:24:39  iter: 2860  progress: 0.7  loss: 1.9173  time: 0.116  data_time: 0.001  forward_time: 0.015  backward_time: 0.029  lr: 0.000100  max_mem: 7782M    
[2026-01-21 05:01:27]   eta: 14:13:35  iter: 2870  progress: 0.7  loss: 2.5703  time: 0.115  data_time: 0.001  forward_time: 0.013  backward_time: 0.029  lr: 0.000100  max_mem: 7782M    
[2026-01-21 05:01:39]   eta: 14:09:23  iter: 2880  progress: 0.7  loss: 2.2179  time: 0.118  data_time: 0.001  forward_time: 0.015  backward_time: 0.029  lr: 0.000100  max_mem: 7782M    
[2026-01-21 05:01:52]   eta: 14:18:39  iter: 2890  progress: 0.7  loss: 1.9809  time: 0.115  data_time: 0.001  forward_time: 0.015  backward_time: 0.028  lr: 0.000100  max_mem: 7782M    
[2026-01-21 05:02:04]   eta: 14:14:14  iter: 2900  progress: 0.7  loss: 2.4095  time: 0.118  data_time: 0.001  forward_time: 0.015  backward_time: 0.029  lr: 0.000100  max_mem: 7782M    
[2026-01-21 05:02:16]   eta: 14:29:06  iter: 2910  progress: 0.7  loss: 2.3754  time: 0.115  data_time: 0.001  forward_time: 0.014  backward_time: 0.029  lr: 0.000100  max_mem: 7782M    
[2026-01-21 05:02:28]   eta: 14:36:09  iter: 2920  progress: 0.7  loss: 2.0827  time: 0.118  data_time: 0.001  forward_time: 0.015  backward_time: 0.029  lr: 0.000100  max_mem: 7782M    
[2026-01-21 05:02:41]   eta: 14:21:55  iter: 2930  progress: 0.7  loss: 2.2399  time: 0.117  data_time: 0.001  forward_time: 0.013  backward_time: 0.030  lr: 0.000100  max_mem: 7782M    
[2026-01-21 05:02:52]   eta: 14:22:55  iter: 2940  progress: 0.7  loss: 1.8933  time: 0.198  data_time: 0.001  forward_time: 0.097  backward_time: 0.028  lr: 0.000100  max_mem: 7782M    
[2026-01-21 05:03:05]   eta: 14:41:42  iter: 2950  progress: 0.7  loss: 2.1334  time: 0.197  data_time: 0.006  forward_time: 0.089  backward_time: 0.029  lr: 0.000100  max_mem: 7782M    
[2026-01-21 05:03:17]   eta: 14:33:48  iter: 2960  progress: 0.7  loss: 2.2008  time: 0.118  data_time: 0.001  forward_time: 0.014  backward_time: 0.030  lr: 0.000100  max_mem: 7782M    
[2026-01-21 05:03:29]   eta: 14:30:03  iter: 2970  progress: 0.7  loss: 2.1185  time: 0.115  data_time: 0.001  forward_time: 0.013  backward_time: 0.030  lr: 0.000100  max_mem: 7782M    
[2026-01-21 05:03:41]   eta: 14:38:46  iter: 2980  progress: 0.7  loss: 2.4939  time: 0.152  data_time: 0.001  forward_time: 0.015  backward_time: 0.077  lr: 0.000100  max_mem: 7782M    
[2026-01-21 05:03:53]   eta: 14:27:39  iter: 2990  progress: 0.7  loss: 2.6204  time: 0.115  data_time: 0.001  forward_time: 0.013  backward_time: 0.029  lr: 0.000100  max_mem: 7782M    
[2026-01-21 05:04:05]   eta: 14:14:24  iter: 3000  progress: 0.7  loss: 2.2575  time: 0.118  data_time: 0.001  forward_time: 0.015  backward_time: 0.029  lr: 0.000100  max_mem: 7782M    
[2026-01-21 05:04:17]   eta: 14:25:44  iter: 3010  progress: 0.7  loss: 2.2159  time: 0.115  data_time: 0.001  forward_time: 0.013  backward_time: 0.029  lr: 0.000100  max_mem: 7782M    
[2026-01-21 05:04:30]   eta: 14:22:55  iter: 3020  progress: 0.7  loss: 2.4915  time: 0.164  data_time: 0.001  forward_time: 0.014  backward_time: 0.087  lr: 0.000100  max_mem: 7782M    
[2026-01-21 05:04:41]   eta: 14:13:12  iter: 3030  progress: 0.7  loss: 2.1090  time: 0.118  data_time: 0.001  forward_time: 0.014  backward_time: 0.072  lr: 0.000100  max_mem: 7782M    
[2026-01-21 05:04:54]   eta: 14:46:51  iter: 3040  progress: 0.7  loss: 2.3486  time: 0.117  data_time: 0.001  forward_time: 0.013  backward_time: 0.030  lr: 0.000100  max_mem: 7782M    
[2026-01-21 05:05:06]   eta: 14:44:38  iter: 3050  progress: 0.7  loss: 2.6304  time: 0.115  data_time: 0.001  forward_time: 0.013  backward_time: 0.029  lr: 0.000100  max_mem: 7782M    
[2026-01-21 05:05:18]   eta: 14:47:18  iter: 3060  progress: 0.7  loss: 1.7785  time: 0.157  data_time: 0.001  forward_time: 0.014  backward_time: 0.083  lr: 0.000100  max_mem: 7782M    
[2026-01-21 05:05:30]   eta: 14:52:54  iter: 3070  progress: 0.7  loss: 2.4583  time: 0.116  data_time: 0.001  forward_time: 0.015  backward_time: 0.028  lr: 0.000100  max_mem: 7782M    
[2026-01-21 05:05:42]   eta: 14:50:03  iter: 3080  progress: 0.7  loss: 2.5856  time: 0.115  data_time: 0.001  forward_time: 0.014  backward_time: 0.029  lr: 0.000100  max_mem: 7782M    
[2026-01-21 05:05:54]   eta: 14:41:22  iter: 3090  progress: 0.7  loss: 2.3179  time: 0.115  data_time: 0.001  forward_time: 0.014  backward_time: 0.029  lr: 0.000100  max_mem: 7782M    
[2026-01-21 05:06:07]   eta: 14:40:39  iter: 3100  progress: 0.7  loss: 1.9645  time: 0.185  data_time: 0.001  forward_time: 0.094  backward_time: 0.018  lr: 0.000100  max_mem: 7782M    
[2026-01-21 05:06:19]   eta: 14:32:35  iter: 3110  progress: 0.7  loss: 2.2440  time: 0.116  data_time: 0.001  forward_time: 0.015  backward_time: 0.028  lr: 0.000100  max_mem: 7782M    
[2026-01-21 05:06:31]   eta: 14:29:38  iter: 3120  progress: 0.8  loss: 2.1280  time: 0.116  data_time: 0.001  forward_time: 0.014  backward_time: 0.029  lr: 0.000100  max_mem: 7782M    
[2026-01-21 05:06:43]   eta: 14:42:03  iter: 3130  progress: 0.8  loss: 2.2730  time: 0.115  data_time: 0.001  forward_time: 0.015  backward_time: 0.028  lr: 0.000100  max_mem: 7782M    
[2026-01-21 05:06:55]   eta: 14:17:12  iter: 3140  progress: 0.8  loss: 2.1630  time: 0.116  data_time: 0.001  forward_time: 0.015  backward_time: 0.028  lr: 0.000100  max_mem: 7782M    
[2026-01-21 05:07:08]   eta: 14:07:40  iter: 3150  progress: 0.8  loss: 2.2800  time: 0.115  data_time: 0.001  forward_time: 0.014  backward_time: 0.029  lr: 0.000100  max_mem: 7782M    
[2026-01-21 05:07:20]   eta: 14:28:33  iter: 3160  progress: 0.8  loss: 2.1973  time: 0.172  data_time: 0.001  forward_time: 0.086  backward_time: 0.019  lr: 0.000100  max_mem: 7782M    
[2026-01-21 05:07:32]   eta: 14:18:57  iter: 3170  progress: 0.8  loss: 2.4200  time: 0.115  data_time: 0.001  forward_time: 0.014  backward_time: 0.029  lr: 0.000100  max_mem: 7782M    
[2026-01-21 05:07:45]   eta: 14:14:56  iter: 3180  progress: 0.8  loss: 2.1897  time: 0.116  data_time: 0.001  forward_time: 0.016  backward_time: 0.028  lr: 0.000100  max_mem: 7782M    
[2026-01-21 05:07:57]   eta: 14:31:51  iter: 3190  progress: 0.8  loss: 2.2451  time: 0.118  data_time: 0.001  forward_time: 0.015  backward_time: 0.029  lr: 0.000100  max_mem: 7782M    
[2026-01-21 05:08:09]   eta: 14:31:34  iter: 3200  progress: 0.8  loss: 2.2868  time: 0.116  data_time: 0.001  forward_time: 0.015  backward_time: 0.028  lr: 0.000100  max_mem: 7782M    
[2026-01-21 05:08:21]   eta: 14:04:14  iter: 3210  progress: 0.8  loss: 2.2142  time: 0.150  data_time: 0.001  forward_time: 0.015  backward_time: 0.080  lr: 0.000100  max_mem: 7782M    
[2026-01-21 05:08:34]   eta: 14:31:21  iter: 3220  progress: 0.8  loss: 1.9749  time: 0.121  data_time: 0.001  forward_time: 0.019  backward_time: 0.070  lr: 0.000100  max_mem: 7782M    
[2026-01-21 05:08:46]   eta: 14:48:49  iter: 3230  progress: 0.8  loss: 1.9245  time: 0.187  data_time: 0.001  forward_time: 0.094  backward_time: 0.019  lr: 0.000100  max_mem: 7782M    
[2026-01-21 05:08:59]   eta: 15:00:34  iter: 3240  progress: 0.8  loss: 2.3489  time: 0.164  data_time: 0.001  forward_time: 0.085  backward_time: 0.017  lr: 0.000100  max_mem: 7782M    
[2026-01-21 05:09:11]   eta: 15:11:23  iter: 3250  progress: 0.8  loss: 2.5305  time: 0.118  data_time: 0.001  forward_time: 0.015  backward_time: 0.029  lr: 0.000100  max_mem: 7782M    
[2026-01-21 05:09:23]   eta: 15:20:00  iter: 3260  progress: 0.8  loss: 2.0540  time: 0.188  data_time: 0.001  forward_time: 0.095  backward_time: 0.019  lr: 0.000100  max_mem: 7782M    
[2026-01-21 05:09:35]   eta: 14:53:20  iter: 3270  progress: 0.8  loss: 1.8178  time: 0.116  data_time: 0.001  forward_time: 0.015  backward_time: 0.028  lr: 0.000100  max_mem: 7782M    
[2026-01-21 05:09:47]   eta: 14:49:55  iter: 3280  progress: 0.8  loss: 2.6187  time: 0.181  data_time: 0.001  forward_time: 0.088  backward_time: 0.018  lr: 0.000100  max_mem: 7782M    
[2026-01-21 05:10:00]   eta: 14:37:20  iter: 3290  progress: 0.8  loss: 2.0532  time: 0.115  data_time: 0.001  forward_time: 0.014  backward_time: 0.029  lr: 0.000100  max_mem: 7782M    
[2026-01-21 05:10:12]   eta: 14:45:56  iter: 3300  progress: 0.8  loss: 2.2689  time: 0.116  data_time: 0.001  forward_time: 0.015  backward_time: 0.028  lr: 0.000100  max_mem: 7782M    
[2026-01-21 05:10:24]   eta: 14:40:56  iter: 3310  progress: 0.8  loss: 2.0369  time: 0.177  data_time: 0.001  forward_time: 0.082  backward_time: 0.023  lr: 0.000100  max_mem: 7782M    
[2026-01-21 05:10:37]   eta: 14:57:46  iter: 3320  progress: 0.8  loss: 1.7423  time: 0.170  data_time: 0.001  forward_time: 0.087  backward_time: 0.017  lr: 0.000100  max_mem: 7782M    
[2026-01-21 05:10:50]   eta: 15:01:58  iter: 3330  progress: 0.8  loss: 1.7516  time: 0.116  data_time: 0.001  forward_time: 0.016  backward_time: 0.028  lr: 0.000100  max_mem: 7782M    
[2026-01-21 05:11:02]   eta: 14:52:08  iter: 3340  progress: 0.8  loss: 2.2691  time: 0.118  data_time: 0.001  forward_time: 0.014  backward_time: 0.030  lr: 0.000100  max_mem: 7782M    
[2026-01-21 05:11:14]   eta: 15:19:23  iter: 3350  progress: 0.8  loss: 2.1082  time: 0.115  data_time: 0.001  forward_time: 0.014  backward_time: 0.029  lr: 0.000100  max_mem: 7782M    
[2026-01-21 05:11:26]   eta: 15:00:37  iter: 3360  progress: 0.8  loss: 2.0193  time: 0.116  data_time: 0.002  forward_time: 0.022  backward_time: 0.022  lr: 0.000100  max_mem: 7782M    
[2026-01-21 05:11:38]   eta: 14:34:31  iter: 3370  progress: 0.8  loss: 2.3407  time: 0.119  data_time: 0.001  forward_time: 0.017  backward_time: 0.029  lr: 0.000100  max_mem: 7782M    
[2026-01-21 05:11:50]   eta: 14:25:26  iter: 3380  progress: 0.8  loss: 2.2153  time: 0.115  data_time: 0.001  forward_time: 0.014  backward_time: 0.029  lr: 0.000100  max_mem: 7782M    
[2026-01-21 05:12:03]   eta: 14:54:23  iter: 3390  progress: 0.8  loss: 2.1013  time: 0.115  data_time: 0.001  forward_time: 0.014  backward_time: 0.029  lr: 0.000100  max_mem: 7782M    
[2026-01-21 05:12:15]   eta: 14:35:06  iter: 3400  progress: 0.8  loss: 2.0470  time: 0.115  data_time: 0.001  forward_time: 0.014  backward_time: 0.029  lr: 0.000100  max_mem: 7782M    
[2026-01-21 05:12:27]   eta: 14:45:23  iter: 3410  progress: 0.8  loss: 2.1024  time: 0.190  data_time: 0.075  forward_time: 0.015  backward_time: 0.028  lr: 0.000100  max_mem: 7782M    
[2026-01-21 05:12:39]   eta: 14:53:25  iter: 3420  progress: 0.8  loss: 2.2235  time: 0.115  data_time: 0.001  forward_time: 0.014  backward_time: 0.029  lr: 0.000100  max_mem: 7782M    
[2026-01-21 05:12:51]   eta: 15:01:20  iter: 3430  progress: 0.8  loss: 2.3289  time: 0.115  data_time: 0.001  forward_time: 0.015  backward_time: 0.028  lr: 0.000100  max_mem: 7782M    
[2026-01-21 05:13:03]   eta: 14:51:39  iter: 3440  progress: 0.8  loss: 2.1259  time: 0.136  data_time: 0.001  forward_time: 0.014  backward_time: 0.079  lr: 0.000100  max_mem: 7782M    
[2026-01-21 05:13:16]   eta: 14:57:59  iter: 3450  progress: 0.8  loss: 2.0693  time: 0.186  data_time: 0.001  forward_time: 0.093  backward_time: 0.019  lr: 0.000100  max_mem: 7782M    
[2026-01-21 05:13:28]   eta: 15:06:00  iter: 3460  progress: 0.8  loss: 2.8330  time: 0.115  data_time: 0.001  forward_time: 0.015  backward_time: 0.028  lr: 0.000100  max_mem: 7782M    
[2026-01-21 05:13:41]   eta: 15:13:49  iter: 3470  progress: 0.8  loss: 1.9177  time: 0.115  data_time: 0.001  forward_time: 0.014  backward_time: 0.029  lr: 0.000100  max_mem: 7782M    
[2026-01-21 05:13:53]   eta: 15:05:11  iter: 3480  progress: 0.8  loss: 1.9740  time: 0.118  data_time: 0.001  forward_time: 0.014  backward_time: 0.029  lr: 0.000100  max_mem: 7782M    
[2026-01-21 05:14:05]   eta: 15:17:20  iter: 3490  progress: 0.8  loss: 2.1067  time: 0.153  data_time: 0.001  forward_time: 0.016  backward_time: 0.082  lr: 0.000100  max_mem: 7782M    
[2026-01-21 05:14:17]   eta: 14:43:59  iter: 3500  progress: 0.8  loss: 1.8017  time: 0.115  data_time: 0.001  forward_time: 0.013  backward_time: 0.029  lr: 0.000100  max_mem: 7782M    
[2026-01-21 05:14:29]   eta: 14:55:18  iter: 3510  progress: 0.8  loss: 2.1594  time: 0.115  data_time: 0.001  forward_time: 0.013  backward_time: 0.029  lr: 0.000100  max_mem: 7782M    
[2026-01-21 05:14:41]   eta: 14:47:44  iter: 3520  progress: 0.8  loss: 2.6126  time: 0.118  data_time: 0.001  forward_time: 0.014  backward_time: 0.030  lr: 0.000100  max_mem: 7782M    
[2026-01-21 05:14:53]   eta: 15:08:53  iter: 3530  progress: 0.8  loss: 2.3435  time: 0.188  data_time: 0.001  forward_time: 0.096  backward_time: 0.019  lr: 0.000100  max_mem: 7782M    
[2026-01-21 05:15:06]   eta: 14:49:47  iter: 3540  progress: 0.9  loss: 2.7015  time: 0.116  data_time: 0.001  forward_time: 0.015  backward_time: 0.029  lr: 0.000100  max_mem: 7782M    
[2026-01-21 05:15:18]   eta: 15:00:03  iter: 3550  progress: 0.9  loss: 1.9908  time: 0.166  data_time: 0.001  forward_time: 0.081  backward_time: 0.018  lr: 0.000100  max_mem: 7782M    
[2026-01-21 05:15:30]   eta: 15:02:19  iter: 3560  progress: 0.9  loss: 2.4592  time: 0.118  data_time: 0.001  forward_time: 0.015  backward_time: 0.029  lr: 0.000100  max_mem: 7782M    
[2026-01-21 05:15:42]   eta: 15:10:04  iter: 3570  progress: 0.9  loss: 2.2584  time: 0.115  data_time: 0.001  forward_time: 0.014  backward_time: 0.032  lr: 0.000100  max_mem: 7782M    
[2026-01-21 05:15:54]   eta: 14:54:05  iter: 3580  progress: 0.9  loss: 2.6594  time: 0.163  data_time: 0.001  forward_time: 0.083  backward_time: 0.016  lr: 0.000100  max_mem: 7782M    
[2026-01-21 05:16:07]   eta: 14:54:29  iter: 3590  progress: 0.9  loss: 2.2774  time: 0.115  data_time: 0.001  forward_time: 0.014  backward_time: 0.029  lr: 0.000100  max_mem: 7782M    
[2026-01-21 05:16:19]   eta: 14:56:56  iter: 3600  progress: 0.9  loss: 2.2420  time: 0.115  data_time: 0.001  forward_time: 0.014  backward_time: 0.029  lr: 0.000100  max_mem: 7782M    
[2026-01-21 05:16:31]   eta: 14:33:52  iter: 3610  progress: 0.9  loss: 2.3086  time: 0.115  data_time: 0.001  forward_time: 0.014  backward_time: 0.032  lr: 0.000100  max_mem: 7782M    
[2026-01-21 05:16:43]   eta: 14:17:11  iter: 3620  progress: 0.9  loss: 2.3522  time: 0.116  data_time: 0.001  forward_time: 0.015  backward_time: 0.073  lr: 0.000100  max_mem: 7782M    
[2026-01-21 05:16:55]   eta: 14:20:17  iter: 3630  progress: 0.9  loss: 2.3932  time: 0.183  data_time: 0.001  forward_time: 0.092  backward_time: 0.018  lr: 0.000100  max_mem: 7782M    
[2026-01-21 05:17:07]   eta: 14:06:38  iter: 3640  progress: 0.9  loss: 2.3144  time: 0.115  data_time: 0.001  forward_time: 0.013  backward_time: 0.029  lr: 0.000100  max_mem: 7782M    
[2026-01-21 05:17:19]   eta: 14:03:55  iter: 3650  progress: 0.9  loss: 2.3522  time: 0.115  data_time: 0.001  forward_time: 0.014  backward_time: 0.029  lr: 0.000100  max_mem: 7782M    
[2026-01-21 05:17:31]   eta: 14:07:36  iter: 3660  progress: 0.9  loss: 2.0665  time: 0.157  data_time: 0.001  forward_time: 0.019  backward_time: 0.080  lr: 0.000100  max_mem: 7782M    
[2026-01-21 05:17:43]   eta: 14:43:41  iter: 3670  progress: 0.9  loss: 2.2797  time: 0.115  data_time: 0.001  forward_time: 0.014  backward_time: 0.029  lr: 0.000100  max_mem: 7782M    
[2026-01-21 05:17:56]   eta: 14:45:08  iter: 3680  progress: 0.9  loss: 2.0696  time: 0.200  data_time: 0.004  forward_time: 0.093  backward_time: 0.030  lr: 0.000100  max_mem: 7782M    
[2026-01-21 05:18:08]   eta: 14:38:43  iter: 3690  progress: 0.9  loss: 2.6955  time: 0.115  data_time: 0.001  forward_time: 0.015  backward_time: 0.028  lr: 0.000100  max_mem: 7782M    
[2026-01-21 05:18:20]   eta: 14:38:39  iter: 3700  progress: 0.9  loss: 2.4569  time: 0.115  data_time: 0.001  forward_time: 0.014  backward_time: 0.029  lr: 0.000100  max_mem: 7782M    
[2026-01-21 05:18:32]   eta: 14:42:47  iter: 3710  progress: 0.9  loss: 2.0413  time: 0.115  data_time: 0.001  forward_time: 0.013  backward_time: 0.029  lr: 0.000100  max_mem: 7782M    
[2026-01-21 05:18:44]   eta: 14:08:28  iter: 3720  progress: 0.9  loss: 2.5534  time: 0.115  data_time: 0.001  forward_time: 0.015  backward_time: 0.028  lr: 0.000100  max_mem: 7782M    
[2026-01-21 05:18:56]   eta: 13:43:09  iter: 3730  progress: 0.9  loss: 2.0901  time: 0.116  data_time: 0.001  forward_time: 0.014  backward_time: 0.029  lr: 0.000100  max_mem: 7782M    
[2026-01-21 05:19:08]   eta: 13:53:04  iter: 3740  progress: 0.9  loss: 2.3318  time: 0.115  data_time: 0.001  forward_time: 0.015  backward_time: 0.028  lr: 0.000100  max_mem: 7782M    
[2026-01-21 05:19:20]   eta: 14:08:37  iter: 3750  progress: 0.9  loss: 2.4763  time: 0.173  data_time: 0.001  forward_time: 0.087  backward_time: 0.016  lr: 0.000100  max_mem: 7782M    
[2026-01-21 05:19:33]   eta: 14:02:04  iter: 3760  progress: 0.9  loss: 2.4330  time: 0.115  data_time: 0.001  forward_time: 0.014  backward_time: 0.029  lr: 0.000100  max_mem: 7782M    
[2026-01-21 05:19:45]   eta: 14:10:15  iter: 3770  progress: 0.9  loss: 2.1914  time: 0.115  data_time: 0.001  forward_time: 0.014  backward_time: 0.029  lr: 0.000100  max_mem: 7782M    
[2026-01-21 05:19:57]   eta: 14:09:00  iter: 3780  progress: 0.9  loss: 2.1864  time: 0.115  data_time: 0.001  forward_time: 0.013  backward_time: 0.029  lr: 0.000100  max_mem: 7782M    
[2026-01-21 05:20:09]   eta: 14:12:21  iter: 3790  progress: 0.9  loss: 1.9536  time: 0.118  data_time: 0.002  forward_time: 0.017  backward_time: 0.028  lr: 0.000100  max_mem: 7782M    
[2026-01-21 05:20:21]   eta: 14:19:49  iter: 3800  progress: 0.9  loss: 1.8099  time: 0.115  data_time: 0.001  forward_time: 0.013  backward_time: 0.029  lr: 0.000100  max_mem: 7782M    
[2026-01-21 05:20:33]   eta: 14:25:46  iter: 3810  progress: 0.9  loss: 1.9710  time: 0.116  data_time: 0.002  forward_time: 0.015  backward_time: 0.028  lr: 0.000100  max_mem: 7782M    
[2026-01-21 05:20:46]   eta: 14:31:50  iter: 3820  progress: 0.9  loss: 2.0429  time: 0.162  data_time: 0.001  forward_time: 0.079  backward_time: 0.016  lr: 0.000100  max_mem: 7782M    
[2026-01-21 05:20:58]   eta: 14:59:39  iter: 3830  progress: 0.9  loss: 1.7580  time: 0.199  data_time: 0.001  forward_time: 0.100  backward_time: 0.027  lr: 0.000100  max_mem: 7782M    
[2026-01-21 05:21:10]   eta: 15:23:24  iter: 3840  progress: 0.9  loss: 2.1029  time: 0.116  data_time: 0.001  forward_time: 0.015  backward_time: 0.028  lr: 0.000100  max_mem: 7782M    
[2026-01-21 05:21:22]   eta: 14:57:31  iter: 3850  progress: 0.9  loss: 1.7806  time: 0.116  data_time: 0.001  forward_time: 0.015  backward_time: 0.028  lr: 0.000100  max_mem: 7782M    
[2026-01-21 05:21:35]   eta: 15:15:41  iter: 3860  progress: 0.9  loss: 2.3504  time: 0.115  data_time: 0.001  forward_time: 0.014  backward_time: 0.029  lr: 0.000100  max_mem: 7782M    
[2026-01-21 05:21:47]   eta: 15:00:07  iter: 3870  progress: 0.9  loss: 2.1779  time: 0.116  data_time: 0.001  forward_time: 0.015  backward_time: 0.028  lr: 0.000100  max_mem: 7782M    
[2026-01-21 05:21:59]   eta: 15:00:57  iter: 3880  progress: 0.9  loss: 2.2207  time: 0.116  data_time: 0.001  forward_time: 0.015  backward_time: 0.029  lr: 0.000100  max_mem: 7782M    
[2026-01-21 05:22:12]   eta: 14:40:14  iter: 3890  progress: 0.9  loss: 2.3596  time: 0.115  data_time: 0.001  forward_time: 0.014  backward_time: 0.029  lr: 0.000100  max_mem: 7782M    
[2026-01-21 05:22:24]   eta: 14:36:34  iter: 3900  progress: 0.9  loss: 2.4923  time: 0.116  data_time: 0.001  forward_time: 0.016  backward_time: 0.028  lr: 0.000100  max_mem: 7782M    
[2026-01-21 05:22:36]   eta: 14:16:22  iter: 3910  progress: 0.9  loss: 2.0997  time: 0.115  data_time: 0.001  forward_time: 0.015  backward_time: 0.028  lr: 0.000100  max_mem: 7782M    
[2026-01-21 05:22:48]   eta: 14:32:04  iter: 3920  progress: 0.9  loss: 2.6623  time: 0.116  data_time: 0.001  forward_time: 0.016  backward_time: 0.028  lr: 0.000100  max_mem: 7782M    
[2026-01-21 05:23:00]   eta: 14:02:59  iter: 3930  progress: 0.9  loss: 1.6483  time: 0.115  data_time: 0.001  forward_time: 0.014  backward_time: 0.029  lr: 0.000100  max_mem: 7782M    
[2026-01-21 05:23:12]   eta: 13:56:38  iter: 3940  progress: 0.9  loss: 2.6455  time: 0.116  data_time: 0.001  forward_time: 0.015  backward_time: 0.028  lr: 0.000100  max_mem: 7782M    
[2026-01-21 05:23:24]   eta: 14:09:32  iter: 3950  progress: 1.0  loss: 2.2868  time: 0.118  data_time: 0.001  forward_time: 0.014  backward_time: 0.030  lr: 0.000100  max_mem: 7782M    
[2026-01-21 05:23:38]   eta: 14:38:47  iter: 3960  progress: 1.0  loss: 1.9081  time: 0.198  data_time: 0.082  forward_time: 0.028  backward_time: 0.020  lr: 0.000100  max_mem: 7782M    
[2026-01-21 05:23:51]   eta: 14:41:38  iter: 3970  progress: 1.0  loss: 1.7889  time: 0.169  data_time: 0.001  forward_time: 0.088  backward_time: 0.017  lr: 0.000100  max_mem: 7782M    
[2026-01-21 05:24:04]   eta: 15:15:09  iter: 3980  progress: 1.0  loss: 2.3601  time: 0.192  data_time: 0.001  forward_time: 0.094  backward_time: 0.026  lr: 0.000100  max_mem: 7782M    
[2026-01-21 05:24:17]   eta: 15:36:36  iter: 3990  progress: 1.0  loss: 2.0840  time: 0.118  data_time: 0.001  forward_time: 0.015  backward_time: 0.029  lr: 0.000100  max_mem: 7782M    
[2026-01-21 05:24:30]   eta: 15:49:16  iter: 4000  progress: 1.0  loss: 2.4601  time: 0.199  data_time: 0.002  forward_time: 0.100  backward_time: 0.026  lr: 0.000100  max_mem: 7782M    
[2026-01-21 05:24:43]   eta: 15:38:59  iter: 4010  progress: 1.0  loss: 2.0516  time: 0.185  data_time: 0.001  forward_time: 0.095  backward_time: 0.018  lr: 0.000100  max_mem: 7782M    
[2026-01-21 05:24:56]   eta: 15:46:21  iter: 4020  progress: 1.0  loss: 2.4896  time: 0.118  data_time: 0.002  forward_time: 0.017  backward_time: 0.028  lr: 0.000100  max_mem: 7782M    
[2026-01-21 05:25:09]   eta: 15:41:36  iter: 4030  progress: 1.0  loss: 2.0362  time: 0.170  data_time: 0.002  forward_time: 0.088  backward_time: 0.019  lr: 0.000100  max_mem: 7782M    
[2026-01-21 05:25:22]   eta: 15:37:36  iter: 4040  progress: 1.0  loss: 2.3159  time: 0.118  data_time: 0.001  forward_time: 0.015  backward_time: 0.029  lr: 0.000100  max_mem: 7782M    
[2026-01-21 05:25:35]   eta: 15:55:41  iter: 4050  progress: 1.0  loss: 2.3597  time: 0.175  data_time: 0.001  forward_time: 0.090  backward_time: 0.017  lr: 0.000100  max_mem: 7782M    
[2026-01-21 05:25:48]   eta: 16:00:27  iter: 4060  progress: 1.0  loss: 1.9864  time: 0.116  data_time: 0.001  forward_time: 0.015  backward_time: 0.028  lr: 0.000100  max_mem: 7782M    
[2026-01-21 05:26:01]   eta: 16:09:12  iter: 4070  progress: 1.0  loss: 2.1676  time: 0.197  data_time: 0.001  forward_time: 0.097  backward_time: 0.028  lr: 0.000100  max_mem: 7782M    
[2026-01-21 05:26:14]   eta: 16:24:27  iter: 4080  progress: 1.0  loss: 2.2760  time: 0.126  data_time: 0.001  forward_time: 0.015  backward_time: 0.076  lr: 0.000100  max_mem: 7782M    
[2026-01-21 05:26:27]   eta: 16:27:30  iter: 4090  progress: 1.0  loss: 2.4986  time: 0.115  data_time: 0.001  forward_time: 0.014  backward_time: 0.029  lr: 0.000100  max_mem: 7782M    
[2026-01-21 05:26:40]   eta: 16:13:07  iter: 4100  progress: 1.0  loss: 1.9135  time: 0.190  data_time: 0.001  forward_time: 0.095  backward_time: 0.023  lr: 0.000100  max_mem: 7782M    
[2026-01-21 05:26:53]   eta: 16:21:43  iter: 4110  progress: 1.0  loss: 2.5550  time: 0.116  data_time: 0.002  forward_time: 0.014  backward_time: 0.029  lr: 0.000100  max_mem: 7782M    
[2026-01-21 05:27:07]   eta: 16:22:08  iter: 4120  progress: 1.0  loss: 2.7358  time: 0.116  data_time: 0.002  forward_time: 0.014  backward_time: 0.029  lr: 0.000100  max_mem: 7782M    
[2026-01-21 05:27:20]   eta: 16:04:10  iter: 4130  progress: 1.0  loss: 2.1408  time: 0.118  data_time: 0.001  forward_time: 0.014  backward_time: 0.030  lr: 0.000100  max_mem: 7782M    
[2026-01-21 05:27:33]   eta: 16:14:35  iter: 4140  progress: 1.0  loss: 2.7890  time: 0.157  data_time: 0.002  forward_time: 0.014  backward_time: 0.081  lr: 0.000100  max_mem: 7782M    
[2026-01-21 05:27:46]   eta: 16:21:04  iter: 4150  progress: 1.0  loss: 2.5000  time: 0.118  data_time: 0.002  forward_time: 0.018  backward_time: 0.028  lr: 0.000100  max_mem: 7782M    
[2026-01-21 05:27:52]   eta: 16:01:59  iter: 4155  progress: 1.0  loss: 1.9950  time: 0.178  data_time: 0.001  forward_time: 0.111  backward_time: 0.040  lr: 0.000100  max_mem: 7782M    
[2026-01-21 05:27:52]   Validating epoch[1/100]...    
[2026-01-21 05:38:53]   [epoch 1] train_loss: 2.360 val_accuracy: 0.3630 precision: 0.2464 recall: 0.3630 specificity: 0.9686 f1_score: 0.2722 auc: 0.7395 overall_accuracy: 0.3630    
[2026-01-21 05:38:53]   
Saving checkpoint...    
[2026-01-21 05:39:07]   eta: 16:00:44  iter: 4165  progress: 1.0  loss: 2.0240  time: 0.169  data_time: 0.001  forward_time: 0.086  backward_time: 0.017  lr: 0.000100  max_mem: 7782M    
[2026-01-21 05:39:21]   eta: 16:09:59  iter: 4175  progress: 1.0  loss: 2.3756  time: 0.117  data_time: 0.002  forward_time: 0.019  backward_time: 0.027  lr: 0.000100  max_mem: 7782M    
[2026-01-21 05:39:34]   eta: 15:52:36  iter: 4185  progress: 1.0  loss: 2.4952  time: 0.118  data_time: 0.002  forward_time: 0.014  backward_time: 0.030  lr: 0.000100  max_mem: 7782M    
[2026-01-21 05:39:48]   eta: 15:41:27  iter: 4195  progress: 1.0  loss: 2.2070  time: 0.191  data_time: 0.002  forward_time: 0.093  backward_time: 0.024  lr: 0.000100  max_mem: 7782M    
[2026-01-21 05:40:01]   eta: 16:03:13  iter: 4205  progress: 1.0  loss: 1.9902  time: 0.184  data_time: 0.002  forward_time: 0.094  backward_time: 0.020  lr: 0.000100  max_mem: 7782M    
[2026-01-21 05:40:14]   eta: 16:05:30  iter: 4215  progress: 1.0  loss: 2.1963  time: 0.118  data_time: 0.001  forward_time: 0.014  backward_time: 0.030  lr: 0.000100  max_mem: 7782M    
[2026-01-21 05:40:28]   eta: 16:06:44  iter: 4225  progress: 1.0  loss: 1.9512  time: 0.199  data_time: 0.085  forward_time: 0.014  backward_time: 0.029  lr: 0.000100  max_mem: 7782M    
[2026-01-21 05:40:41]   eta: 16:12:24  iter: 4235  progress: 1.0  loss: 1.9420  time: 0.116  data_time: 0.002  forward_time: 0.015  backward_time: 0.028  lr: 0.000100  max_mem: 7782M    
[2026-01-21 05:40:55]   eta: 15:57:12  iter: 4245  progress: 1.0  loss: 1.8707  time: 0.116  data_time: 0.002  forward_time: 0.015  backward_time: 0.028  lr: 0.000100  max_mem: 7782M    
[2026-01-21 05:41:08]   eta: 15:06:32  iter: 4255  progress: 1.0  loss: 2.3334  time: 0.116  data_time: 0.002  forward_time: 0.017  backward_time: 0.027  lr: 0.000100  max_mem: 7782M    
[2026-01-21 05:41:21]   eta: 15:15:04  iter: 4265  progress: 1.0  loss: 1.8682  time: 0.118  data_time: 0.001  forward_time: 0.021  backward_time: 0.025  lr: 0.000100  max_mem: 7782M    
[2026-01-21 05:41:34]   eta: 15:26:53  iter: 4275  progress: 1.0  loss: 1.9724  time: 0.186  data_time: 0.002  forward_time: 0.097  backward_time: 0.021  lr: 0.000100  max_mem: 7782M    
[2026-01-21 05:41:47]   eta: 15:24:50  iter: 4285  progress: 1.0  loss: 1.9730  time: 0.118  data_time: 0.002  forward_time: 0.014  backward_time: 0.030  lr: 0.000100  max_mem: 7782M    
[2026-01-21 05:42:00]   eta: 15:47:34  iter: 4295  progress: 1.0  loss: 2.5548  time: 0.116  data_time: 0.002  forward_time: 0.015  backward_time: 0.029  lr: 0.000100  max_mem: 7782M    
[2026-01-21 05:42:13]   eta: 16:06:56  iter: 4305  progress: 1.0  loss: 2.1652  time: 0.118  data_time: 0.002  forward_time: 0.026  backward_time: 0.023  lr: 0.000100  max_mem: 7782M    
[2026-01-21 05:42:26]   eta: 15:41:15  iter: 4315  progress: 1.0  loss: 2.2940  time: 0.116  data_time: 0.001  forward_time: 0.015  backward_time: 0.029  lr: 0.000100  max_mem: 7782M    
[2026-01-21 05:42:39]   eta: 15:33:59  iter: 4325  progress: 1.0  loss: 2.2216  time: 0.197  data_time: 0.001  forward_time: 0.101  backward_time: 0.025  lr: 0.000100  max_mem: 7782M    
[2026-01-21 05:42:53]   eta: 15:09:37  iter: 4335  progress: 1.0  loss: 2.3332  time: 0.159  data_time: 0.002  forward_time: 0.016  backward_time: 0.084  lr: 0.000100  max_mem: 7782M    
[2026-01-21 05:43:07]   eta: 15:06:24  iter: 4345  progress: 1.0  loss: 3.1341  time: 0.116  data_time: 0.001  forward_time: 0.015  backward_time: 0.029  lr: 0.000100  max_mem: 7782M    
[2026-01-21 05:43:20]   eta: 15:02:57  iter: 4355  progress: 1.0  loss: 2.3764  time: 0.116  data_time: 0.002  forward_time: 0.015  backward_time: 0.028  lr: 0.000100  max_mem: 7782M    
[2026-01-21 05:43:33]   eta: 15:21:45  iter: 4365  progress: 1.1  loss: 2.2156  time: 0.118  data_time: 0.001  forward_time: 0.016  backward_time: 0.028  lr: 0.000100  max_mem: 7782M    
[2026-01-21 05:43:46]   eta: 15:33:28  iter: 4375  progress: 1.1  loss: 2.3410  time: 0.115  data_time: 0.001  forward_time: 0.014  backward_time: 0.029  lr: 0.000100  max_mem: 7782M    
[2026-01-21 05:44:00]   eta: 15:48:11  iter: 4385  progress: 1.1  loss: 2.1277  time: 0.119  data_time: 0.002  forward_time: 0.022  backward_time: 0.025  lr: 0.000100  max_mem: 7782M    
[2026-01-21 05:44:13]   eta: 15:46:24  iter: 4395  progress: 1.1  loss: 2.3805  time: 0.173  data_time: 0.002  forward_time: 0.088  backward_time: 0.018  lr: 0.000100  max_mem: 7782M    
[2026-01-21 05:44:27]   eta: 16:16:05  iter: 4405  progress: 1.1  loss: 2.6129  time: 0.116  data_time: 0.001  forward_time: 0.014  backward_time: 0.029  lr: 0.000100  max_mem: 7782M    
[2026-01-21 05:44:41]   eta: 15:42:29  iter: 4415  progress: 1.1  loss: 2.1336  time: 0.116  data_time: 0.001  forward_time: 0.014  backward_time: 0.029  lr: 0.000100  max_mem: 7782M    
[2026-01-21 05:44:54]   eta: 15:22:09  iter: 4425  progress: 1.1  loss: 1.9268  time: 0.170  data_time: 0.002  forward_time: 0.086  backward_time: 0.017  lr: 0.000100  max_mem: 7782M    
[2026-01-21 05:45:07]   eta: 15:36:05  iter: 4435  progress: 1.1  loss: 2.3184  time: 0.116  data_time: 0.002  forward_time: 0.016  backward_time: 0.028  lr: 0.000100  max_mem: 7782M    
[2026-01-21 05:45:20]   eta: 15:30:59  iter: 4445  progress: 1.1  loss: 1.8897  time: 0.162  data_time: 0.002  forward_time: 0.014  backward_time: 0.087  lr: 0.000100  max_mem: 7782M    
[2026-01-21 05:45:33]   eta: 15:02:51  iter: 4455  progress: 1.1  loss: 1.9462  time: 0.116  data_time: 0.002  forward_time: 0.014  backward_time: 0.029  lr: 0.000100  max_mem: 7782M    
[2026-01-21 05:45:46]   eta: 15:24:02  iter: 4465  progress: 1.1  loss: 2.1248  time: 0.119  data_time: 0.002  forward_time: 0.015  backward_time: 0.029  lr: 0.000100  max_mem: 7782M    
[2026-01-21 05:45:59]   eta: 15:21:27  iter: 4475  progress: 1.1  loss: 2.3009  time: 0.116  data_time: 0.002  forward_time: 0.014  backward_time: 0.029  lr: 0.000100  max_mem: 7782M    
[2026-01-21 05:46:13]   eta: 15:04:56  iter: 4485  progress: 1.1  loss: 2.3110  time: 0.116  data_time: 0.002  forward_time: 0.015  backward_time: 0.029  lr: 0.000100  max_mem: 7782M    
[2026-01-21 05:46:26]   eta: 14:57:33  iter: 4495  progress: 1.1  loss: 1.9965  time: 0.116  data_time: 0.001  forward_time: 0.017  backward_time: 0.027  lr: 0.000100  max_mem: 7782M    
[2026-01-21 05:46:39]   eta: 15:21:33  iter: 4505  progress: 1.1  loss: 2.6648  time: 0.118  data_time: 0.001  forward_time: 0.014  backward_time: 0.030  lr: 0.000100  max_mem: 7782M    
[2026-01-21 05:46:52]   eta: 15:15:02  iter: 4515  progress: 1.1  loss: 2.1684  time: 0.118  data_time: 0.002  forward_time: 0.015  backward_time: 0.029  lr: 0.000100  max_mem: 7782M    
[2026-01-21 05:47:06]   eta: 15:41:00  iter: 4525  progress: 1.1  loss: 1.7055  time: 0.118  data_time: 0.001  forward_time: 0.015  backward_time: 0.071  lr: 0.000100  max_mem: 7782M    
[2026-01-21 05:47:19]   eta: 16:05:36  iter: 4535  progress: 1.1  loss: 2.4223  time: 0.118  data_time: 0.002  forward_time: 0.015  backward_time: 0.029  lr: 0.000100  max_mem: 7782M    
[2026-01-21 05:47:31]   eta: 16:23:25  iter: 4545  progress: 1.1  loss: 2.4431  time: 0.116  data_time: 0.001  forward_time: 0.016  backward_time: 0.028  lr: 0.000100  max_mem: 7782M    
[2026-01-21 05:47:44]   eta: 16:07:39  iter: 4555  progress: 1.1  loss: 2.5458  time: 0.178  data_time: 0.001  forward_time: 0.092  backward_time: 0.017  lr: 0.000100  max_mem: 7782M    
[2026-01-21 05:47:58]   eta: 16:18:32  iter: 4565  progress: 1.1  loss: 1.7041  time: 0.196  data_time: 0.002  forward_time: 0.094  backward_time: 0.029  lr: 0.000100  max_mem: 7782M    
[2026-01-21 05:48:11]   eta: 15:38:40  iter: 4575  progress: 1.1  loss: 1.8411  time: 0.169  data_time: 0.001  forward_time: 0.086  backward_time: 0.017  lr: 0.000100  max_mem: 7782M    
[2026-01-21 05:48:25]   eta: 15:32:09  iter: 4585  progress: 1.1  loss: 2.4144  time: 0.116  data_time: 0.001  forward_time: 0.015  backward_time: 0.028  lr: 0.000100  max_mem: 7782M    
[2026-01-21 05:48:38]   eta: 15:11:57  iter: 4595  progress: 1.1  loss: 2.2282  time: 0.164  data_time: 0.002  forward_time: 0.085  backward_time: 0.018  lr: 0.000100  max_mem: 7782M    
[2026-01-21 05:48:52]   eta: 14:58:05  iter: 4605  progress: 1.1  loss: 1.8730  time: 0.116  data_time: 0.002  forward_time: 0.016  backward_time: 0.028  lr: 0.000100  max_mem: 7782M    
[2026-01-21 05:49:05]   eta: 14:44:11  iter: 4615  progress: 1.1  loss: 2.0081  time: 0.116  data_time: 0.002  forward_time: 0.015  backward_time: 0.029  lr: 0.000100  max_mem: 7782M    
[2026-01-21 05:49:18]   eta: 15:19:20  iter: 4625  progress: 1.1  loss: 2.3581  time: 0.116  data_time: 0.001  forward_time: 0.016  backward_time: 0.028  lr: 0.000100  max_mem: 7782M    
[2026-01-21 05:49:31]   eta: 15:04:13  iter: 4635  progress: 1.1  loss: 2.0139  time: 0.116  data_time: 0.002  forward_time: 0.015  backward_time: 0.028  lr: 0.000100  max_mem: 7782M    
[2026-01-21 05:49:45]   eta: 15:07:03  iter: 4645  progress: 1.1  loss: 2.5659  time: 0.196  data_time: 0.002  forward_time: 0.092  backward_time: 0.029  lr: 0.000100  max_mem: 7782M    
[2026-01-21 05:49:59]   eta: 15:22:26  iter: 4655  progress: 1.1  loss: 2.1111  time: 0.116  data_time: 0.001  forward_time: 0.016  backward_time: 0.028  lr: 0.000100  max_mem: 7782M    
[2026-01-21 05:50:13]   eta: 15:48:25  iter: 4665  progress: 1.1  loss: 2.0605  time: 0.118  data_time: 0.002  forward_time: 0.014  backward_time: 0.030  lr: 0.000100  max_mem: 7782M    
[2026-01-21 05:50:25]   eta: 15:28:05  iter: 4675  progress: 1.1  loss: 2.2014  time: 0.169  data_time: 0.001  forward_time: 0.087  backward_time: 0.017  lr: 0.000100  max_mem: 7782M    
[2026-01-21 05:50:38]   eta: 15:18:54  iter: 4685  progress: 1.1  loss: 2.6896  time: 0.118  data_time: 0.002  forward_time: 0.015  backward_time: 0.029  lr: 0.000100  max_mem: 7782M    
[2026-01-21 05:50:51]   eta: 15:41:39  iter: 4695  progress: 1.1  loss: 2.0993  time: 0.183  data_time: 0.007  forward_time: 0.075  backward_time: 0.029  lr: 0.000100  max_mem: 7782M    
[2026-01-21 05:51:05]   eta: 16:12:28  iter: 4705  progress: 1.1  loss: 2.5326  time: 0.183  data_time: 0.001  forward_time: 0.089  backward_time: 0.022  lr: 0.000100  max_mem: 7782M    
[2026-01-21 05:51:18]   eta: 16:00:27  iter: 4715  progress: 1.1  loss: 1.8910  time: 0.118  data_time: 0.002  forward_time: 0.015  backward_time: 0.029  lr: 0.000100  max_mem: 7782M    
[2026-01-21 05:51:31]   eta: 16:11:38  iter: 4725  progress: 1.1  loss: 2.3038  time: 0.186  data_time: 0.002  forward_time: 0.097  backward_time: 0.020  lr: 0.000100  max_mem: 7782M    
[2026-01-21 05:51:44]   eta: 16:33:15  iter: 4735  progress: 1.1  loss: 2.2562  time: 0.191  data_time: 0.001  forward_time: 0.096  backward_time: 0.022  lr: 0.000100  max_mem: 7782M    
[2026-01-21 05:51:57]   eta: 16:42:41  iter: 4745  progress: 1.1  loss: 2.4607  time: 0.178  data_time: 0.002  forward_time: 0.092  backward_time: 0.020  lr: 0.000100  max_mem: 7782M    
[2026-01-21 05:52:10]   eta: 16:16:23  iter: 4755  progress: 1.1  loss: 1.9407  time: 0.116  data_time: 0.001  forward_time: 0.014  backward_time: 0.029  lr: 0.000100  max_mem: 7782M    
[2026-01-21 05:52:23]   eta: 16:14:04  iter: 4765  progress: 1.1  loss: 2.5146  time: 0.116  data_time: 0.001  forward_time: 0.016  backward_time: 0.028  lr: 0.000100  max_mem: 7782M    
[2026-01-21 05:52:36]   eta: 16:00:01  iter: 4775  progress: 1.1  loss: 1.8526  time: 0.119  data_time: 0.002  forward_time: 0.023  backward_time: 0.025  lr: 0.000100  max_mem: 7782M    
[2026-01-21 05:52:50]   eta: 15:40:07  iter: 4785  progress: 1.2  loss: 2.4865  time: 0.116  data_time: 0.001  forward_time: 0.014  backward_time: 0.029  lr: 0.000100  max_mem: 7782M    
[2026-01-21 05:53:03]   eta: 15:11:31  iter: 4795  progress: 1.2  loss: 2.1498  time: 0.116  data_time: 0.001  forward_time: 0.015  backward_time: 0.028  lr: 0.000100  max_mem: 7782M    
[2026-01-21 05:53:16]   eta: 14:45:31  iter: 4805  progress: 1.2  loss: 2.1100  time: 0.171  data_time: 0.001  forward_time: 0.088  backward_time: 0.018  lr: 0.000100  max_mem: 7782M    
[2026-01-21 05:53:30]   eta: 14:52:53  iter: 4815  progress: 1.2  loss: 2.0529  time: 0.116  data_time: 0.002  forward_time: 0.017  backward_time: 0.028  lr: 0.000100  max_mem: 7782M    
[2026-01-21 05:53:43]   eta: 14:49:32  iter: 4825  progress: 1.2  loss: 1.8114  time: 0.116  data_time: 0.001  forward_time: 0.015  backward_time: 0.028  lr: 0.000100  max_mem: 7782M    
[2026-01-21 05:53:57]   eta: 14:50:41  iter: 4835  progress: 1.2  loss: 2.0723  time: 0.116  data_time: 0.002  forward_time: 0.015  backward_time: 0.029  lr: 0.000100  max_mem: 7782M    
[2026-01-21 05:54:10]   eta: 15:07:47  iter: 4845  progress: 1.2  loss: 2.1016  time: 0.116  data_time: 0.001  forward_time: 0.014  backward_time: 0.029  lr: 0.000100  max_mem: 7782M    
[2026-01-21 05:54:23]   eta: 15:51:07  iter: 4855  progress: 1.2  loss: 2.4535  time: 0.171  data_time: 0.002  forward_time: 0.088  backward_time: 0.018  lr: 0.000100  max_mem: 7782M    
[2026-01-21 05:54:37]   eta: 15:30:20  iter: 4865  progress: 1.2  loss: 2.0769  time: 0.116  data_time: 0.002  forward_time: 0.016  backward_time: 0.028  lr: 0.000100  max_mem: 7782M    
[2026-01-21 05:54:50]   eta: 15:34:40  iter: 4875  progress: 1.2  loss: 2.2025  time: 0.118  data_time: 0.002  forward_time: 0.014  backward_time: 0.030  lr: 0.000100  max_mem: 7782M    
[2026-01-21 05:55:03]   eta: 16:01:19  iter: 4885  progress: 1.2  loss: 2.1268  time: 0.116  data_time: 0.001  forward_time: 0.016  backward_time: 0.028  lr: 0.000100  max_mem: 7782M    
[2026-01-21 05:55:17]   eta: 15:52:00  iter: 4895  progress: 1.2  loss: 2.0547  time: 0.116  data_time: 0.002  forward_time: 0.014  backward_time: 0.029  lr: 0.000100  max_mem: 7782M    
[2026-01-21 05:55:31]   eta: 15:30:04  iter: 4905  progress: 1.2  loss: 2.1110  time: 0.116  data_time: 0.002  forward_time: 0.015  backward_time: 0.029  lr: 0.000100  max_mem: 7782M    
[2026-01-21 05:55:44]   eta: 15:49:07  iter: 4915  progress: 1.2  loss: 2.1286  time: 0.118  data_time: 0.002  forward_time: 0.018  backward_time: 0.027  lr: 0.000100  max_mem: 7782M    
[2026-01-21 05:55:58]   eta: 15:41:44  iter: 4925  progress: 1.2  loss: 2.1783  time: 0.118  data_time: 0.001  forward_time: 0.014  backward_time: 0.029  lr: 0.000100  max_mem: 7782M    
[2026-01-21 05:56:11]   eta: 15:20:07  iter: 4935  progress: 1.2  loss: 2.1006  time: 0.155  data_time: 0.002  forward_time: 0.015  backward_time: 0.086  lr: 0.000100  max_mem: 7782M    
[2026-01-21 05:56:24]   eta: 15:20:54  iter: 4945  progress: 1.2  loss: 2.1293  time: 0.189  data_time: 0.002  forward_time: 0.095  backward_time: 0.021  lr: 0.000100  max_mem: 7782M    
[2026-01-21 05:56:37]   eta: 15:20:21  iter: 4955  progress: 1.2  loss: 2.2881  time: 0.116  data_time: 0.002  forward_time: 0.015  backward_time: 0.028  lr: 0.000100  max_mem: 7782M    
[2026-01-21 05:56:50]   eta: 14:56:07  iter: 4965  progress: 1.2  loss: 2.4108  time: 0.116  data_time: 0.001  forward_time: 0.014  backward_time: 0.029  lr: 0.000100  max_mem: 7782M    
[2026-01-21 05:57:03]   eta: 15:21:16  iter: 4975  progress: 1.2  loss: 2.2445  time: 0.191  data_time: 0.002  forward_time: 0.093  backward_time: 0.025  lr: 0.000100  max_mem: 7782M    
[2026-01-21 05:57:16]   eta: 15:38:34  iter: 4985  progress: 1.2  loss: 2.0150  time: 0.122  data_time: 0.002  forward_time: 0.014  backward_time: 0.076  lr: 0.000100  max_mem: 7782M    
[2026-01-21 05:57:30]   eta: 15:28:51  iter: 4995  progress: 1.2  loss: 1.8305  time: 0.135  data_time: 0.001  forward_time: 0.018  backward_time: 0.075  lr: 0.000100  max_mem: 7782M    
[2026-01-21 05:57:42]   eta: 15:36:00  iter: 5005  progress: 1.2  loss: 1.8678  time: 0.116  data_time: 0.001  forward_time: 0.014  backward_time: 0.029  lr: 0.000100  max_mem: 7782M    
[2026-01-21 05:57:55]   eta: 15:56:31  iter: 5015  progress: 1.2  loss: 2.4696  time: 0.116  data_time: 0.001  forward_time: 0.014  backward_time: 0.029  lr: 0.000100  max_mem: 7782M    
[2026-01-21 05:58:08]   eta: 15:53:57  iter: 5025  progress: 1.2  loss: 2.0480  time: 0.115  data_time: 0.001  forward_time: 0.014  backward_time: 0.029  lr: 0.000100  max_mem: 7782M    
[2026-01-21 05:58:21]   eta: 15:26:57  iter: 5035  progress: 1.2  loss: 2.2151  time: 0.116  data_time: 0.002  forward_time: 0.014  backward_time: 0.029  lr: 0.000100  max_mem: 7782M    
[2026-01-21 05:58:35]   eta: 15:25:34  iter: 5045  progress: 1.2  loss: 1.6824  time: 0.116  data_time: 0.002  forward_time: 0.014  backward_time: 0.029  lr: 0.000100  max_mem: 7782M    
[2026-01-21 05:58:48]   eta: 15:07:49  iter: 5055  progress: 1.2  loss: 1.8720  time: 0.156  data_time: 0.002  forward_time: 0.014  backward_time: 0.086  lr: 0.000100  max_mem: 7782M    
[2026-01-21 05:59:01]   eta: 15:10:44  iter: 5065  progress: 1.2  loss: 2.2736  time: 0.116  data_time: 0.001  forward_time: 0.015  backward_time: 0.029  lr: 0.000100  max_mem: 7782M    
[2026-01-21 05:59:14]   eta: 15:00:37  iter: 5075  progress: 1.2  loss: 2.1539  time: 0.115  data_time: 0.001  forward_time: 0.014  backward_time: 0.029  lr: 0.000100  max_mem: 7782M    
[2026-01-21 05:59:28]   eta: 15:45:43  iter: 5085  progress: 1.2  loss: 2.1464  time: 0.116  data_time: 0.002  forward_time: 0.015  backward_time: 0.028  lr: 0.000100  max_mem: 7782M    
[2026-01-21 05:59:42]   eta: 15:43:55  iter: 5095  progress: 1.2  loss: 2.3897  time: 0.116  data_time: 0.001  forward_time: 0.014  backward_time: 0.029  lr: 0.000100  max_mem: 7782M    
[2026-01-21 05:59:55]   eta: 15:56:46  iter: 5105  progress: 1.2  loss: 2.0349  time: 0.116  data_time: 0.002  forward_time: 0.014  backward_time: 0.029  lr: 0.000100  max_mem: 7782M    
[2026-01-21 06:00:08]   eta: 16:03:28  iter: 5115  progress: 1.2  loss: 2.3344  time: 0.118  data_time: 0.001  forward_time: 0.014  backward_time: 0.030  lr: 0.000100  max_mem: 7782M    
[2026-01-21 06:00:21]   eta: 16:17:45  iter: 5125  progress: 1.2  loss: 2.4782  time: 0.189  data_time: 0.002  forward_time: 0.097  backward_time: 0.019  lr: 0.000100  max_mem: 7782M    
[2026-01-21 06:00:34]   eta: 16:06:24  iter: 5135  progress: 1.2  loss: 2.6887  time: 0.198  data_time: 0.001  forward_time: 0.096  backward_time: 0.029  lr: 0.000100  max_mem: 7782M    
[2026-01-21 06:00:48]   eta: 16:04:00  iter: 5145  progress: 1.2  loss: 2.1477  time: 0.117  data_time: 0.001  forward_time: 0.014  backward_time: 0.029  lr: 0.000100  max_mem: 7782M    
[2026-01-21 06:01:00]   eta: 15:56:35  iter: 5155  progress: 1.2  loss: 1.7234  time: 0.115  data_time: 0.001  forward_time: 0.014  backward_time: 0.030  lr: 0.000100  max_mem: 7782M    
[2026-01-21 06:01:13]   eta: 15:58:06  iter: 5165  progress: 1.2  loss: 2.0736  time: 0.160  data_time: 0.002  forward_time: 0.082  backward_time: 0.018  lr: 0.000100  max_mem: 7782M    
[2026-01-21 06:01:26]   eta: 15:49:46  iter: 5175  progress: 1.2  loss: 2.1009  time: 0.118  data_time: 0.001  forward_time: 0.014  backward_time: 0.030  lr: 0.000100  max_mem: 7782M    
[2026-01-21 06:01:39]   eta: 15:25:24  iter: 5185  progress: 1.2  loss: 2.0627  time: 0.116  data_time: 0.002  forward_time: 0.016  backward_time: 0.028  lr: 0.000100  max_mem: 7782M    
[2026-01-21 06:01:52]   eta: 15:35:51  iter: 5195  progress: 1.3  loss: 1.9152  time: 0.116  data_time: 0.002  forward_time: 0.014  backward_time: 0.029  lr: 0.000100  max_mem: 7782M    
[2026-01-21 06:02:05]   eta: 15:54:48  iter: 5205  progress: 1.3  loss: 2.3649  time: 0.115  data_time: 0.001  forward_time: 0.014  backward_time: 0.029  lr: 0.000100  max_mem: 7782M    
[2026-01-21 06:02:18]   eta: 15:56:25  iter: 5215  progress: 1.3  loss: 2.1361  time: 0.117  data_time: 0.002  forward_time: 0.017  backward_time: 0.027  lr: 0.000100  max_mem: 7782M    
[2026-01-21 06:02:32]   eta: 15:49:14  iter: 5225  progress: 1.3  loss: 1.9351  time: 0.116  data_time: 0.002  forward_time: 0.015  backward_time: 0.028  lr: 0.000100  max_mem: 7782M    
[2026-01-21 06:02:44]   eta: 15:52:59  iter: 5235  progress: 1.3  loss: 2.6058  time: 0.116  data_time: 0.002  forward_time: 0.016  backward_time: 0.028  lr: 0.000100  max_mem: 7782M    
[2026-01-21 06:02:57]   eta: 15:54:37  iter: 5245  progress: 1.3  loss: 1.8165  time: 0.170  data_time: 0.002  forward_time: 0.087  backward_time: 0.017  lr: 0.000100  max_mem: 7782M    
[2026-01-21 06:03:11]   eta: 15:39:27  iter: 5255  progress: 1.3  loss: 1.8419  time: 0.117  data_time: 0.002  forward_time: 0.016  backward_time: 0.027  lr: 0.000100  max_mem: 7782M    
[2026-01-21 06:03:24]   eta: 15:24:20  iter: 5265  progress: 1.3  loss: 2.4834  time: 0.116  data_time: 0.002  forward_time: 0.016  backward_time: 0.028  lr: 0.000100  max_mem: 7782M    
[2026-01-21 06:03:37]   eta: 15:44:53  iter: 5275  progress: 1.3  loss: 1.8740  time: 0.116  data_time: 0.002  forward_time: 0.015  backward_time: 0.028  lr: 0.000100  max_mem: 7782M    
[2026-01-21 06:03:51]   eta: 15:36:20  iter: 5285  progress: 1.3  loss: 2.3043  time: 0.174  data_time: 0.001  forward_time: 0.091  backward_time: 0.017  lr: 0.000100  max_mem: 7782M    
[2026-01-21 06:04:04]   eta: 15:31:01  iter: 5295  progress: 1.3  loss: 2.5709  time: 0.116  data_time: 0.002  forward_time: 0.015  backward_time: 0.029  lr: 0.000100  max_mem: 7782M    
[2026-01-21 06:04:17]   eta: 15:45:44  iter: 5305  progress: 1.3  loss: 1.7991  time: 0.116  data_time: 0.002  forward_time: 0.016  backward_time: 0.027  lr: 0.000100  max_mem: 7782M    
[2026-01-21 06:04:30]   eta: 15:56:26  iter: 5315  progress: 1.3  loss: 2.4270  time: 0.117  data_time: 0.002  forward_time: 0.017  backward_time: 0.027  lr: 0.000100  max_mem: 7782M    
[2026-01-21 06:04:43]   eta: 15:47:23  iter: 5325  progress: 1.3  loss: 2.6485  time: 0.190  data_time: 0.007  forward_time: 0.085  backward_time: 0.028  lr: 0.000100  max_mem: 7782M    
[2026-01-21 06:04:56]   eta: 16:04:04  iter: 5335  progress: 1.3  loss: 2.4153  time: 0.118  data_time: 0.001  forward_time: 0.016  backward_time: 0.029  lr: 0.000100  max_mem: 7782M    
[2026-01-21 06:05:09]   eta: 16:08:27  iter: 5345  progress: 1.3  loss: 2.2538  time: 0.118  data_time: 0.001  forward_time: 0.014  backward_time: 0.030  lr: 0.000100  max_mem: 7782M    
[2026-01-21 06:05:21]   eta: 15:49:27  iter: 5355  progress: 1.3  loss: 2.4526  time: 0.118  data_time: 0.001  forward_time: 0.016  backward_time: 0.029  lr: 0.000100  max_mem: 7782M    
[2026-01-21 06:05:34]   eta: 15:27:01  iter: 5365  progress: 1.3  loss: 2.0182  time: 0.116  data_time: 0.001  forward_time: 0.014  backward_time: 0.029  lr: 0.000100  max_mem: 7782M    
[2026-01-21 06:05:47]   eta: 15:26:14  iter: 5375  progress: 1.3  loss: 2.4955  time: 0.180  data_time: 0.001  forward_time: 0.087  backward_time: 0.019  lr: 0.000100  max_mem: 7782M    
[2026-01-21 06:06:01]   eta: 15:04:02  iter: 5385  progress: 1.3  loss: 1.8828  time: 0.170  data_time: 0.002  forward_time: 0.089  backward_time: 0.020  lr: 0.000100  max_mem: 7782M    
[2026-01-21 06:06:14]   eta: 14:55:54  iter: 5395  progress: 1.3  loss: 2.2355  time: 0.187  data_time: 0.002  forward_time: 0.096  backward_time: 0.020  lr: 0.000100  max_mem: 7782M    
[2026-01-21 06:06:29]   eta: 15:09:37  iter: 5405  progress: 1.3  loss: 2.5984  time: 0.122  data_time: 0.003  forward_time: 0.023  backward_time: 0.026  lr: 0.000100  max_mem: 7782M    
[2026-01-21 06:06:42]   eta: 15:38:43  iter: 5415  progress: 1.3  loss: 2.3152  time: 0.184  data_time: 0.002  forward_time: 0.094  backward_time: 0.018  lr: 0.000100  max_mem: 7782M    
[2026-01-21 06:06:55]   eta: 15:42:56  iter: 5425  progress: 1.3  loss: 2.6482  time: 0.118  data_time: 0.002  forward_time: 0.015  backward_time: 0.029  lr: 0.000100  max_mem: 7782M    
[2026-01-21 06:07:08]   eta: 16:03:48  iter: 5435  progress: 1.3  loss: 2.2289  time: 0.116  data_time: 0.002  forward_time: 0.017  backward_time: 0.027  lr: 0.000100  max_mem: 7782M    
[2026-01-21 06:07:21]   eta: 16:15:01  iter: 5445  progress: 1.3  loss: 2.4559  time: 0.115  data_time: 0.001  forward_time: 0.014  backward_time: 0.031  lr: 0.000100  max_mem: 7782M    
[2026-01-21 06:07:34]   eta: 16:09:02  iter: 5455  progress: 1.3  loss: 2.3141  time: 0.159  data_time: 0.001  forward_time: 0.014  backward_time: 0.086  lr: 0.000100  max_mem: 7782M    
[2026-01-21 06:07:46]   eta: 15:51:22  iter: 5465  progress: 1.3  loss: 1.9258  time: 0.116  data_time: 0.001  forward_time: 0.014  backward_time: 0.029  lr: 0.000100  max_mem: 7782M    
[2026-01-21 06:07:59]   eta: 15:49:31  iter: 5475  progress: 1.3  loss: 1.8282  time: 0.115  data_time: 0.001  forward_time: 0.015  backward_time: 0.028  lr: 0.000100  max_mem: 7782M    
[2026-01-21 06:08:11]   eta: 15:48:14  iter: 5485  progress: 1.3  loss: 2.2739  time: 0.116  data_time: 0.001  forward_time: 0.015  backward_time: 0.028  lr: 0.000100  max_mem: 7782M    
[2026-01-21 06:08:24]   eta: 15:46:30  iter: 5495  progress: 1.3  loss: 2.5406  time: 0.116  data_time: 0.001  forward_time: 0.015  backward_time: 0.028  lr: 0.000100  max_mem: 7782M    
[2026-01-21 06:08:37]   eta: 15:48:40  iter: 5505  progress: 1.3  loss: 2.0365  time: 0.144  data_time: 0.002  forward_time: 0.015  backward_time: 0.071  lr: 0.000100  max_mem: 7782M    
[2026-01-21 06:08:50]   eta: 16:04:32  iter: 5515  progress: 1.3  loss: 2.0769  time: 0.116  data_time: 0.001  forward_time: 0.018  backward_time: 0.026  lr: 0.000100  max_mem: 7782M    
[2026-01-21 06:09:03]   eta: 15:52:38  iter: 5525  progress: 1.3  loss: 1.7517  time: 0.116  data_time: 0.001  forward_time: 0.014  backward_time: 0.029  lr: 0.000100  max_mem: 7782M    
[2026-01-21 06:09:16]   eta: 16:01:45  iter: 5535  progress: 1.3  loss: 1.6910  time: 0.116  data_time: 0.002  forward_time: 0.014  backward_time: 0.029  lr: 0.000100  max_mem: 7782M    
[2026-01-21 06:09:29]   eta: 16:07:28  iter: 5545  progress: 1.3  loss: 2.4463  time: 0.187  data_time: 0.001  forward_time: 0.095  backward_time: 0.019  lr: 0.000100  max_mem: 7782M    
[2026-01-21 06:09:42]   eta: 15:49:09  iter: 5555  progress: 1.3  loss: 2.8424  time: 0.116  data_time: 0.002  forward_time: 0.014  backward_time: 0.029  lr: 0.000100  max_mem: 7782M    
[2026-01-21 06:09:55]   eta: 15:40:20  iter: 5565  progress: 1.3  loss: 2.2569  time: 0.116  data_time: 0.001  forward_time: 0.016  backward_time: 0.027  lr: 0.000100  max_mem: 7782M    
[2026-01-21 06:10:08]   eta: 15:46:56  iter: 5575  progress: 1.3  loss: 2.2243  time: 0.169  data_time: 0.002  forward_time: 0.086  backward_time: 0.017  lr: 0.000100  max_mem: 7782M    
[2026-01-21 06:10:21]   eta: 15:28:30  iter: 5585  progress: 1.3  loss: 2.0038  time: 0.199  data_time: 0.001  forward_time: 0.098  backward_time: 0.028  lr: 0.000100  max_mem: 7782M    
[2026-01-21 06:10:35]   eta: 15:33:17  iter: 5595  progress: 1.3  loss: 2.1102  time: 0.116  data_time: 0.001  forward_time: 0.015  backward_time: 0.028  lr: 0.000100  max_mem: 7782M    
[2026-01-21 06:10:48]   eta: 15:37:39  iter: 5605  progress: 1.3  loss: 1.9332  time: 0.158  data_time: 0.002  forward_time: 0.014  backward_time: 0.088  lr: 0.000100  max_mem: 7782M    
[2026-01-21 06:11:01]   eta: 15:14:20  iter: 5615  progress: 1.4  loss: 2.4078  time: 0.118  data_time: 0.001  forward_time: 0.018  backward_time: 0.027  lr: 0.000100  max_mem: 7782M    
[2026-01-21 06:11:14]   eta: 15:01:00  iter: 5625  progress: 1.4  loss: 2.3947  time: 0.118  data_time: 0.001  forward_time: 0.014  backward_time: 0.029  lr: 0.000100  max_mem: 7782M    
[2026-01-21 06:11:28]   eta: 15:03:45  iter: 5635  progress: 1.4  loss: 2.2818  time: 0.118  data_time: 0.002  forward_time: 0.014  backward_time: 0.029  lr: 0.000100  max_mem: 7782M    
[2026-01-21 06:11:42]   eta: 14:57:47  iter: 5645  progress: 1.4  loss: 1.9584  time: 0.118  data_time: 0.002  forward_time: 0.014  backward_time: 0.030  lr: 0.000100  max_mem: 7782M    
[2026-01-21 06:11:55]   eta: 15:20:15  iter: 5655  progress: 1.4  loss: 2.3130  time: 0.176  data_time: 0.002  forward_time: 0.091  backward_time: 0.017  lr: 0.000100  max_mem: 7782M    
[2026-01-21 06:12:09]   eta: 15:09:54  iter: 5665  progress: 1.4  loss: 2.6907  time: 0.118  data_time: 0.001  forward_time: 0.015  backward_time: 0.029  lr: 0.000100  max_mem: 7782M    
[2026-01-21 06:12:23]   eta: 15:31:55  iter: 5675  progress: 1.4  loss: 1.9915  time: 0.173  data_time: 0.002  forward_time: 0.088  backward_time: 0.017  lr: 0.000100  max_mem: 7782M    
[2026-01-21 06:12:36]   eta: 15:40:25  iter: 5685  progress: 1.4  loss: 1.8914  time: 0.116  data_time: 0.002  forward_time: 0.014  backward_time: 0.029  lr: 0.000100  max_mem: 7782M    
[2026-01-21 06:12:50]   eta: 15:45:09  iter: 5695  progress: 1.4  loss: 2.2684  time: 0.116  data_time: 0.002  forward_time: 0.017  backward_time: 0.027  lr: 0.000100  max_mem: 7782M    
[2026-01-21 06:13:02]   eta: 15:32:42  iter: 5705  progress: 1.4  loss: 2.0320  time: 0.190  data_time: 0.002  forward_time: 0.095  backward_time: 0.023  lr: 0.000100  max_mem: 7782M    
[2026-01-21 06:13:16]   eta: 16:03:52  iter: 5715  progress: 1.4  loss: 1.8245  time: 0.169  data_time: 0.002  forward_time: 0.087  backward_time: 0.020  lr: 0.000100  max_mem: 7782M    
[2026-01-21 06:13:29]   eta: 16:06:56  iter: 5725  progress: 1.4  loss: 2.3836  time: 0.185  data_time: 0.001  forward_time: 0.094  backward_time: 0.018  lr: 0.000100  max_mem: 7782M    
[2026-01-21 06:13:42]   eta: 15:51:37  iter: 5735  progress: 1.4  loss: 2.1932  time: 0.116  data_time: 0.001  forward_time: 0.014  backward_time: 0.029  lr: 0.000100  max_mem: 7782M    
[2026-01-21 06:13:55]   eta: 16:10:41  iter: 5745  progress: 1.4  loss: 2.3881  time: 0.176  data_time: 0.002  forward_time: 0.085  backward_time: 0.019  lr: 0.000100  max_mem: 7782M    
[2026-01-21 06:14:09]   eta: 16:00:22  iter: 5755  progress: 1.4  loss: 2.0843  time: 0.116  data_time: 0.001  forward_time: 0.015  backward_time: 0.028  lr: 0.000100  max_mem: 7782M    
[2026-01-21 06:14:21]   eta: 16:02:05  iter: 5765  progress: 1.4  loss: 2.5800  time: 0.116  data_time: 0.001  forward_time: 0.014  backward_time: 0.030  lr: 0.000100  max_mem: 7782M    
[2026-01-21 06:14:34]   eta: 15:43:46  iter: 5775  progress: 1.4  loss: 2.3290  time: 0.116  data_time: 0.001  forward_time: 0.015  backward_time: 0.028  lr: 0.000100  max_mem: 7782M    
[2026-01-21 06:14:47]   eta: 15:48:26  iter: 5785  progress: 1.4  loss: 1.9101  time: 0.116  data_time: 0.002  forward_time: 0.015  backward_time: 0.029  lr: 0.000100  max_mem: 7782M    
[2026-01-21 06:15:01]   eta: 15:10:45  iter: 5795  progress: 1.4  loss: 2.1524  time: 0.116  data_time: 0.001  forward_time: 0.015  backward_time: 0.028  lr: 0.000100  max_mem: 7782M    
[2026-01-21 06:15:14]   eta: 15:28:48  iter: 5805  progress: 1.4  loss: 1.9409  time: 0.170  data_time: 0.001  forward_time: 0.087  backward_time: 0.017  lr: 0.000100  max_mem: 7782M    
[2026-01-21 06:15:26]   eta: 15:15:31  iter: 5815  progress: 1.4  loss: 2.0968  time: 0.116  data_time: 0.001  forward_time: 0.014  backward_time: 0.029  lr: 0.000100  max_mem: 7782M    
[2026-01-21 06:15:39]   eta: 15:26:22  iter: 5825  progress: 1.4  loss: 2.1735  time: 0.173  data_time: 0.003  forward_time: 0.089  backward_time: 0.020  lr: 0.000100  max_mem: 7782M    
[2026-01-21 06:15:52]   eta: 15:40:50  iter: 5835  progress: 1.4  loss: 2.0189  time: 0.164  data_time: 0.002  forward_time: 0.014  backward_time: 0.087  lr: 0.000100  max_mem: 7782M    
[2026-01-21 06:16:06]   eta: 16:30:42  iter: 5845  progress: 1.4  loss: 1.9243  time: 0.161  data_time: 0.002  forward_time: 0.014  backward_time: 0.088  lr: 0.000100  max_mem: 7782M    
[2026-01-21 06:16:19]   eta: 16:21:40  iter: 5855  progress: 1.4  loss: 2.0421  time: 0.116  data_time: 0.001  forward_time: 0.014  backward_time: 0.029  lr: 0.000100  max_mem: 7782M    
[2026-01-21 06:16:33]   eta: 16:32:03  iter: 5865  progress: 1.4  loss: 1.9309  time: 0.119  data_time: 0.002  forward_time: 0.015  backward_time: 0.029  lr: 0.000100  max_mem: 7782M    
[2026-01-21 06:16:46]   eta: 16:23:44  iter: 5875  progress: 1.4  loss: 1.9345  time: 0.119  data_time: 0.002  forward_time: 0.016  backward_time: 0.029  lr: 0.000100  max_mem: 7782M    
[2026-01-21 06:16:59]   eta: 15:53:36  iter: 5885  progress: 1.4  loss: 2.0743  time: 0.118  data_time: 0.001  forward_time: 0.014  backward_time: 0.030  lr: 0.000100  max_mem: 7782M    
[2026-01-21 06:17:12]   eta: 15:12:35  iter: 5895  progress: 1.4  loss: 2.0594  time: 0.116  data_time: 0.002  forward_time: 0.014  backward_time: 0.029  lr: 0.000100  max_mem: 7782M    
[2026-01-21 06:17:25]   eta: 15:06:41  iter: 5905  progress: 1.4  loss: 1.8769  time: 0.159  data_time: 0.002  forward_time: 0.014  backward_time: 0.086  lr: 0.000100  max_mem: 7782M    
[2026-01-21 06:17:38]   eta: 14:44:27  iter: 5915  progress: 1.4  loss: 2.3363  time: 0.116  data_time: 0.002  forward_time: 0.015  backward_time: 0.028  lr: 0.000100  max_mem: 7782M    
[2026-01-21 06:17:52]   eta: 15:04:23  iter: 5925  progress: 1.4  loss: 2.1623  time: 0.170  data_time: 0.002  forward_time: 0.087  backward_time: 0.017  lr: 0.000100  max_mem: 7782M    
[2026-01-21 06:18:04]   eta: 15:49:46  iter: 5935  progress: 1.4  loss: 2.0623  time: 0.194  data_time: 0.006  forward_time: 0.089  backward_time: 0.028  lr: 0.000100  max_mem: 7782M    
[2026-01-21 06:18:18]   eta: 15:28:22  iter: 5945  progress: 1.4  loss: 1.8480  time: 0.116  data_time: 0.002  forward_time: 0.016  backward_time: 0.028  lr: 0.000100  max_mem: 7782M    
[2026-01-21 06:18:31]   eta: 15:42:24  iter: 5955  progress: 1.4  loss: 2.3382  time: 0.172  data_time: 0.001  forward_time: 0.089  backward_time: 0.017  lr: 0.000100  max_mem: 7782M    
[2026-01-21 06:18:44]   eta: 16:26:41  iter: 5965  progress: 1.4  loss: 1.9970  time: 0.172  data_time: 0.002  forward_time: 0.089  backward_time: 0.017  lr: 0.000100  max_mem: 7782M    
[2026-01-21 06:18:57]   eta: 16:12:40  iter: 5975  progress: 1.4  loss: 2.1527  time: 0.116  data_time: 0.002  forward_time: 0.015  backward_time: 0.028  lr: 0.000100  max_mem: 7782M    
[2026-01-21 06:19:10]   eta: 15:49:05  iter: 5985  progress: 1.4  loss: 2.0136  time: 0.186  data_time: 0.002  forward_time: 0.096  backward_time: 0.020  lr: 0.000100  max_mem: 7782M    
[2026-01-21 06:19:24]   eta: 16:16:49  iter: 5995  progress: 1.4  loss: 1.9799  time: 0.115  data_time: 0.001  forward_time: 0.015  backward_time: 0.028  lr: 0.000100  max_mem: 7782M    
[2026-01-21 06:19:37]   eta: 16:09:34  iter: 6005  progress: 1.4  loss: 1.8387  time: 0.116  data_time: 0.001  forward_time: 0.015  backward_time: 0.028  lr: 0.000100  max_mem: 7782M    
[2026-01-21 06:19:51]   eta: 15:25:30  iter: 6015  progress: 1.4  loss: 2.2815  time: 0.115  data_time: 0.001  forward_time: 0.014  backward_time: 0.029  lr: 0.000100  max_mem: 7782M    
[2026-01-21 06:20:04]   eta: 15:34:49  iter: 6025  progress: 1.5  loss: 2.0452  time: 0.116  data_time: 0.002  forward_time: 0.014  backward_time: 0.029  lr: 0.000100  max_mem: 7782M    
[2026-01-21 06:20:17]   eta: 15:25:29  iter: 6035  progress: 1.5  loss: 1.7183  time: 0.116  data_time: 0.001  forward_time: 0.014  backward_time: 0.029  lr: 0.000100  max_mem: 7782M    
[2026-01-21 06:20:31]   eta: 15:27:20  iter: 6045  progress: 1.5  loss: 2.0676  time: 0.118  data_time: 0.001  forward_time: 0.014  backward_time: 0.030  lr: 0.000100  max_mem: 7782M    
[2026-01-21 06:20:44]   eta: 15:00:00  iter: 6055  progress: 1.5  loss: 2.0312  time: 0.118  data_time: 0.002  forward_time: 0.015  backward_time: 0.029  lr: 0.000100  max_mem: 7782M    
[2026-01-21 06:20:57]   eta: 15:17:03  iter: 6065  progress: 1.5  loss: 1.9879  time: 0.171  data_time: 0.001  forward_time: 0.088  backward_time: 0.017  lr: 0.000100  max_mem: 7782M    
[2026-01-21 06:21:10]   eta: 14:58:23  iter: 6075  progress: 1.5  loss: 2.1022  time: 0.116  data_time: 0.001  forward_time: 0.014  backward_time: 0.029  lr: 0.000100  max_mem: 7782M    
[2026-01-21 06:21:23]   eta: 14:57:19  iter: 6085  progress: 1.5  loss: 2.1174  time: 0.116  data_time: 0.002  forward_time: 0.017  backward_time: 0.028  lr: 0.000100  max_mem: 7782M    
[2026-01-21 06:21:36]   eta: 14:58:31  iter: 6095  progress: 1.5  loss: 2.0206  time: 0.118  data_time: 0.001  forward_time: 0.015  backward_time: 0.029  lr: 0.000100  max_mem: 7782M    
[2026-01-21 06:21:49]   eta: 15:20:05  iter: 6105  progress: 1.5  loss: 2.0187  time: 0.137  data_time: 0.001  forward_time: 0.018  backward_time: 0.075  lr: 0.000100  max_mem: 7782M    
[2026-01-21 06:22:01]   eta: 15:41:46  iter: 6115  progress: 1.5  loss: 3.0724  time: 0.116  data_time: 0.002  forward_time: 0.015  backward_time: 0.029  lr: 0.000100  max_mem: 7782M    
[2026-01-21 06:22:15]   eta: 15:25:15  iter: 6125  progress: 1.5  loss: 1.9732  time: 0.150  data_time: 0.001  forward_time: 0.014  backward_time: 0.085  lr: 0.000100  max_mem: 7782M    
[2026-01-21 06:22:28]   eta: 15:43:31  iter: 6135  progress: 1.5  loss: 2.2059  time: 0.118  data_time: 0.002  forward_time: 0.014  backward_time: 0.030  lr: 0.000100  max_mem: 7782M    
[2026-01-21 06:22:42]   eta: 15:34:32  iter: 6145  progress: 1.5  loss: 2.5282  time: 0.118  data_time: 0.002  forward_time: 0.014  backward_time: 0.030  lr: 0.000100  max_mem: 7782M    
[2026-01-21 06:22:56]   eta: 15:44:36  iter: 6155  progress: 1.5  loss: 2.1096  time: 0.117  data_time: 0.002  forward_time: 0.017  backward_time: 0.027  lr: 0.000100  max_mem: 7782M    
[2026-01-21 06:23:10]   eta: 15:05:13  iter: 6165  progress: 1.5  loss: 2.0857  time: 0.182  data_time: 0.001  forward_time: 0.091  backward_time: 0.018  lr: 0.000100  max_mem: 7782M    
[2026-01-21 06:23:23]   eta: 15:31:47  iter: 6175  progress: 1.5  loss: 2.6513  time: 0.118  data_time: 0.002  forward_time: 0.017  backward_time: 0.028  lr: 0.000100  max_mem: 7782M    
[2026-01-21 06:23:36]   eta: 15:20:52  iter: 6185  progress: 1.5  loss: 2.4335  time: 0.118  data_time: 0.002  forward_time: 0.014  backward_time: 0.069  lr: 0.000100  max_mem: 7782M    
[2026-01-21 06:23:48]   eta: 15:54:28  iter: 6195  progress: 1.5  loss: 1.9349  time: 0.185  data_time: 0.001  forward_time: 0.093  backward_time: 0.019  lr: 0.000100  max_mem: 7782M    
[2026-01-21 06:24:02]   eta: 15:48:38  iter: 6205  progress: 1.5  loss: 1.9341  time: 0.116  data_time: 0.002  forward_time: 0.016  backward_time: 0.028  lr: 0.000100  max_mem: 7782M    
[2026-01-21 06:24:15]   eta: 15:59:12  iter: 6215  progress: 1.5  loss: 3.0667  time: 0.116  data_time: 0.001  forward_time: 0.016  backward_time: 0.028  lr: 0.000100  max_mem: 7782M    
[2026-01-21 06:24:28]   eta: 16:00:28  iter: 6225  progress: 1.5  loss: 2.0531  time: 0.118  data_time: 0.001  forward_time: 0.014  backward_time: 0.030  lr: 0.000100  max_mem: 7782M    
[2026-01-21 06:24:42]   eta: 16:03:44  iter: 6235  progress: 1.5  loss: 2.1520  time: 0.116  data_time: 0.002  forward_time: 0.017  backward_time: 0.028  lr: 0.000100  max_mem: 7782M    
[2026-01-21 06:24:55]   eta: 15:37:32  iter: 6245  progress: 1.5  loss: 2.0237  time: 0.116  data_time: 0.002  forward_time: 0.016  backward_time: 0.028  lr: 0.000100  max_mem: 7782M    
[2026-01-21 06:25:09]   eta: 15:32:51  iter: 6255  progress: 1.5  loss: 1.8141  time: 0.115  data_time: 0.001  forward_time: 0.014  backward_time: 0.029  lr: 0.000100  max_mem: 7782M    
[2026-01-21 06:25:22]   eta: 15:35:38  iter: 6265  progress: 1.5  loss: 2.4529  time: 0.178  data_time: 0.002  forward_time: 0.093  backward_time: 0.017  lr: 0.000100  max_mem: 7782M    
[2026-01-21 06:25:35]   eta: 15:31:13  iter: 6275  progress: 1.5  loss: 2.5686  time: 0.118  data_time: 0.002  forward_time: 0.015  backward_time: 0.029  lr: 0.000100  max_mem: 7782M    
[2026-01-21 06:25:48]   eta: 15:31:33  iter: 6285  progress: 1.5  loss: 2.0236  time: 0.196  data_time: 0.008  forward_time: 0.088  backward_time: 0.029  lr: 0.000100  max_mem: 7782M    
[2026-01-21 06:26:01]   eta: 15:28:53  iter: 6295  progress: 1.5  loss: 2.3477  time: 0.178  data_time: 0.001  forward_time: 0.086  backward_time: 0.018  lr: 0.000100  max_mem: 7782M    
[2026-01-21 06:26:14]   eta: 15:24:17  iter: 6305  progress: 1.5  loss: 1.9359  time: 0.118  data_time: 0.002  forward_time: 0.014  backward_time: 0.030  lr: 0.000100  max_mem: 7782M    
[2026-01-21 06:26:27]   eta: 15:35:18  iter: 6315  progress: 1.5  loss: 2.2605  time: 0.172  data_time: 0.002  forward_time: 0.089  backward_time: 0.017  lr: 0.000100  max_mem: 7782M    
[2026-01-21 06:26:41]   eta: 15:43:03  iter: 6325  progress: 1.5  loss: 2.0956  time: 0.177  data_time: 0.001  forward_time: 0.091  backward_time: 0.017  lr: 0.000100  max_mem: 7782M    
[2026-01-21 06:26:54]   eta: 16:11:23  iter: 6335  progress: 1.5  loss: 2.0974  time: 0.184  data_time: 0.005  forward_time: 0.083  backward_time: 0.026  lr: 0.000100  max_mem: 7782M    
[2026-01-21 06:27:07]   eta: 16:06:01  iter: 6345  progress: 1.5  loss: 2.3309  time: 0.116  data_time: 0.002  forward_time: 0.016  backward_time: 0.028  lr: 0.000100  max_mem: 7782M    
[2026-01-21 06:27:21]   eta: 15:57:22  iter: 6355  progress: 1.5  loss: 1.9218  time: 0.118  data_time: 0.002  forward_time: 0.014  backward_time: 0.030  lr: 0.000100  max_mem: 7782M    
[2026-01-21 06:27:34]   eta: 15:48:13  iter: 6365  progress: 1.5  loss: 1.8970  time: 0.203  data_time: 0.089  forward_time: 0.015  backward_time: 0.028  lr: 0.000100  max_mem: 7782M    
[2026-01-21 06:27:48]   eta: 15:13:57  iter: 6375  progress: 1.5  loss: 2.2750  time: 0.116  data_time: 0.002  forward_time: 0.015  backward_time: 0.028  lr: 0.000100  max_mem: 7782M    
[2026-01-21 06:28:01]   eta: 14:37:27  iter: 6385  progress: 1.5  loss: 1.8789  time: 0.116  data_time: 0.002  forward_time: 0.017  backward_time: 0.027  lr: 0.000100  max_mem: 7782M    
[2026-01-21 06:28:14]   eta: 14:34:04  iter: 6395  progress: 1.5  loss: 2.3044  time: 0.151  data_time: 0.002  forward_time: 0.072  backward_time: 0.017  lr: 0.000100  max_mem: 7782M    
[2026-01-21 06:28:28]   eta: 14:56:36  iter: 6405  progress: 1.5  loss: 1.8074  time: 0.116  data_time: 0.002  forward_time: 0.014  backward_time: 0.029  lr: 0.000100  max_mem: 7782M    
[2026-01-21 06:28:41]   eta: 15:14:13  iter: 6415  progress: 1.5  loss: 1.9008  time: 0.119  data_time: 0.002  forward_time: 0.016  backward_time: 0.029  lr: 0.000100  max_mem: 7782M    
[2026-01-21 06:28:55]   eta: 15:08:37  iter: 6425  progress: 1.5  loss: 2.1973  time: 0.116  data_time: 0.001  forward_time: 0.016  backward_time: 0.029  lr: 0.000100  max_mem: 7782M    
[2026-01-21 06:29:08]   eta: 14:55:34  iter: 6435  progress: 1.5  loss: 2.0493  time: 0.116  data_time: 0.002  forward_time: 0.015  backward_time: 0.028  lr: 0.000100  max_mem: 7782M    
[2026-01-21 06:29:21]   eta: 14:50:12  iter: 6445  progress: 1.6  loss: 1.7277  time: 0.116  data_time: 0.001  forward_time: 0.015  backward_time: 0.029  lr: 0.000100  max_mem: 7782M    
[2026-01-21 06:29:34]   eta: 14:42:20  iter: 6455  progress: 1.6  loss: 2.3478  time: 0.153  data_time: 0.002  forward_time: 0.075  backward_time: 0.017  lr: 0.000100  max_mem: 7782M    
[2026-01-21 06:29:48]   eta: 14:40:35  iter: 6465  progress: 1.6  loss: 1.9624  time: 0.172  data_time: 0.002  forward_time: 0.088  backward_time: 0.017  lr: 0.000100  max_mem: 7782M    
[2026-01-21 06:30:02]   eta: 15:03:19  iter: 6475  progress: 1.6  loss: 1.8941  time: 0.116  data_time: 0.002  forward_time: 0.015  backward_time: 0.029  lr: 0.000100  max_mem: 7782M    
[2026-01-21 06:30:15]   eta: 15:27:39  iter: 6485  progress: 1.6  loss: 1.9845  time: 0.117  data_time: 0.001  forward_time: 0.014  backward_time: 0.029  lr: 0.000100  max_mem: 7782M    
[2026-01-21 06:30:28]   eta: 15:27:38  iter: 6495  progress: 1.6  loss: 2.3626  time: 0.116  data_time: 0.001  forward_time: 0.014  backward_time: 0.069  lr: 0.000100  max_mem: 7782M    
[2026-01-21 06:30:42]   eta: 15:33:06  iter: 6505  progress: 1.6  loss: 1.7343  time: 0.119  data_time: 0.002  forward_time: 0.016  backward_time: 0.028  lr: 0.000100  max_mem: 7782M    
[2026-01-21 06:30:54]   eta: 14:59:50  iter: 6515  progress: 1.6  loss: 2.1054  time: 0.116  data_time: 0.002  forward_time: 0.014  backward_time: 0.029  lr: 0.000100  max_mem: 7782M    
[2026-01-21 06:31:08]   eta: 14:53:43  iter: 6525  progress: 1.6  loss: 2.1431  time: 0.159  data_time: 0.002  forward_time: 0.014  backward_time: 0.086  lr: 0.000100  max_mem: 7782M    
[2026-01-21 06:31:21]   eta: 14:43:06  iter: 6535  progress: 1.6  loss: 2.3738  time: 0.116  data_time: 0.002  forward_time: 0.014  backward_time: 0.029  lr: 0.000100  max_mem: 7782M    
[2026-01-21 06:31:34]   eta: 15:02:51  iter: 6545  progress: 1.6  loss: 2.1303  time: 0.187  data_time: 0.001  forward_time: 0.093  backward_time: 0.019  lr: 0.000100  max_mem: 7782M    
[2026-01-21 06:31:47]   eta: 15:07:35  iter: 6555  progress: 1.6  loss: 2.0313  time: 0.165  data_time: 0.002  forward_time: 0.086  backward_time: 0.017  lr: 0.000100  max_mem: 7782M    
[2026-01-21 06:32:01]   eta: 15:46:14  iter: 6565  progress: 1.6  loss: 1.7811  time: 0.183  data_time: 0.001  forward_time: 0.092  backward_time: 0.018  lr: 0.000100  max_mem: 7782M    
[2026-01-21 06:32:14]   eta: 16:07:12  iter: 6575  progress: 1.6  loss: 1.8829  time: 0.118  data_time: 0.002  forward_time: 0.015  backward_time: 0.029  lr: 0.000100  max_mem: 7782M    
[2026-01-21 06:32:28]   eta: 16:14:23  iter: 6585  progress: 1.6  loss: 2.1373  time: 0.118  data_time: 0.002  forward_time: 0.015  backward_time: 0.029  lr: 0.000100  max_mem: 7782M    
[2026-01-21 06:32:41]   eta: 15:52:36  iter: 6595  progress: 1.6  loss: 2.2943  time: 0.116  data_time: 0.001  forward_time: 0.014  backward_time: 0.029  lr: 0.000100  max_mem: 7782M    
[2026-01-21 06:32:54]   eta: 15:45:04  iter: 6605  progress: 1.6  loss: 1.5815  time: 0.118  data_time: 0.002  forward_time: 0.014  backward_time: 0.030  lr: 0.000100  max_mem: 7782M    
[2026-01-21 06:33:07]   eta: 15:00:31  iter: 6615  progress: 1.6  loss: 2.5292  time: 0.116  data_time: 0.001  forward_time: 0.014  backward_time: 0.029  lr: 0.000100  max_mem: 7782M    
[2026-01-21 06:33:20]   eta: 14:32:47  iter: 6625  progress: 1.6  loss: 2.1189  time: 0.116  data_time: 0.001  forward_time: 0.015  backward_time: 0.028  lr: 0.000100  max_mem: 7782M    
[2026-01-21 06:33:32]   eta: 15:09:56  iter: 6635  progress: 1.6  loss: 2.2587  time: 0.172  data_time: 0.001  forward_time: 0.088  backward_time: 0.017  lr: 0.000100  max_mem: 7782M    
[2026-01-21 06:33:45]   eta: 15:10:51  iter: 6645  progress: 1.6  loss: 2.3226  time: 0.116  data_time: 0.001  forward_time: 0.015  backward_time: 0.028  lr: 0.000100  max_mem: 7782M    
[2026-01-21 06:33:58]   eta: 15:21:54  iter: 6655  progress: 1.6  loss: 2.1641  time: 0.172  data_time: 0.002  forward_time: 0.089  backward_time: 0.017  lr: 0.000100  max_mem: 7782M    
[2026-01-21 06:34:12]   eta: 15:52:39  iter: 6665  progress: 1.6  loss: 1.9360  time: 0.118  data_time: 0.002  forward_time: 0.015  backward_time: 0.030  lr: 0.000100  max_mem: 7782M    
[2026-01-21 06:34:25]   eta: 16:06:59  iter: 6675  progress: 1.6  loss: 1.9511  time: 0.176  data_time: 0.002  forward_time: 0.089  backward_time: 0.018  lr: 0.000100  max_mem: 7782M    
[2026-01-21 06:34:38]   eta: 15:18:01  iter: 6685  progress: 1.6  loss: 2.6839  time: 0.116  data_time: 0.001  forward_time: 0.015  backward_time: 0.029  lr: 0.000100  max_mem: 7782M    
[2026-01-21 06:34:51]   eta: 15:26:16  iter: 6695  progress: 1.6  loss: 2.3308  time: 0.155  data_time: 0.001  forward_time: 0.015  backward_time: 0.084  lr: 0.000100  max_mem: 7782M    
[2026-01-21 06:35:04]   eta: 15:04:35  iter: 6705  progress: 1.6  loss: 2.6153  time: 0.116  data_time: 0.002  forward_time: 0.015  backward_time: 0.028  lr: 0.000100  max_mem: 7782M    
[2026-01-21 06:35:17]   eta: 15:25:38  iter: 6715  progress: 1.6  loss: 1.6744  time: 0.180  data_time: 0.002  forward_time: 0.099  backward_time: 0.023  lr: 0.000100  max_mem: 7782M    
[2026-01-21 06:35:30]   eta: 15:18:24  iter: 6725  progress: 1.6  loss: 1.7691  time: 0.192  data_time: 0.001  forward_time: 0.096  backward_time: 0.023  lr: 0.000100  max_mem: 7782M    
[2026-01-21 06:35:43]   eta: 15:37:00  iter: 6735  progress: 1.6  loss: 2.5337  time: 0.116  data_time: 0.001  forward_time: 0.016  backward_time: 0.027  lr: 0.000100  max_mem: 7782M    
[2026-01-21 06:35:56]   eta: 15:39:32  iter: 6745  progress: 1.6  loss: 1.9761  time: 0.116  data_time: 0.002  forward_time: 0.014  backward_time: 0.029  lr: 0.000100  max_mem: 7782M    
[2026-01-21 06:36:09]   eta: 16:12:31  iter: 6755  progress: 1.6  loss: 2.0523  time: 0.117  data_time: 0.002  forward_time: 0.018  backward_time: 0.027  lr: 0.000100  max_mem: 7782M    
[2026-01-21 06:36:22]   eta: 15:44:53  iter: 6765  progress: 1.6  loss: 1.9883  time: 0.116  data_time: 0.002  forward_time: 0.014  backward_time: 0.029  lr: 0.000100  max_mem: 7782M    
[2026-01-21 06:36:35]   eta: 15:54:59  iter: 6775  progress: 1.6  loss: 2.0226  time: 0.118  data_time: 0.002  forward_time: 0.017  backward_time: 0.028  lr: 0.000100  max_mem: 7782M    
[2026-01-21 06:36:48]   eta: 15:51:10  iter: 6785  progress: 1.6  loss: 2.3801  time: 0.118  data_time: 0.002  forward_time: 0.018  backward_time: 0.028  lr: 0.000100  max_mem: 7782M    
[2026-01-21 06:37:01]   eta: 15:39:15  iter: 6795  progress: 1.6  loss: 2.4828  time: 0.162  data_time: 0.002  forward_time: 0.020  backward_time: 0.082  lr: 0.000100  max_mem: 7782M    
[2026-01-21 06:37:14]   eta: 15:31:55  iter: 6805  progress: 1.6  loss: 2.1510  time: 0.119  data_time: 0.002  forward_time: 0.016  backward_time: 0.029  lr: 0.000100  max_mem: 7782M    
[2026-01-21 06:37:27]   eta: 15:39:33  iter: 6815  progress: 1.6  loss: 2.3753  time: 0.116  data_time: 0.001  forward_time: 0.015  backward_time: 0.028  lr: 0.000100  max_mem: 7782M    
[2026-01-21 06:37:40]   eta: 15:52:50  iter: 6825  progress: 1.6  loss: 2.0739  time: 0.160  data_time: 0.001  forward_time: 0.081  backward_time: 0.017  lr: 0.000100  max_mem: 7782M    
[2026-01-21 06:37:53]   eta: 15:44:50  iter: 6835  progress: 1.6  loss: 2.6778  time: 0.116  data_time: 0.001  forward_time: 0.015  backward_time: 0.029  lr: 0.000100  max_mem: 7782M    
[2026-01-21 06:38:07]   eta: 15:48:26  iter: 6845  progress: 1.6  loss: 2.0462  time: 0.116  data_time: 0.002  forward_time: 0.015  backward_time: 0.028  lr: 0.000100  max_mem: 7782M    
[2026-01-21 06:38:20]   eta: 15:18:54  iter: 6855  progress: 1.6  loss: 2.6645  time: 0.196  data_time: 0.002  forward_time: 0.097  backward_time: 0.028  lr: 0.000100  max_mem: 7782M    
[2026-01-21 06:38:33]   eta: 15:12:18  iter: 6865  progress: 1.7  loss: 2.3493  time: 0.166  data_time: 0.002  forward_time: 0.088  backward_time: 0.017  lr: 0.000100  max_mem: 7782M    
[2026-01-21 06:38:46]   eta: 15:28:09  iter: 6875  progress: 1.7  loss: 2.1738  time: 0.173  data_time: 0.001  forward_time: 0.090  backward_time: 0.017  lr: 0.000100  max_mem: 7782M    
[2026-01-21 06:39:00]   eta: 15:13:49  iter: 6885  progress: 1.7  loss: 2.3972  time: 0.116  data_time: 0.002  forward_time: 0.016  backward_time: 0.028  lr: 0.000100  max_mem: 7782M    
[2026-01-21 06:39:14]   eta: 15:19:32  iter: 6895  progress: 1.7  loss: 2.3694  time: 0.185  data_time: 0.002  forward_time: 0.094  backward_time: 0.019  lr: 0.000100  max_mem: 7782M    
[2026-01-21 06:39:27]   eta: 15:28:50  iter: 6905  progress: 1.7  loss: 2.5093  time: 0.185  data_time: 0.001  forward_time: 0.087  backward_time: 0.026  lr: 0.000100  max_mem: 7782M    
[2026-01-21 06:39:40]   eta: 15:30:32  iter: 6915  progress: 1.7  loss: 2.1166  time: 0.150  data_time: 0.001  forward_time: 0.015  backward_time: 0.082  lr: 0.000100  max_mem: 7782M    
[2026-01-21 06:39:53]   eta: 14:56:58  iter: 6925  progress: 1.7  loss: 2.3006  time: 0.116  data_time: 0.001  forward_time: 0.014  backward_time: 0.029  lr: 0.000100  max_mem: 7782M    
[2026-01-21 06:40:06]   eta: 15:10:40  iter: 6935  progress: 1.7  loss: 1.7371  time: 0.116  data_time: 0.001  forward_time: 0.014  backward_time: 0.029  lr: 0.000100  max_mem: 7782M    
[2026-01-21 06:40:19]   eta: 15:17:50  iter: 6945  progress: 1.7  loss: 1.9888  time: 0.171  data_time: 0.001  forward_time: 0.072  backward_time: 0.026  lr: 0.000100  max_mem: 7782M    
[2026-01-21 06:40:32]   eta: 15:24:08  iter: 6955  progress: 1.7  loss: 2.6414  time: 0.171  data_time: 0.002  forward_time: 0.088  backward_time: 0.017  lr: 0.000100  max_mem: 7782M    
[2026-01-21 06:40:45]   eta: 15:45:26  iter: 6965  progress: 1.7  loss: 2.1431  time: 0.115  data_time: 0.001  forward_time: 0.014  backward_time: 0.029  lr: 0.000100  max_mem: 7782M    
[2026-01-21 06:40:58]   eta: 15:48:51  iter: 6975  progress: 1.7  loss: 1.9655  time: 0.116  data_time: 0.001  forward_time: 0.014  backward_time: 0.029  lr: 0.000100  max_mem: 7782M    
[2026-01-21 06:41:11]   eta: 15:28:12  iter: 6985  progress: 1.7  loss: 2.0100  time: 0.118  data_time: 0.002  forward_time: 0.015  backward_time: 0.029  lr: 0.000100  max_mem: 7782M    
[2026-01-21 06:41:24]   eta: 15:32:03  iter: 6995  progress: 1.7  loss: 2.4929  time: 0.116  data_time: 0.002  forward_time: 0.014  backward_time: 0.029  lr: 0.000100  max_mem: 7782M    
[2026-01-21 06:41:37]   eta: 15:38:39  iter: 7005  progress: 1.7  loss: 2.1107  time: 0.116  data_time: 0.002  forward_time: 0.014  backward_time: 0.029  lr: 0.000100  max_mem: 7782M    
[2026-01-21 06:41:50]   eta: 15:13:10  iter: 7015  progress: 1.7  loss: 2.4283  time: 0.118  data_time: 0.002  forward_time: 0.014  backward_time: 0.030  lr: 0.000100  max_mem: 7782M    
[2026-01-21 06:42:04]   eta: 15:13:01  iter: 7025  progress: 1.7  loss: 2.2076  time: 0.130  data_time: 0.001  forward_time: 0.028  backward_time: 0.061  lr: 0.000100  max_mem: 7782M    
[2026-01-21 06:42:17]   eta: 15:26:01  iter: 7035  progress: 1.7  loss: 2.5099  time: 0.116  data_time: 0.002  forward_time: 0.015  backward_time: 0.028  lr: 0.000100  max_mem: 7782M    
[2026-01-21 06:42:30]   eta: 15:26:08  iter: 7045  progress: 1.7  loss: 1.9770  time: 0.181  data_time: 0.001  forward_time: 0.093  backward_time: 0.017  lr: 0.000100  max_mem: 7782M    
[2026-01-21 06:42:44]   eta: 15:19:41  iter: 7055  progress: 1.7  loss: 2.7874  time: 0.184  data_time: 0.002  forward_time: 0.094  backward_time: 0.020  lr: 0.000100  max_mem: 7782M    
[2026-01-21 06:42:56]   eta: 15:25:21  iter: 7065  progress: 1.7  loss: 2.4447  time: 0.116  data_time: 0.002  forward_time: 0.014  backward_time: 0.029  lr: 0.000100  max_mem: 7782M    
[2026-01-21 06:43:09]   eta: 15:15:33  iter: 7075  progress: 1.7  loss: 1.7517  time: 0.118  data_time: 0.002  forward_time: 0.015  backward_time: 0.029  lr: 0.000100  max_mem: 7782M    
[2026-01-21 06:43:22]   eta: 15:19:51  iter: 7085  progress: 1.7  loss: 1.9131  time: 0.181  data_time: 0.001  forward_time: 0.092  backward_time: 0.017  lr: 0.000100  max_mem: 7782M    
[2026-01-21 06:43:35]   eta: 14:58:52  iter: 7095  progress: 1.7  loss: 1.9154  time: 0.116  data_time: 0.002  forward_time: 0.015  backward_time: 0.076  lr: 0.000100  max_mem: 7782M    
[2026-01-21 06:43:48]   eta: 15:05:27  iter: 7105  progress: 1.7  loss: 2.1793  time: 0.158  data_time: 0.001  forward_time: 0.074  backward_time: 0.018  lr: 0.000100  max_mem: 7782M    
[2026-01-21 06:44:02]   eta: 15:11:08  iter: 7115  progress: 1.7  loss: 1.9587  time: 0.116  data_time: 0.002  forward_time: 0.014  backward_time: 0.029  lr: 0.000100  max_mem: 7782M    
[2026-01-21 06:44:15]   eta: 15:18:47  iter: 7125  progress: 1.7  loss: 2.1714  time: 0.122  data_time: 0.002  forward_time: 0.020  backward_time: 0.029  lr: 0.000100  max_mem: 7782M    
[2026-01-21 06:44:27]   eta: 15:20:10  iter: 7135  progress: 1.7  loss: 2.0234  time: 0.116  data_time: 0.002  forward_time: 0.019  backward_time: 0.025  lr: 0.000100  max_mem: 7782M    
[2026-01-21 06:44:41]   eta: 15:38:14  iter: 7145  progress: 1.7  loss: 1.9635  time: 0.185  data_time: 0.002  forward_time: 0.093  backward_time: 0.019  lr: 0.000100  max_mem: 7782M    
[2026-01-21 06:44:54]   eta: 15:33:01  iter: 7155  progress: 1.7  loss: 2.0836  time: 0.116  data_time: 0.002  forward_time: 0.015  backward_time: 0.028  lr: 0.000100  max_mem: 7782M    
[2026-01-21 06:45:07]   eta: 15:20:09  iter: 7165  progress: 1.7  loss: 2.0891  time: 0.116  data_time: 0.002  forward_time: 0.015  backward_time: 0.028  lr: 0.000100  max_mem: 7782M    
[2026-01-21 06:45:21]   eta: 15:10:20  iter: 7175  progress: 1.7  loss: 1.8983  time: 0.117  data_time: 0.002  forward_time: 0.016  backward_time: 0.028  lr: 0.000100  max_mem: 7782M    
[2026-01-21 06:45:35]   eta: 15:48:13  iter: 7185  progress: 1.7  loss: 1.9843  time: 0.195  data_time: 0.007  forward_time: 0.091  backward_time: 0.027  lr: 0.000100  max_mem: 7782M    
[2026-01-21 06:45:48]   eta: 15:28:50  iter: 7195  progress: 1.7  loss: 1.9698  time: 0.117  data_time: 0.002  forward_time: 0.016  backward_time: 0.028  lr: 0.000100  max_mem: 7782M    
[2026-01-21 06:46:02]   eta: 15:25:16  iter: 7205  progress: 1.7  loss: 2.2325  time: 0.116  data_time: 0.001  forward_time: 0.015  backward_time: 0.029  lr: 0.000100  max_mem: 7782M    
[2026-01-21 06:46:15]   eta: 15:10:41  iter: 7215  progress: 1.7  loss: 2.3631  time: 0.116  data_time: 0.002  forward_time: 0.014  backward_time: 0.029  lr: 0.000100  max_mem: 7782M    
[2026-01-21 06:46:28]   eta: 15:36:48  iter: 7225  progress: 1.7  loss: 1.7211  time: 0.185  data_time: 0.002  forward_time: 0.093  backward_time: 0.018  lr: 0.000100  max_mem: 7782M    
[2026-01-21 06:46:41]   eta: 14:57:27  iter: 7235  progress: 1.7  loss: 2.3667  time: 0.116  data_time: 0.001  forward_time: 0.014  backward_time: 0.029  lr: 0.000100  max_mem: 7782M    
[2026-01-21 06:46:54]   eta: 15:10:20  iter: 7245  progress: 1.7  loss: 2.5332  time: 0.118  data_time: 0.002  forward_time: 0.014  backward_time: 0.030  lr: 0.000100  max_mem: 7782M    
[2026-01-21 06:47:08]   eta: 15:18:45  iter: 7255  progress: 1.7  loss: 2.2232  time: 0.118  data_time: 0.002  forward_time: 0.014  backward_time: 0.030  lr: 0.000100  max_mem: 7782M    
[2026-01-21 06:47:21]   eta: 15:34:52  iter: 7265  progress: 1.7  loss: 2.3542  time: 0.116  data_time: 0.002  forward_time: 0.016  backward_time: 0.028  lr: 0.000100  max_mem: 7782M    
[2026-01-21 06:47:35]   eta: 15:04:58  iter: 7275  progress: 1.8  loss: 2.4170  time: 0.118  data_time: 0.002  forward_time: 0.015  backward_time: 0.029  lr: 0.000100  max_mem: 7782M    
[2026-01-21 06:47:49]   eta: 14:57:05  iter: 7285  progress: 1.8  loss: 2.6033  time: 0.119  data_time: 0.002  forward_time: 0.017  backward_time: 0.028  lr: 0.000100  max_mem: 7782M    
[2026-01-21 06:48:01]   eta: 14:45:56  iter: 7295  progress: 1.8  loss: 2.2655  time: 0.116  data_time: 0.002  forward_time: 0.015  backward_time: 0.028  lr: 0.000100  max_mem: 7782M    
[2026-01-21 06:48:14]   eta: 14:20:34  iter: 7305  progress: 1.8  loss: 2.0490  time: 0.118  data_time: 0.002  forward_time: 0.015  backward_time: 0.029  lr: 0.000100  max_mem: 7782M    
[2026-01-21 06:48:28]   eta: 14:37:00  iter: 7315  progress: 1.8  loss: 2.1671  time: 0.119  data_time: 0.002  forward_time: 0.019  backward_time: 0.026  lr: 0.000100  max_mem: 7782M    
[2026-01-21 06:48:41]   eta: 14:52:03  iter: 7325  progress: 1.8  loss: 2.2228  time: 0.116  data_time: 0.002  forward_time: 0.014  backward_time: 0.029  lr: 0.000100  max_mem: 7782M    
[2026-01-21 06:48:54]   eta: 14:53:52  iter: 7335  progress: 1.8  loss: 1.9981  time: 0.116  data_time: 0.002  forward_time: 0.014  backward_time: 0.029  lr: 0.000100  max_mem: 7782M    
[2026-01-21 06:49:07]   eta: 15:14:37  iter: 7345  progress: 1.8  loss: 2.5489  time: 0.193  data_time: 0.002  forward_time: 0.097  backward_time: 0.022  lr: 0.000100  max_mem: 7782M    
[2026-01-21 06:49:20]   eta: 15:31:55  iter: 7355  progress: 1.8  loss: 1.9779  time: 0.116  data_time: 0.002  forward_time: 0.015  backward_time: 0.028  lr: 0.000100  max_mem: 7782M    
[2026-01-21 06:49:34]   eta: 15:10:45  iter: 7365  progress: 1.8  loss: 2.1087  time: 0.116  data_time: 0.002  forward_time: 0.016  backward_time: 0.028  lr: 0.000100  max_mem: 7782M    
[2026-01-21 06:49:48]   eta: 15:27:05  iter: 7375  progress: 1.8  loss: 2.0901  time: 0.116  data_time: 0.002  forward_time: 0.014  backward_time: 0.029  lr: 0.000100  max_mem: 7782M    
[2026-01-21 06:50:02]   eta: 15:33:01  iter: 7385  progress: 1.8  loss: 1.9189  time: 0.116  data_time: 0.002  forward_time: 0.022  backward_time: 0.023  lr: 0.000100  max_mem: 7782M    
[2026-01-21 06:50:15]   eta: 15:46:19  iter: 7395  progress: 1.8  loss: 2.1388  time: 0.116  data_time: 0.002  forward_time: 0.017  backward_time: 0.027  lr: 0.000100  max_mem: 7782M    
[2026-01-21 06:50:29]   eta: 15:57:33  iter: 7405  progress: 1.8  loss: 2.1315  time: 0.118  data_time: 0.002  forward_time: 0.014  backward_time: 0.030  lr: 0.000100  max_mem: 7782M    
[2026-01-21 06:50:42]   eta: 16:02:32  iter: 7415  progress: 1.8  loss: 1.7917  time: 0.116  data_time: 0.002  forward_time: 0.014  backward_time: 0.029  lr: 0.000100  max_mem: 7782M    
[2026-01-21 06:50:55]   eta: 15:56:33  iter: 7425  progress: 1.8  loss: 1.8387  time: 0.116  data_time: 0.002  forward_time: 0.015  backward_time: 0.028  lr: 0.000100  max_mem: 7782M    
[2026-01-21 06:51:09]   eta: 15:38:04  iter: 7435  progress: 1.8  loss: 1.9258  time: 0.116  data_time: 0.002  forward_time: 0.015  backward_time: 0.028  lr: 0.000100  max_mem: 7782M    
[2026-01-21 06:51:22]   eta: 15:09:23  iter: 7445  progress: 1.8  loss: 2.2256  time: 0.162  data_time: 0.002  forward_time: 0.079  backward_time: 0.017  lr: 0.000100  max_mem: 7782M    
[2026-01-21 06:51:35]   eta: 15:01:27  iter: 7455  progress: 1.8  loss: 1.8820  time: 0.159  data_time: 0.002  forward_time: 0.073  backward_time: 0.017  lr: 0.000100  max_mem: 7782M    
[2026-01-21 06:51:49]   eta: 14:47:24  iter: 7465  progress: 1.8  loss: 2.3658  time: 0.116  data_time: 0.002  forward_time: 0.015  backward_time: 0.028  lr: 0.000100  max_mem: 7782M    
[2026-01-21 06:52:02]   eta: 14:38:34  iter: 7475  progress: 1.8  loss: 2.7105  time: 0.167  data_time: 0.002  forward_time: 0.081  backward_time: 0.017  lr: 0.000100  max_mem: 7782M    
[2026-01-21 06:52:15]   eta: 14:49:40  iter: 7485  progress: 1.8  loss: 2.0415  time: 0.117  data_time: 0.002  forward_time: 0.015  backward_time: 0.029  lr: 0.000100  max_mem: 7782M    
[2026-01-21 06:52:29]   eta: 15:14:09  iter: 7495  progress: 1.8  loss: 2.0759  time: 0.173  data_time: 0.002  forward_time: 0.090  backward_time: 0.017  lr: 0.000100  max_mem: 7782M    
[2026-01-21 06:52:42]   eta: 14:55:06  iter: 7505  progress: 1.8  loss: 1.9192  time: 0.118  data_time: 0.002  forward_time: 0.015  backward_time: 0.029  lr: 0.000100  max_mem: 7782M    
[2026-01-21 06:52:55]   eta: 14:50:50  iter: 7515  progress: 1.8  loss: 1.5902  time: 0.119  data_time: 0.002  forward_time: 0.018  backward_time: 0.028  lr: 0.000100  max_mem: 7782M    
[2026-01-21 06:53:07]   eta: 15:07:49  iter: 7525  progress: 1.8  loss: 2.3251  time: 0.199  data_time: 0.002  forward_time: 0.095  backward_time: 0.029  lr: 0.000100  max_mem: 7782M    
[2026-01-21 06:53:21]   eta: 15:17:57  iter: 7535  progress: 1.8  loss: 1.9223  time: 0.116  data_time: 0.001  forward_time: 0.014  backward_time: 0.029  lr: 0.000100  max_mem: 7782M    
[2026-01-21 06:53:34]   eta: 14:55:29  iter: 7545  progress: 1.8  loss: 1.9188  time: 0.116  data_time: 0.002  forward_time: 0.017  backward_time: 0.028  lr: 0.000100  max_mem: 7782M    
[2026-01-21 06:53:48]   eta: 15:01:52  iter: 7555  progress: 1.8  loss: 2.4258  time: 0.116  data_time: 0.002  forward_time: 0.016  backward_time: 0.028  lr: 0.000100  max_mem: 7782M    
[2026-01-21 06:54:01]   eta: 15:09:43  iter: 7565  progress: 1.8  loss: 2.3444  time: 0.116  data_time: 0.002  forward_time: 0.016  backward_time: 0.027  lr: 0.000100  max_mem: 7782M    
[2026-01-21 06:54:14]   eta: 15:01:00  iter: 7575  progress: 1.8  loss: 2.3534  time: 0.117  data_time: 0.002  forward_time: 0.018  backward_time: 0.027  lr: 0.000100  max_mem: 7782M    
[2026-01-21 06:54:27]   eta: 15:10:51  iter: 7585  progress: 1.8  loss: 1.8877  time: 0.118  data_time: 0.001  forward_time: 0.014  backward_time: 0.030  lr: 0.000100  max_mem: 7782M    
[2026-01-21 06:54:40]   eta: 15:28:15  iter: 7595  progress: 1.8  loss: 2.4423  time: 0.174  data_time: 0.002  forward_time: 0.089  backward_time: 0.020  lr: 0.000100  max_mem: 7782M    
[2026-01-21 06:54:54]   eta: 15:38:17  iter: 7605  progress: 1.8  loss: 2.2609  time: 0.116  data_time: 0.001  forward_time: 0.015  backward_time: 0.029  lr: 0.000100  max_mem: 7782M    
[2026-01-21 06:55:07]   eta: 15:53:26  iter: 7615  progress: 1.8  loss: 1.9652  time: 0.172  data_time: 0.001  forward_time: 0.089  backward_time: 0.017  lr: 0.000100  max_mem: 7782M    
[2026-01-21 06:55:20]   eta: 15:37:24  iter: 7625  progress: 1.8  loss: 2.4827  time: 0.173  data_time: 0.001  forward_time: 0.087  backward_time: 0.017  lr: 0.000100  max_mem: 7782M    
[2026-01-21 06:55:33]   eta: 15:45:11  iter: 7635  progress: 1.8  loss: 2.1890  time: 0.203  data_time: 0.089  forward_time: 0.015  backward_time: 0.028  lr: 0.000100  max_mem: 7782M    
[2026-01-21 06:55:46]   eta: 15:22:01  iter: 7645  progress: 1.8  loss: 2.3350  time: 0.116  data_time: 0.002  forward_time: 0.016  backward_time: 0.028  lr: 0.000100  max_mem: 7782M    
[2026-01-21 06:55:59]   eta: 15:32:01  iter: 7655  progress: 1.8  loss: 2.0019  time: 0.175  data_time: 0.002  forward_time: 0.090  backward_time: 0.017  lr: 0.000100  max_mem: 7782M    
[2026-01-21 06:56:11]   eta: 15:26:34  iter: 7665  progress: 1.8  loss: 2.1645  time: 0.175  data_time: 0.002  forward_time: 0.088  backward_time: 0.018  lr: 0.000100  max_mem: 7782M    
[2026-01-21 06:56:25]   eta: 15:42:46  iter: 7675  progress: 1.8  loss: 1.9255  time: 0.179  data_time: 0.002  forward_time: 0.088  backward_time: 0.018  lr: 0.000100  max_mem: 7782M    
[2026-01-21 06:56:38]   eta: 15:34:25  iter: 7685  progress: 1.8  loss: 1.7006  time: 0.198  data_time: 0.001  forward_time: 0.097  backward_time: 0.028  lr: 0.000100  max_mem: 7782M    
[2026-01-21 06:56:52]   eta: 15:56:24  iter: 7695  progress: 1.9  loss: 1.8771  time: 0.176  data_time: 0.001  forward_time: 0.090  backward_time: 0.017  lr: 0.000100  max_mem: 7782M    
[2026-01-21 06:57:06]   eta: 15:49:48  iter: 7705  progress: 1.9  loss: 2.5775  time: 0.116  data_time: 0.001  forward_time: 0.015  backward_time: 0.029  lr: 0.000100  max_mem: 7782M    
[2026-01-21 06:57:18]   eta: 15:44:48  iter: 7715  progress: 1.9  loss: 2.3163  time: 0.118  data_time: 0.001  forward_time: 0.014  backward_time: 0.030  lr: 0.000100  max_mem: 7782M    
[2026-01-21 06:57:32]   eta: 15:35:42  iter: 7725  progress: 1.9  loss: 1.7677  time: 0.116  data_time: 0.002  forward_time: 0.016  backward_time: 0.028  lr: 0.000100  max_mem: 7782M    
[2026-01-21 06:57:45]   eta: 15:29:25  iter: 7735  progress: 1.9  loss: 2.3126  time: 0.175  data_time: 0.002  forward_time: 0.088  backward_time: 0.017  lr: 0.000100  max_mem: 7782M    
[2026-01-21 06:57:59]   eta: 15:22:19  iter: 7745  progress: 1.9  loss: 2.2593  time: 0.116  data_time: 0.002  forward_time: 0.015  backward_time: 0.028  lr: 0.000100  max_mem: 7782M    
[2026-01-21 06:58:12]   eta: 15:25:58  iter: 7755  progress: 1.9  loss: 1.8434  time: 0.116  data_time: 0.001  forward_time: 0.014  backward_time: 0.029  lr: 0.000100  max_mem: 7782M    
[2026-01-21 06:58:25]   eta: 16:08:22  iter: 7765  progress: 1.9  loss: 1.9130  time: 0.116  data_time: 0.002  forward_time: 0.015  backward_time: 0.028  lr: 0.000100  max_mem: 7782M    
[2026-01-21 06:58:39]   eta: 16:23:41  iter: 7775  progress: 1.9  loss: 2.4840  time: 0.116  data_time: 0.001  forward_time: 0.015  backward_time: 0.028  lr: 0.000100  max_mem: 7782M    
[2026-01-21 06:58:52]   eta: 16:31:07  iter: 7785  progress: 1.9  loss: 1.8104  time: 0.151  data_time: 0.002  forward_time: 0.015  backward_time: 0.093  lr: 0.000100  max_mem: 7782M    
[2026-01-21 06:59:05]   eta: 16:45:33  iter: 7795  progress: 1.9  loss: 2.0688  time: 0.168  data_time: 0.001  forward_time: 0.084  backward_time: 0.017  lr: 0.000100  max_mem: 7782M    
[2026-01-21 06:59:17]   eta: 16:40:55  iter: 7805  progress: 1.9  loss: 1.9330  time: 0.116  data_time: 0.002  forward_time: 0.016  backward_time: 0.028  lr: 0.000100  max_mem: 7782M    
[2026-01-21 06:59:31]   eta: 16:04:53  iter: 7815  progress: 1.9  loss: 2.0108  time: 0.116  data_time: 0.001  forward_time: 0.014  backward_time: 0.029  lr: 0.000100  max_mem: 7782M    
[2026-01-21 06:59:44]   eta: 15:59:20  iter: 7825  progress: 1.9  loss: 2.0927  time: 0.116  data_time: 0.002  forward_time: 0.015  backward_time: 0.028  lr: 0.000100  max_mem: 7782M    
[2026-01-21 06:59:57]   eta: 15:56:39  iter: 7835  progress: 1.9  loss: 2.1412  time: 0.116  data_time: 0.002  forward_time: 0.016  backward_time: 0.073  lr: 0.000100  max_mem: 7782M    
[2026-01-21 07:00:10]   eta: 15:35:08  iter: 7845  progress: 1.9  loss: 2.1906  time: 0.137  data_time: 0.002  forward_time: 0.016  backward_time: 0.073  lr: 0.000100  max_mem: 7782M    
[2026-01-21 07:00:23]   eta: 15:06:52  iter: 7855  progress: 1.9  loss: 2.7330  time: 0.115  data_time: 0.001  forward_time: 0.014  backward_time: 0.029  lr: 0.000100  max_mem: 7782M    
[2026-01-21 07:00:36]   eta: 15:01:27  iter: 7865  progress: 1.9  loss: 2.4936  time: 0.116  data_time: 0.002  forward_time: 0.016  backward_time: 0.028  lr: 0.000100  max_mem: 7782M    
[2026-01-21 07:00:49]   eta: 15:18:12  iter: 7875  progress: 1.9  loss: 1.8248  time: 0.184  data_time: 0.001  forward_time: 0.092  backward_time: 0.018  lr: 0.000100  max_mem: 7782M    
[2026-01-21 07:01:02]   eta: 15:07:51  iter: 7885  progress: 1.9  loss: 1.9772  time: 0.116  data_time: 0.002  forward_time: 0.014  backward_time: 0.029  lr: 0.000100  max_mem: 7782M    
[2026-01-21 07:01:16]   eta: 15:08:47  iter: 7895  progress: 1.9  loss: 1.8218  time: 0.116  data_time: 0.002  forward_time: 0.015  backward_time: 0.028  lr: 0.000100  max_mem: 7782M    
[2026-01-21 07:01:29]   eta: 15:52:16  iter: 7905  progress: 1.9  loss: 2.1195  time: 0.118  data_time: 0.002  forward_time: 0.015  backward_time: 0.029  lr: 0.000100  max_mem: 7782M    
[2026-01-21 07:01:42]   eta: 15:55:33  iter: 7915  progress: 1.9  loss: 2.3420  time: 0.116  data_time: 0.002  forward_time: 0.015  backward_time: 0.028  lr: 0.000100  max_mem: 7782M    
[2026-01-21 07:01:55]   eta: 15:27:30  iter: 7925  progress: 1.9  loss: 2.0490  time: 0.116  data_time: 0.002  forward_time: 0.015  backward_time: 0.071  lr: 0.000100  max_mem: 7782M    
[2026-01-21 07:02:08]   eta: 15:15:26  iter: 7935  progress: 1.9  loss: 2.2855  time: 0.116  data_time: 0.002  forward_time: 0.015  backward_time: 0.028  lr: 0.000100  max_mem: 7782M    
[2026-01-21 07:02:23]   eta: 15:36:17  iter: 7945  progress: 1.9  loss: 1.9849  time: 0.172  data_time: 0.002  forward_time: 0.088  backward_time: 0.017  lr: 0.000100  max_mem: 7782M    
[2026-01-21 07:02:37]   eta: 15:03:26  iter: 7955  progress: 1.9  loss: 2.1525  time: 0.119  data_time: 0.002  forward_time: 0.015  backward_time: 0.029  lr: 0.000100  max_mem: 7782M    
[2026-01-21 07:02:51]   eta: 15:09:51  iter: 7965  progress: 1.9  loss: 2.1873  time: 0.118  data_time: 0.002  forward_time: 0.015  backward_time: 0.029  lr: 0.000100  max_mem: 7782M    
[2026-01-21 07:03:05]   eta: 15:23:20  iter: 7975  progress: 1.9  loss: 1.6531  time: 0.116  data_time: 0.002  forward_time: 0.015  backward_time: 0.028  lr: 0.000100  max_mem: 7782M    
[2026-01-21 07:03:19]   eta: 16:12:27  iter: 7985  progress: 1.9  loss: 2.6904  time: 0.172  data_time: 0.002  forward_time: 0.088  backward_time: 0.018  lr: 0.000100  max_mem: 7782M    
[2026-01-21 07:03:32]   eta: 15:44:50  iter: 7995  progress: 1.9  loss: 1.9449  time: 0.117  data_time: 0.002  forward_time: 0.018  backward_time: 0.027  lr: 0.000100  max_mem: 7782M    
[2026-01-21 07:03:46]   eta: 15:49:46  iter: 8005  progress: 1.9  loss: 2.1606  time: 0.118  data_time: 0.001  forward_time: 0.015  backward_time: 0.029  lr: 0.000100  max_mem: 7782M    
[2026-01-21 07:03:59]   eta: 15:36:25  iter: 8015  progress: 1.9  loss: 2.2669  time: 0.116  data_time: 0.002  forward_time: 0.014  backward_time: 0.029  lr: 0.000100  max_mem: 7782M    
[2026-01-21 07:04:12]   eta: 15:17:23  iter: 8025  progress: 1.9  loss: 2.2671  time: 0.116  data_time: 0.002  forward_time: 0.015  backward_time: 0.028  lr: 0.000100  max_mem: 7782M    
[2026-01-21 07:04:25]   eta: 14:45:14  iter: 8035  progress: 1.9  loss: 2.6444  time: 0.187  data_time: 0.002  forward_time: 0.093  backward_time: 0.023  lr: 0.000100  max_mem: 7782M    
[2026-01-21 07:04:40]   eta: 14:55:26  iter: 8045  progress: 1.9  loss: 2.0898  time: 0.116  data_time: 0.002  forward_time: 0.014  backward_time: 0.029  lr: 0.000100  max_mem: 7782M    
[2026-01-21 07:04:52]   eta: 14:47:53  iter: 8055  progress: 1.9  loss: 2.1703  time: 0.116  data_time: 0.002  forward_time: 0.017  backward_time: 0.027  lr: 0.000100  max_mem: 7782M    
[2026-01-21 07:05:06]   eta: 15:02:40  iter: 8065  progress: 1.9  loss: 2.3500  time: 0.118  data_time: 0.001  forward_time: 0.014  backward_time: 0.029  lr: 0.000100  max_mem: 7782M    
[2026-01-21 07:05:19]   eta: 14:55:23  iter: 8075  progress: 1.9  loss: 2.2582  time: 0.118  data_time: 0.002  forward_time: 0.020  backward_time: 0.026  lr: 0.000100  max_mem: 7782M    
[2026-01-21 07:05:33]   eta: 15:00:26  iter: 8085  progress: 1.9  loss: 2.4373  time: 0.116  data_time: 0.002  forward_time: 0.016  backward_time: 0.028  lr: 0.000100  max_mem: 7782M    
[2026-01-21 07:05:47]   eta: 14:57:32  iter: 8095  progress: 1.9  loss: 1.8557  time: 0.116  data_time: 0.002  forward_time: 0.015  backward_time: 0.028  lr: 0.000100  max_mem: 7782M    
[2026-01-21 07:06:00]   eta: 15:05:23  iter: 8105  progress: 2.0  loss: 2.1826  time: 0.116  data_time: 0.002  forward_time: 0.017  backward_time: 0.027  lr: 0.000100  max_mem: 7782M    
[2026-01-21 07:06:13]   eta: 15:00:05  iter: 8115  progress: 2.0  loss: 2.0541  time: 0.117  data_time: 0.002  forward_time: 0.018  backward_time: 0.027  lr: 0.000100  max_mem: 7782M    
[2026-01-21 07:06:27]   eta: 15:00:47  iter: 8125  progress: 2.0  loss: 1.9257  time: 0.116  data_time: 0.001  forward_time: 0.014  backward_time: 0.029  lr: 0.000100  max_mem: 7782M    
[2026-01-21 07:06:40]   eta: 14:57:13  iter: 8135  progress: 2.0  loss: 1.5814  time: 0.116  data_time: 0.001  forward_time: 0.015  backward_time: 0.028  lr: 0.000100  max_mem: 7782M    
[2026-01-21 07:06:52]   eta: 15:06:23  iter: 8145  progress: 2.0  loss: 2.5481  time: 0.176  data_time: 0.002  forward_time: 0.090  backward_time: 0.018  lr: 0.000100  max_mem: 7782M    
[2026-01-21 07:07:05]   eta: 14:59:42  iter: 8155  progress: 2.0  loss: 2.5875  time: 0.117  data_time: 0.002  forward_time: 0.017  backward_time: 0.029  lr: 0.000100  max_mem: 7782M    
[2026-01-21 07:07:18]   eta: 14:41:06  iter: 8165  progress: 2.0  loss: 2.0925  time: 0.116  data_time: 0.002  forward_time: 0.014  backward_time: 0.029  lr: 0.000100  max_mem: 7782M    
[2026-01-21 07:07:31]   eta: 14:57:17  iter: 8175  progress: 2.0  loss: 2.3700  time: 0.152  data_time: 0.001  forward_time: 0.014  backward_time: 0.081  lr: 0.000100  max_mem: 7782M    
[2026-01-21 07:07:44]   eta: 15:10:20  iter: 8185  progress: 2.0  loss: 2.2443  time: 0.116  data_time: 0.002  forward_time: 0.016  backward_time: 0.027  lr: 0.000100  max_mem: 7782M    
[2026-01-21 07:07:57]   eta: 14:59:02  iter: 8195  progress: 2.0  loss: 2.2222  time: 0.126  data_time: 0.001  forward_time: 0.015  backward_time: 0.076  lr: 0.000100  max_mem: 7782M    
[2026-01-21 07:08:10]   eta: 15:17:03  iter: 8205  progress: 2.0  loss: 2.3557  time: 0.196  data_time: 0.001  forward_time: 0.093  backward_time: 0.029  lr: 0.000100  max_mem: 7782M    
[2026-01-21 07:08:23]   eta: 15:36:57  iter: 8215  progress: 2.0  loss: 2.1133  time: 0.119  data_time: 0.002  forward_time: 0.014  backward_time: 0.072  lr: 0.000100  max_mem: 7782M    
[2026-01-21 07:08:36]   eta: 15:34:15  iter: 8225  progress: 2.0  loss: 1.9076  time: 0.118  data_time: 0.002  forward_time: 0.015  backward_time: 0.029  lr: 0.000100  max_mem: 7782M    
[2026-01-21 07:08:49]   eta: 15:22:36  iter: 8235  progress: 2.0  loss: 2.6033  time: 0.118  data_time: 0.002  forward_time: 0.014  backward_time: 0.030  lr: 0.000100  max_mem: 7782M    
[2026-01-21 07:09:03]   eta: 15:20:41  iter: 8245  progress: 2.0  loss: 2.1806  time: 0.116  data_time: 0.002  forward_time: 0.016  backward_time: 0.027  lr: 0.000100  max_mem: 7782M    
[2026-01-21 07:09:16]   eta: 14:59:42  iter: 8255  progress: 2.0  loss: 2.4491  time: 0.119  data_time: 0.002  forward_time: 0.016  backward_time: 0.028  lr: 0.000100  max_mem: 7782M    
[2026-01-21 07:09:30]   eta: 14:51:11  iter: 8265  progress: 2.0  loss: 2.3962  time: 0.183  data_time: 0.002  forward_time: 0.093  backward_time: 0.018  lr: 0.000100  max_mem: 7782M    
[2026-01-21 07:09:44]   eta: 15:11:28  iter: 8275  progress: 2.0  loss: 2.5531  time: 0.170  data_time: 0.001  forward_time: 0.087  backward_time: 0.017  lr: 0.000100  max_mem: 7782M    
[2026-01-21 07:09:57]   eta: 15:25:30  iter: 8285  progress: 2.0  loss: 1.9735  time: 0.161  data_time: 0.001  forward_time: 0.078  backward_time: 0.017  lr: 0.000100  max_mem: 7782M    
[2026-01-21 07:10:12]   eta: 15:36:30  iter: 8295  progress: 2.0  loss: 2.5289  time: 0.118  data_time: 0.002  forward_time: 0.014  backward_time: 0.030  lr: 0.000100  max_mem: 7782M    
[2026-01-21 07:10:25]   eta: 15:59:06  iter: 8305  progress: 2.0  loss: 2.4548  time: 0.165  data_time: 0.002  forward_time: 0.085  backward_time: 0.017  lr: 0.000100  max_mem: 7782M    
[2026-01-21 07:10:31]   eta: 16:05:42  iter: 8310  progress: 2.0  loss: 1.8005  time: 0.096  data_time: 0.001  forward_time: 0.014  backward_time: 0.021  lr: 0.000100  max_mem: 7782M    
[2026-01-21 07:10:31]   Validating epoch[2/100]...    
[2026-01-21 07:21:03]   [epoch 2] train_loss: 2.158 val_accuracy: 0.3925 precision: 0.3384 recall: 0.3925 specificity: 0.9706 f1_score: 0.3056 auc: 0.7706 overall_accuracy: 0.3925    
[2026-01-21 07:21:03]   
Saving checkpoint...    
[2026-01-21 07:21:16]   eta: 15:37:46  iter: 8320  progress: 2.0  loss: 2.7096  time: 0.118  data_time: 0.002  forward_time: 0.019  backward_time: 0.027  lr: 0.000100  max_mem: 7782M    
[2026-01-21 07:21:29]   eta: 15:08:01  iter: 8330  progress: 2.0  loss: 2.1493  time: 0.116  data_time: 0.002  forward_time: 0.015  backward_time: 0.028  lr: 0.000100  max_mem: 7782M    
[2026-01-21 07:21:41]   eta: 15:01:27  iter: 8340  progress: 2.0  loss: 1.9880  time: 0.173  data_time: 0.002  forward_time: 0.089  backward_time: 0.019  lr: 0.000100  max_mem: 7782M    
[2026-01-21 07:21:54]   eta: 14:39:36  iter: 8350  progress: 2.0  loss: 2.0863  time: 0.115  data_time: 0.001  forward_time: 0.014  backward_time: 0.029  lr: 0.000100  max_mem: 7782M    
[2026-01-21 07:22:06]   eta: 14:17:42  iter: 8360  progress: 2.0  loss: 2.0699  time: 0.118  data_time: 0.001  forward_time: 0.015  backward_time: 0.029  lr: 0.000100  max_mem: 7782M    
[2026-01-21 07:22:18]   eta: 14:25:19  iter: 8370  progress: 2.0  loss: 1.7389  time: 0.116  data_time: 0.002  forward_time: 0.014  backward_time: 0.029  lr: 0.000100  max_mem: 7782M    
[2026-01-21 07:22:31]   eta: 14:41:48  iter: 8380  progress: 2.0  loss: 2.0812  time: 0.160  data_time: 0.002  forward_time: 0.070  backward_time: 0.019  lr: 0.000100  max_mem: 7782M    
[2026-01-21 07:22:43]   eta: 14:33:49  iter: 8390  progress: 2.0  loss: 2.1932  time: 0.116  data_time: 0.002  forward_time: 0.016  backward_time: 0.028  lr: 0.000100  max_mem: 7782M    
[2026-01-21 07:22:55]   eta: 14:31:25  iter: 8400  progress: 2.0  loss: 2.2946  time: 0.116  data_time: 0.002  forward_time: 0.016  backward_time: 0.028  lr: 0.000100  max_mem: 7782M    
[2026-01-21 07:23:07]   eta: 14:38:32  iter: 8410  progress: 2.0  loss: 2.3385  time: 0.118  data_time: 0.002  forward_time: 0.015  backward_time: 0.029  lr: 0.000100  max_mem: 7782M    
[2026-01-21 07:23:20]   eta: 14:37:39  iter: 8420  progress: 2.0  loss: 2.1756  time: 0.116  data_time: 0.001  forward_time: 0.015  backward_time: 0.059  lr: 0.000100  max_mem: 7782M    
[2026-01-21 07:23:32]   eta: 14:30:12  iter: 8430  progress: 2.0  loss: 1.9754  time: 0.115  data_time: 0.001  forward_time: 0.014  backward_time: 0.029  lr: 0.000100  max_mem: 7782M    
[2026-01-21 07:23:43]   eta: 14:14:36  iter: 8440  progress: 2.0  loss: 1.9551  time: 0.115  data_time: 0.001  forward_time: 0.015  backward_time: 0.028  lr: 0.000100  max_mem: 7782M    
[2026-01-21 07:23:55]   eta: 14:07:05  iter: 8450  progress: 2.0  loss: 1.9922  time: 0.116  data_time: 0.001  forward_time: 0.014  backward_time: 0.029  lr: 0.000100  max_mem: 7782M    
[2026-01-21 07:24:07]   eta: 14:09:41  iter: 8460  progress: 2.0  loss: 1.9932  time: 0.198  data_time: 0.084  forward_time: 0.014  backward_time: 0.029  lr: 0.000100  max_mem: 7782M    
[2026-01-21 07:24:20]   eta: 14:07:53  iter: 8470  progress: 2.0  loss: 1.9651  time: 0.118  data_time: 0.001  forward_time: 0.014  backward_time: 0.030  lr: 0.000100  max_mem: 7782M    
[2026-01-21 07:24:32]   eta: 14:11:16  iter: 8480  progress: 2.0  loss: 2.2091  time: 0.173  data_time: 0.002  forward_time: 0.090  backward_time: 0.017  lr: 0.000100  max_mem: 7782M    
[2026-01-21 07:24:44]   eta: 14:46:19  iter: 8490  progress: 2.0  loss: 2.0657  time: 0.170  data_time: 0.001  forward_time: 0.088  backward_time: 0.017  lr: 0.000100  max_mem: 7782M    
[2026-01-21 07:24:56]   eta: 14:47:27  iter: 8500  progress: 2.0  loss: 2.4301  time: 0.116  data_time: 0.001  forward_time: 0.014  backward_time: 0.029  lr: 0.000100  max_mem: 7782M    
[2026-01-21 07:25:08]   eta: 14:36:11  iter: 8510  progress: 2.0  loss: 2.2427  time: 0.116  data_time: 0.001  forward_time: 0.014  backward_time: 0.029  lr: 0.000100  max_mem: 7782M    
[2026-01-21 07:25:20]   eta: 14:37:36  iter: 8520  progress: 2.1  loss: 2.1610  time: 0.116  data_time: 0.001  forward_time: 0.014  backward_time: 0.029  lr: 0.000100  max_mem: 7782M    
[2026-01-21 07:25:33]   eta: 14:39:27  iter: 8530  progress: 2.1  loss: 1.9553  time: 0.166  data_time: 0.001  forward_time: 0.086  backward_time: 0.017  lr: 0.000100  max_mem: 7782M    
[2026-01-21 07:25:45]   eta: 14:02:32  iter: 8540  progress: 2.1  loss: 1.7430  time: 0.115  data_time: 0.001  forward_time: 0.014  backward_time: 0.029  lr: 0.000100  max_mem: 7782M    
[2026-01-21 07:25:57]   eta: 14:00:09  iter: 8550  progress: 2.1  loss: 2.3152  time: 0.116  data_time: 0.001  forward_time: 0.014  backward_time: 0.029  lr: 0.000100  max_mem: 7782M    
[2026-01-21 07:26:09]   eta: 14:07:15  iter: 8560  progress: 2.1  loss: 1.9268  time: 0.118  data_time: 0.001  forward_time: 0.014  backward_time: 0.029  lr: 0.000100  max_mem: 7782M    
[2026-01-21 07:26:21]   eta: 14:03:02  iter: 8570  progress: 2.1  loss: 2.1152  time: 0.116  data_time: 0.002  forward_time: 0.017  backward_time: 0.027  lr: 0.000100  max_mem: 7782M    
[2026-01-21 07:26:33]   eta: 13:50:01  iter: 8580  progress: 2.1  loss: 2.3342  time: 0.116  data_time: 0.001  forward_time: 0.015  backward_time: 0.029  lr: 0.000100  max_mem: 7782M    
[2026-01-21 07:26:45]   eta: 13:55:15  iter: 8590  progress: 2.1  loss: 1.8204  time: 0.118  data_time: 0.001  forward_time: 0.014  backward_time: 0.030  lr: 0.000100  max_mem: 7782M    
[2026-01-21 07:26:57]   eta: 13:53:33  iter: 8600  progress: 2.1  loss: 2.2496  time: 0.115  data_time: 0.001  forward_time: 0.014  backward_time: 0.029  lr: 0.000100  max_mem: 7782M    
[2026-01-21 07:27:09]   eta: 14:06:44  iter: 8610  progress: 2.1  loss: 2.0134  time: 0.116  data_time: 0.001  forward_time: 0.014  backward_time: 0.075  lr: 0.000100  max_mem: 7782M    
[2026-01-21 07:27:21]   eta: 13:57:06  iter: 8620  progress: 2.1  loss: 1.6644  time: 0.118  data_time: 0.001  forward_time: 0.015  backward_time: 0.029  lr: 0.000100  max_mem: 7782M    
[2026-01-21 07:27:33]   eta: 14:04:06  iter: 8630  progress: 2.1  loss: 2.1454  time: 0.116  data_time: 0.001  forward_time: 0.014  backward_time: 0.029  lr: 0.000100  max_mem: 7782M    
[2026-01-21 07:27:45]   eta: 13:58:20  iter: 8640  progress: 2.1  loss: 2.2282  time: 0.116  data_time: 0.002  forward_time: 0.016  backward_time: 0.028  lr: 0.000100  max_mem: 7782M    
[2026-01-21 07:27:57]   eta: 13:57:43  iter: 8650  progress: 2.1  loss: 2.2053  time: 0.116  data_time: 0.001  forward_time: 0.014  backward_time: 0.029  lr: 0.000100  max_mem: 7782M    
[2026-01-21 07:28:09]   eta: 13:53:27  iter: 8660  progress: 2.1  loss: 2.5574  time: 0.118  data_time: 0.002  forward_time: 0.014  backward_time: 0.029  lr: 0.000100  max_mem: 7782M    
[2026-01-21 07:28:21]   eta: 14:03:50  iter: 8670  progress: 2.1  loss: 2.3639  time: 0.168  data_time: 0.001  forward_time: 0.082  backward_time: 0.017  lr: 0.000100  max_mem: 7782M    
[2026-01-21 07:28:33]   eta: 13:54:01  iter: 8680  progress: 2.1  loss: 1.8627  time: 0.119  data_time: 0.002  forward_time: 0.016  backward_time: 0.028  lr: 0.000100  max_mem: 7782M    
[2026-01-21 07:28:45]   eta: 14:09:03  iter: 8690  progress: 2.1  loss: 2.9946  time: 0.169  data_time: 0.001  forward_time: 0.087  backward_time: 0.017  lr: 0.000100  max_mem: 7782M    
[2026-01-21 07:28:57]   eta: 14:16:24  iter: 8700  progress: 2.1  loss: 2.2755  time: 0.117  data_time: 0.001  forward_time: 0.014  backward_time: 0.030  lr: 0.000100  max_mem: 7782M    
[2026-01-21 07:29:09]   eta: 14:10:02  iter: 8710  progress: 2.1  loss: 2.0559  time: 0.118  data_time: 0.001  forward_time: 0.014  backward_time: 0.029  lr: 0.000100  max_mem: 7782M    
[2026-01-21 07:29:21]   eta: 14:06:12  iter: 8720  progress: 2.1  loss: 1.8914  time: 0.115  data_time: 0.001  forward_time: 0.014  backward_time: 0.029  lr: 0.000100  max_mem: 7782M    
[2026-01-21 07:29:33]   eta: 14:00:56  iter: 8730  progress: 2.1  loss: 2.4290  time: 0.118  data_time: 0.001  forward_time: 0.014  backward_time: 0.030  lr: 0.000100  max_mem: 7782M    
[2026-01-21 07:29:45]   eta: 13:46:23  iter: 8740  progress: 2.1  loss: 2.3868  time: 0.115  data_time: 0.001  forward_time: 0.013  backward_time: 0.029  lr: 0.000100  max_mem: 7782M    
[2026-01-21 07:29:57]   eta: 13:44:12  iter: 8750  progress: 2.1  loss: 2.0960  time: 0.115  data_time: 0.001  forward_time: 0.014  backward_time: 0.029  lr: 0.000100  max_mem: 7782M    
[2026-01-21 07:30:09]   eta: 13:54:48  iter: 8760  progress: 2.1  loss: 2.1355  time: 0.116  data_time: 0.001  forward_time: 0.015  backward_time: 0.028  lr: 0.000100  max_mem: 7782M    
[2026-01-21 07:30:21]   eta: 13:45:50  iter: 8770  progress: 2.1  loss: 2.1398  time: 0.116  data_time: 0.001  forward_time: 0.016  backward_time: 0.028  lr: 0.000100  max_mem: 7782M    
[2026-01-21 07:30:33]   eta: 13:38:04  iter: 8780  progress: 2.1  loss: 2.0917  time: 0.116  data_time: 0.001  forward_time: 0.014  backward_time: 0.029  lr: 0.000100  max_mem: 7782M    
[2026-01-21 07:30:45]   eta: 14:00:21  iter: 8790  progress: 2.1  loss: 2.8716  time: 0.162  data_time: 0.001  forward_time: 0.082  backward_time: 0.017  lr: 0.000100  max_mem: 7782M    
[2026-01-21 07:30:58]   eta: 14:09:47  iter: 8800  progress: 2.1  loss: 2.2450  time: 0.118  data_time: 0.002  forward_time: 0.015  backward_time: 0.029  lr: 0.000100  max_mem: 7782M    
[2026-01-21 07:31:10]   eta: 14:09:50  iter: 8810  progress: 2.1  loss: 2.5691  time: 0.160  data_time: 0.001  forward_time: 0.014  backward_time: 0.087  lr: 0.000100  max_mem: 7782M    
[2026-01-21 07:31:22]   eta: 14:41:28  iter: 8820  progress: 2.1  loss: 2.7233  time: 0.199  data_time: 0.084  forward_time: 0.014  backward_time: 0.029  lr: 0.000100  max_mem: 7782M    
[2026-01-21 07:31:34]   eta: 15:00:35  iter: 8830  progress: 2.1  loss: 2.1031  time: 0.116  data_time: 0.001  forward_time: 0.016  backward_time: 0.028  lr: 0.000100  max_mem: 7782M    
[2026-01-21 07:31:46]   eta: 14:38:39  iter: 8840  progress: 2.1  loss: 1.9784  time: 0.115  data_time: 0.001  forward_time: 0.014  backward_time: 0.029  lr: 0.000100  max_mem: 7782M    
[2026-01-21 07:31:58]   eta: 14:36:28  iter: 8850  progress: 2.1  loss: 1.8788  time: 0.117  data_time: 0.001  forward_time: 0.017  backward_time: 0.027  lr: 0.000100  max_mem: 7782M    
[2026-01-21 07:32:10]   eta: 14:16:33  iter: 8860  progress: 2.1  loss: 1.5929  time: 0.116  data_time: 0.001  forward_time: 0.014  backward_time: 0.029  lr: 0.000100  max_mem: 7782M    
[2026-01-21 07:32:23]   eta: 13:55:15  iter: 8870  progress: 2.1  loss: 1.8908  time: 0.116  data_time: 0.001  forward_time: 0.016  backward_time: 0.028  lr: 0.000100  max_mem: 7782M    
[2026-01-21 07:32:35]   eta: 13:59:26  iter: 8880  progress: 2.1  loss: 2.2098  time: 0.116  data_time: 0.001  forward_time: 0.014  backward_time: 0.029  lr: 0.000100  max_mem: 7782M    
[2026-01-21 07:32:47]   eta: 13:59:49  iter: 8890  progress: 2.1  loss: 1.8506  time: 0.119  data_time: 0.002  forward_time: 0.016  backward_time: 0.029  lr: 0.000100  max_mem: 7782M    
[2026-01-21 07:32:59]   eta: 13:52:52  iter: 8900  progress: 2.1  loss: 2.4589  time: 0.118  data_time: 0.001  forward_time: 0.014  backward_time: 0.030  lr: 0.000100  max_mem: 7782M    
[2026-01-21 07:33:11]   eta: 14:11:32  iter: 8910  progress: 2.1  loss: 2.3941  time: 0.115  data_time: 0.001  forward_time: 0.014  backward_time: 0.029  lr: 0.000100  max_mem: 7782M    
[2026-01-21 07:33:23]   eta: 14:15:53  iter: 8920  progress: 2.1  loss: 2.0046  time: 0.118  data_time: 0.002  forward_time: 0.013  backward_time: 0.030  lr: 0.000100  max_mem: 7782M    
[2026-01-21 07:33:36]   eta: 14:17:38  iter: 8930  progress: 2.1  loss: 2.3755  time: 0.116  data_time: 0.001  forward_time: 0.015  backward_time: 0.028  lr: 0.000100  max_mem: 7782M    
[2026-01-21 07:33:48]   eta: 14:39:04  iter: 8940  progress: 2.2  loss: 2.1225  time: 0.116  data_time: 0.001  forward_time: 0.014  backward_time: 0.029  lr: 0.000100  max_mem: 7782M    
[2026-01-21 07:34:00]   eta: 14:44:34  iter: 8950  progress: 2.2  loss: 2.3631  time: 0.165  data_time: 0.001  forward_time: 0.081  backward_time: 0.017  lr: 0.000100  max_mem: 7782M    
[2026-01-21 07:34:12]   eta: 14:45:03  iter: 8960  progress: 2.2  loss: 2.2452  time: 0.118  data_time: 0.001  forward_time: 0.014  backward_time: 0.030  lr: 0.000100  max_mem: 7782M    
[2026-01-21 07:34:25]   eta: 14:45:56  iter: 8970  progress: 2.2  loss: 2.3843  time: 0.191  data_time: 0.001  forward_time: 0.091  backward_time: 0.028  lr: 0.000100  max_mem: 7782M    
[2026-01-21 07:34:37]   eta: 14:22:00  iter: 8980  progress: 2.2  loss: 1.6321  time: 0.116  data_time: 0.002  forward_time: 0.015  backward_time: 0.029  lr: 0.000100  max_mem: 7782M    
[2026-01-21 07:34:49]   eta: 14:06:11  iter: 8990  progress: 2.2  loss: 1.8460  time: 0.115  data_time: 0.001  forward_time: 0.014  backward_time: 0.029  lr: 0.000100  max_mem: 7782M    
[2026-01-21 07:35:01]   eta: 14:28:07  iter: 9000  progress: 2.2  loss: 2.0911  time: 0.167  data_time: 0.001  forward_time: 0.082  backward_time: 0.017  lr: 0.000100  max_mem: 7782M    
[2026-01-21 07:35:13]   eta: 14:28:56  iter: 9010  progress: 2.2  loss: 1.8783  time: 0.115  data_time: 0.001  forward_time: 0.014  backward_time: 0.029  lr: 0.000100  max_mem: 7782M    
[2026-01-21 07:35:25]   eta: 14:20:45  iter: 9020  progress: 2.2  loss: 1.8708  time: 0.115  data_time: 0.001  forward_time: 0.014  backward_time: 0.029  lr: 0.000100  max_mem: 7782M    
[2026-01-21 07:35:38]   eta: 14:43:29  iter: 9030  progress: 2.2  loss: 2.4569  time: 0.118  data_time: 0.001  forward_time: 0.014  backward_time: 0.030  lr: 0.000100  max_mem: 7782M    
[2026-01-21 07:35:50]   eta: 15:03:23  iter: 9040  progress: 2.2  loss: 2.3440  time: 0.116  data_time: 0.001  forward_time: 0.015  backward_time: 0.029  lr: 0.000100  max_mem: 7782M    
[2026-01-21 07:36:02]   eta: 14:38:25  iter: 9050  progress: 2.2  loss: 2.3783  time: 0.116  data_time: 0.001  forward_time: 0.015  backward_time: 0.069  lr: 0.000100  max_mem: 7782M    
[2026-01-21 07:36:15]   eta: 14:49:28  iter: 9060  progress: 2.2  loss: 1.3739  time: 0.170  data_time: 0.001  forward_time: 0.085  backward_time: 0.017  lr: 0.000100  max_mem: 7782M    
[2026-01-21 07:36:27]   eta: 14:58:03  iter: 9070  progress: 2.2  loss: 1.9866  time: 0.192  data_time: 0.001  forward_time: 0.092  backward_time: 0.027  lr: 0.000100  max_mem: 7782M    
[2026-01-21 07:36:39]   eta: 14:42:41  iter: 9080  progress: 2.2  loss: 1.9367  time: 0.115  data_time: 0.001  forward_time: 0.014  backward_time: 0.029  lr: 0.000100  max_mem: 7782M    
[2026-01-21 07:36:51]   eta: 14:19:26  iter: 9090  progress: 2.2  loss: 2.1464  time: 0.116  data_time: 0.001  forward_time: 0.015  backward_time: 0.069  lr: 0.000100  max_mem: 7782M    
[2026-01-21 07:37:03]   eta: 14:23:06  iter: 9100  progress: 2.2  loss: 1.7630  time: 0.116  data_time: 0.002  forward_time: 0.015  backward_time: 0.028  lr: 0.000100  max_mem: 7782M    
[2026-01-21 07:37:16]   eta: 14:11:16  iter: 9110  progress: 2.2  loss: 1.7240  time: 0.118  data_time: 0.001  forward_time: 0.014  backward_time: 0.066  lr: 0.000100  max_mem: 7782M    
[2026-01-21 07:37:28]   eta: 13:59:09  iter: 9120  progress: 2.2  loss: 2.2459  time: 0.116  data_time: 0.001  forward_time: 0.014  backward_time: 0.029  lr: 0.000100  max_mem: 7782M    
[2026-01-21 07:37:40]   eta: 14:18:31  iter: 9130  progress: 2.2  loss: 1.8614  time: 0.116  data_time: 0.001  forward_time: 0.014  backward_time: 0.029  lr: 0.000100  max_mem: 7782M    
[2026-01-21 07:37:52]   eta: 14:30:57  iter: 9140  progress: 2.2  loss: 1.9067  time: 0.117  data_time: 0.001  forward_time: 0.014  backward_time: 0.030  lr: 0.000100  max_mem: 7782M    
[2026-01-21 07:38:04]   eta: 14:27:42  iter: 9150  progress: 2.2  loss: 2.1698  time: 0.116  data_time: 0.001  forward_time: 0.015  backward_time: 0.028  lr: 0.000100  max_mem: 7782M    
[2026-01-21 07:38:16]   eta: 14:18:27  iter: 9160  progress: 2.2  loss: 1.7304  time: 0.115  data_time: 0.001  forward_time: 0.015  backward_time: 0.029  lr: 0.000100  max_mem: 7782M    
[2026-01-21 07:38:28]   eta: 14:29:01  iter: 9170  progress: 2.2  loss: 2.0728  time: 0.118  data_time: 0.001  forward_time: 0.014  backward_time: 0.030  lr: 0.000100  max_mem: 7782M    
[2026-01-21 07:38:40]   eta: 14:18:20  iter: 9180  progress: 2.2  loss: 2.0969  time: 0.117  data_time: 0.002  forward_time: 0.017  backward_time: 0.027  lr: 0.000100  max_mem: 7782M    
[2026-01-21 07:38:52]   eta: 14:12:43  iter: 9190  progress: 2.2  loss: 1.8919  time: 0.116  data_time: 0.002  forward_time: 0.016  backward_time: 0.028  lr: 0.000100  max_mem: 7782M    
[2026-01-21 07:39:05]   eta: 14:42:42  iter: 9200  progress: 2.2  loss: 2.0119  time: 0.116  data_time: 0.002  forward_time: 0.016  backward_time: 0.028  lr: 0.000100  max_mem: 7782M    
[2026-01-21 07:39:17]   eta: 14:35:18  iter: 9210  progress: 2.2  loss: 2.4605  time: 0.118  data_time: 0.001  forward_time: 0.014  backward_time: 0.029  lr: 0.000100  max_mem: 7782M    
[2026-01-21 07:39:29]   eta: 14:16:26  iter: 9220  progress: 2.2  loss: 2.0341  time: 0.116  data_time: 0.001  forward_time: 0.015  backward_time: 0.028  lr: 0.000100  max_mem: 7782M    
[2026-01-21 07:39:41]   eta: 14:39:56  iter: 9230  progress: 2.2  loss: 1.8215  time: 0.181  data_time: 0.001  forward_time: 0.093  backward_time: 0.017  lr: 0.000100  max_mem: 7782M    
[2026-01-21 07:39:54]   eta: 14:47:00  iter: 9240  progress: 2.2  loss: 1.7945  time: 0.116  data_time: 0.001  forward_time: 0.016  backward_time: 0.028  lr: 0.000100  max_mem: 7782M    
[2026-01-21 07:40:06]   eta: 14:24:31  iter: 9250  progress: 2.2  loss: 2.2701  time: 0.151  data_time: 0.001  forward_time: 0.015  backward_time: 0.079  lr: 0.000100  max_mem: 7782M    
[2026-01-21 07:40:18]   eta: 14:45:34  iter: 9260  progress: 2.2  loss: 1.9733  time: 0.118  data_time: 0.001  forward_time: 0.015  backward_time: 0.029  lr: 0.000100  max_mem: 7782M    
[2026-01-21 07:40:30]   eta: 15:13:52  iter: 9270  progress: 2.2  loss: 2.2358  time: 0.116  data_time: 0.001  forward_time: 0.016  backward_time: 0.028  lr: 0.000100  max_mem: 7782M    
[2026-01-21 07:40:43]   eta: 14:43:06  iter: 9280  progress: 2.2  loss: 1.7916  time: 0.116  data_time: 0.001  forward_time: 0.016  backward_time: 0.027  lr: 0.000100  max_mem: 7782M    
[2026-01-21 07:40:55]   eta: 14:32:51  iter: 9290  progress: 2.2  loss: 1.9802  time: 0.116  data_time: 0.001  forward_time: 0.015  backward_time: 0.028  lr: 0.000100  max_mem: 7782M    
[2026-01-21 07:41:07]   eta: 14:27:41  iter: 9300  progress: 2.2  loss: 1.8234  time: 0.115  data_time: 0.001  forward_time: 0.014  backward_time: 0.029  lr: 0.000100  max_mem: 7782M    
[2026-01-21 07:41:19]   eta: 14:29:54  iter: 9310  progress: 2.2  loss: 1.7484  time: 0.116  data_time: 0.002  forward_time: 0.015  backward_time: 0.074  lr: 0.000100  max_mem: 7782M    
[2026-01-21 07:41:31]   eta: 14:22:52  iter: 9320  progress: 2.2  loss: 2.2801  time: 0.115  data_time: 0.001  forward_time: 0.014  backward_time: 0.029  lr: 0.000100  max_mem: 7782M    
[2026-01-21 07:41:43]   eta: 14:41:14  iter: 9330  progress: 2.2  loss: 2.2392  time: 0.176  data_time: 0.002  forward_time: 0.090  backward_time: 0.017  lr: 0.000100  max_mem: 7782M    
[2026-01-21 07:41:55]   eta: 14:33:18  iter: 9340  progress: 2.2  loss: 1.7207  time: 0.115  data_time: 0.001  forward_time: 0.014  backward_time: 0.074  lr: 0.000100  max_mem: 7782M    
[2026-01-21 07:42:07]   eta: 14:17:48  iter: 9350  progress: 2.3  loss: 1.7661  time: 0.115  data_time: 0.001  forward_time: 0.013  backward_time: 0.029  lr: 0.000100  max_mem: 7782M    
[2026-01-21 07:42:19]   eta: 13:51:21  iter: 9360  progress: 2.3  loss: 1.9928  time: 0.116  data_time: 0.001  forward_time: 0.014  backward_time: 0.029  lr: 0.000100  max_mem: 7782M    
[2026-01-21 07:42:31]   eta: 13:36:02  iter: 9370  progress: 2.3  loss: 1.9939  time: 0.115  data_time: 0.001  forward_time: 0.014  backward_time: 0.063  lr: 0.000100  max_mem: 7782M    
[2026-01-21 07:42:43]   eta: 13:21:24  iter: 9380  progress: 2.3  loss: 2.6720  time: 0.116  data_time: 0.001  forward_time: 0.015  backward_time: 0.029  lr: 0.000100  max_mem: 7782M    
[2026-01-21 07:42:55]   eta: 13:40:11  iter: 9390  progress: 2.3  loss: 1.7992  time: 0.174  data_time: 0.001  forward_time: 0.089  backward_time: 0.017  lr: 0.000100  max_mem: 7782M    
[2026-01-21 07:43:08]   eta: 13:56:39  iter: 9400  progress: 2.3  loss: 2.1179  time: 0.120  data_time: 0.003  forward_time: 0.015  backward_time: 0.029  lr: 0.000100  max_mem: 7782M    
[2026-01-21 07:43:20]   eta: 14:06:26  iter: 9410  progress: 2.3  loss: 2.3415  time: 0.178  data_time: 0.001  forward_time: 0.093  backward_time: 0.017  lr: 0.000100  max_mem: 7782M    
[2026-01-21 07:43:32]   eta: 14:17:34  iter: 9420  progress: 2.3  loss: 1.7758  time: 0.116  data_time: 0.001  forward_time: 0.016  backward_time: 0.028  lr: 0.000100  max_mem: 7782M    
[2026-01-21 07:43:44]   eta: 14:12:59  iter: 9430  progress: 2.3  loss: 1.9473  time: 0.119  data_time: 0.005  forward_time: 0.015  backward_time: 0.028  lr: 0.000100  max_mem: 7782M    
[2026-01-21 07:43:56]   eta: 14:04:57  iter: 9440  progress: 2.3  loss: 2.3075  time: 0.117  data_time: 0.001  forward_time: 0.014  backward_time: 0.030  lr: 0.000100  max_mem: 7782M    
[2026-01-21 07:44:08]   eta: 13:57:09  iter: 9450  progress: 2.3  loss: 2.3580  time: 0.116  data_time: 0.001  forward_time: 0.015  backward_time: 0.028  lr: 0.000100  max_mem: 7782M    
[2026-01-21 07:44:21]   eta: 14:12:25  iter: 9460  progress: 2.3  loss: 2.0263  time: 0.116  data_time: 0.001  forward_time: 0.014  backward_time: 0.029  lr: 0.000100  max_mem: 7782M    
[2026-01-21 07:44:33]   eta: 14:12:25  iter: 9470  progress: 2.3  loss: 2.0789  time: 0.116  data_time: 0.001  forward_time: 0.016  backward_time: 0.028  lr: 0.000100  max_mem: 7782M    
[2026-01-21 07:44:45]   eta: 14:17:20  iter: 9480  progress: 2.3  loss: 1.5631  time: 0.116  data_time: 0.001  forward_time: 0.015  backward_time: 0.028  lr: 0.000100  max_mem: 7782M    
[2026-01-21 07:44:57]   eta: 14:12:46  iter: 9490  progress: 2.3  loss: 1.9927  time: 0.115  data_time: 0.001  forward_time: 0.013  backward_time: 0.029  lr: 0.000100  max_mem: 7782M    
[2026-01-21 07:45:09]   eta: 14:04:08  iter: 9500  progress: 2.3  loss: 1.8049  time: 0.116  data_time: 0.001  forward_time: 0.014  backward_time: 0.029  lr: 0.000100  max_mem: 7782M    
[2026-01-21 07:45:21]   eta: 13:57:50  iter: 9510  progress: 2.3  loss: 2.0626  time: 0.118  data_time: 0.001  forward_time: 0.014  backward_time: 0.030  lr: 0.000100  max_mem: 7782M    
[2026-01-21 07:45:33]   eta: 13:52:03  iter: 9520  progress: 2.3  loss: 1.8866  time: 0.121  data_time: 0.001  forward_time: 0.020  backward_time: 0.029  lr: 0.000100  max_mem: 7782M    
[2026-01-21 07:45:45]   eta: 13:53:48  iter: 9530  progress: 2.3  loss: 2.0918  time: 0.116  data_time: 0.001  forward_time: 0.015  backward_time: 0.028  lr: 0.000100  max_mem: 7782M    
[2026-01-21 07:45:57]   eta: 13:57:11  iter: 9540  progress: 2.3  loss: 2.4043  time: 0.116  data_time: 0.001  forward_time: 0.015  backward_time: 0.029  lr: 0.000100  max_mem: 7782M    
[2026-01-21 07:46:09]   eta: 14:20:29  iter: 9550  progress: 2.3  loss: 2.3027  time: 0.165  data_time: 0.001  forward_time: 0.085  backward_time: 0.017  lr: 0.000100  max_mem: 7782M    
[2026-01-21 07:46:21]   eta: 14:02:13  iter: 9560  progress: 2.3  loss: 1.9156  time: 0.116  data_time: 0.001  forward_time: 0.014  backward_time: 0.029  lr: 0.000100  max_mem: 7782M    
[2026-01-21 07:46:33]   eta: 14:20:52  iter: 9570  progress: 2.3  loss: 2.0584  time: 0.162  data_time: 0.001  forward_time: 0.079  backward_time: 0.017  lr: 0.000100  max_mem: 7782M    
[2026-01-21 07:46:45]   eta: 14:19:30  iter: 9580  progress: 2.3  loss: 2.1695  time: 0.118  data_time: 0.001  forward_time: 0.015  backward_time: 0.029  lr: 0.000100  max_mem: 7782M    
[2026-01-21 07:46:58]   eta: 14:19:39  iter: 9590  progress: 2.3  loss: 1.9401  time: 0.116  data_time: 0.001  forward_time: 0.015  backward_time: 0.028  lr: 0.000100  max_mem: 7782M    
[2026-01-21 07:47:10]   eta: 14:14:15  iter: 9600  progress: 2.3  loss: 2.2387  time: 0.115  data_time: 0.001  forward_time: 0.013  backward_time: 0.029  lr: 0.000100  max_mem: 7782M    
[2026-01-21 07:47:22]   eta: 14:32:32  iter: 9610  progress: 2.3  loss: 1.9479  time: 0.115  data_time: 0.001  forward_time: 0.014  backward_time: 0.029  lr: 0.000100  max_mem: 7782M    
[2026-01-21 07:47:34]   eta: 14:14:31  iter: 9620  progress: 2.3  loss: 1.9321  time: 0.116  data_time: 0.001  forward_time: 0.014  backward_time: 0.029  lr: 0.000100  max_mem: 7782M    
[2026-01-21 07:47:46]   eta: 14:11:28  iter: 9630  progress: 2.3  loss: 1.9861  time: 0.116  data_time: 0.001  forward_time: 0.014  backward_time: 0.029  lr: 0.000100  max_mem: 7782M    
[2026-01-21 07:47:58]   eta: 14:18:18  iter: 9640  progress: 2.3  loss: 1.8181  time: 0.116  data_time: 0.001  forward_time: 0.014  backward_time: 0.029  lr: 0.000100  max_mem: 7782M    
[2026-01-21 07:48:10]   eta: 14:11:19  iter: 9650  progress: 2.3  loss: 2.0868  time: 0.116  data_time: 0.001  forward_time: 0.015  backward_time: 0.028  lr: 0.000100  max_mem: 7782M    
[2026-01-21 07:48:23]   eta: 14:17:05  iter: 9660  progress: 2.3  loss: 2.4011  time: 0.116  data_time: 0.001  forward_time: 0.014  backward_time: 0.072  lr: 0.000100  max_mem: 7782M    
[2026-01-21 07:48:35]   eta: 14:24:06  iter: 9670  progress: 2.3  loss: 2.1622  time: 0.177  data_time: 0.001  forward_time: 0.080  backward_time: 0.024  lr: 0.000100  max_mem: 7782M    
[2026-01-21 07:48:47]   eta: 14:23:08  iter: 9680  progress: 2.3  loss: 2.3933  time: 0.118  data_time: 0.001  forward_time: 0.016  backward_time: 0.029  lr: 0.000100  max_mem: 7782M    
[2026-01-21 07:48:59]   eta: 14:15:54  iter: 9690  progress: 2.3  loss: 1.9844  time: 0.118  data_time: 0.001  forward_time: 0.015  backward_time: 0.029  lr: 0.000100  max_mem: 7782M    
[2026-01-21 07:49:11]   eta: 14:05:11  iter: 9700  progress: 2.3  loss: 1.9657  time: 0.116  data_time: 0.001  forward_time: 0.015  backward_time: 0.028  lr: 0.000100  max_mem: 7782M    
[2026-01-21 07:49:23]   eta: 13:49:27  iter: 9710  progress: 2.3  loss: 2.0246  time: 0.116  data_time: 0.001  forward_time: 0.015  backward_time: 0.028  lr: 0.000100  max_mem: 7782M    
[2026-01-21 07:49:35]   eta: 13:54:27  iter: 9720  progress: 2.3  loss: 2.5048  time: 0.197  data_time: 0.009  forward_time: 0.088  backward_time: 0.029  lr: 0.000100  max_mem: 7782M    
[2026-01-21 07:49:47]   eta: 14:12:48  iter: 9730  progress: 2.3  loss: 1.6231  time: 0.118  data_time: 0.001  forward_time: 0.015  backward_time: 0.029  lr: 0.000100  max_mem: 7782M    
[2026-01-21 07:49:59]   eta: 14:12:07  iter: 9740  progress: 2.3  loss: 1.8445  time: 0.115  data_time: 0.001  forward_time: 0.014  backward_time: 0.029  lr: 0.000100  max_mem: 7782M    
[2026-01-21 07:50:11]   eta: 14:14:13  iter: 9750  progress: 2.3  loss: 2.1113  time: 0.116  data_time: 0.002  forward_time: 0.015  backward_time: 0.073  lr: 0.000100  max_mem: 7782M    
[2026-01-21 07:50:23]   eta: 14:05:37  iter: 9760  progress: 2.3  loss: 2.1302  time: 0.116  data_time: 0.001  forward_time: 0.015  backward_time: 0.028  lr: 0.000100  max_mem: 7782M    
[2026-01-21 07:50:35]   eta: 13:55:32  iter: 9770  progress: 2.4  loss: 2.2793  time: 0.116  data_time: 0.001  forward_time: 0.015  backward_time: 0.028  lr: 0.000100  max_mem: 7782M    
[2026-01-21 07:50:47]   eta: 13:40:16  iter: 9780  progress: 2.4  loss: 2.1034  time: 0.116  data_time: 0.001  forward_time: 0.014  backward_time: 0.029  lr: 0.000100  max_mem: 7782M    
[2026-01-21 07:50:59]   eta: 13:38:51  iter: 9790  progress: 2.4  loss: 2.3640  time: 0.115  data_time: 0.001  forward_time: 0.014  backward_time: 0.029  lr: 0.000100  max_mem: 7782M    
[2026-01-21 07:51:19]   eta: 13:53:53  iter: 9800  progress: 2.4  loss: 2.0804  time: 0.115  data_time: 0.001  forward_time: 0.015  backward_time: 0.028  lr: 0.000100  max_mem: 7782M    
[2026-01-21 07:51:31]   eta: 13:55:10  iter: 9810  progress: 2.4  loss: 2.0311  time: 0.128  data_time: 0.001  forward_time: 0.014  backward_time: 0.077  lr: 0.000100  max_mem: 7782M    
[2026-01-21 07:51:43]   eta: 13:49:09  iter: 9820  progress: 2.4  loss: 2.0940  time: 0.116  data_time: 0.001  forward_time: 0.016  backward_time: 0.027  lr: 0.000100  max_mem: 7782M    
[2026-01-21 07:51:55]   eta: 13:53:28  iter: 9830  progress: 2.4  loss: 1.8650  time: 0.115  data_time: 0.001  forward_time: 0.014  backward_time: 0.029  lr: 0.000100  max_mem: 7782M    
[2026-01-21 07:52:08]   eta: 13:53:28  iter: 9840  progress: 2.4  loss: 2.1106  time: 0.116  data_time: 0.001  forward_time: 0.014  backward_time: 0.029  lr: 0.000100  max_mem: 7782M    
[2026-01-21 07:52:20]   eta: 13:43:33  iter: 9850  progress: 2.4  loss: 1.4674  time: 0.116  data_time: 0.001  forward_time: 0.015  backward_time: 0.029  lr: 0.000100  max_mem: 7782M    
[2026-01-21 07:52:32]   eta: 13:49:23  iter: 9860  progress: 2.4  loss: 2.0580  time: 0.116  data_time: 0.001  forward_time: 0.014  backward_time: 0.029  lr: 0.000100  max_mem: 7782M    
[2026-01-21 07:52:44]   eta: 13:56:11  iter: 9870  progress: 2.4  loss: 2.5799  time: 0.117  data_time: 0.001  forward_time: 0.018  backward_time: 0.027  lr: 0.000100  max_mem: 7782M    
[2026-01-21 07:52:56]   eta: 14:05:49  iter: 9880  progress: 2.4  loss: 2.0342  time: 0.180  data_time: 0.001  forward_time: 0.089  backward_time: 0.018  lr: 0.000100  max_mem: 7782M    
[2026-01-21 07:53:08]   eta: 14:00:01  iter: 9890  progress: 2.4  loss: 1.6952  time: 0.116  data_time: 0.001  forward_time: 0.014  backward_time: 0.029  lr: 0.000100  max_mem: 7782M    
[2026-01-21 07:53:20]   eta: 14:18:40  iter: 9900  progress: 2.4  loss: 1.9463  time: 0.190  data_time: 0.001  forward_time: 0.095  backward_time: 0.022  lr: 0.000100  max_mem: 7782M    
[2026-01-21 07:53:33]   eta: 14:19:16  iter: 9910  progress: 2.4  loss: 2.1528  time: 0.117  data_time: 0.001  forward_time: 0.015  backward_time: 0.029  lr: 0.000100  max_mem: 7782M    
[2026-01-21 07:53:45]   eta: 14:22:49  iter: 9920  progress: 2.4  loss: 2.2497  time: 0.116  data_time: 0.001  forward_time: 0.016  backward_time: 0.028  lr: 0.000100  max_mem: 7782M    
[2026-01-21 07:53:57]   eta: 14:02:06  iter: 9930  progress: 2.4  loss: 2.0256  time: 0.116  data_time: 0.001  forward_time: 0.015  backward_time: 0.028  lr: 0.000100  max_mem: 7782M    
[2026-01-21 07:54:09]   eta: 14:36:25  iter: 9940  progress: 2.4  loss: 2.5384  time: 0.116  data_time: 0.001  forward_time: 0.017  backward_time: 0.028  lr: 0.000100  max_mem: 7782M    
[2026-01-21 07:54:21]   eta: 14:34:50  iter: 9950  progress: 2.4  loss: 2.4001  time: 0.116  data_time: 0.001  forward_time: 0.014  backward_time: 0.029  lr: 0.000100  max_mem: 7782M    
[2026-01-21 07:54:33]   eta: 14:29:29  iter: 9960  progress: 2.4  loss: 2.5080  time: 0.118  data_time: 0.001  forward_time: 0.014  backward_time: 0.030  lr: 0.000100  max_mem: 7782M    
[2026-01-21 07:54:45]   eta: 14:12:27  iter: 9970  progress: 2.4  loss: 2.6515  time: 0.115  data_time: 0.001  forward_time: 0.014  backward_time: 0.029  lr: 0.000100  max_mem: 7782M    
[2026-01-21 07:54:58]   eta: 14:05:50  iter: 9980  progress: 2.4  loss: 2.0718  time: 0.116  data_time: 0.001  forward_time: 0.015  backward_time: 0.028  lr: 0.000100  max_mem: 7782M    
[2026-01-21 07:55:10]   eta: 13:46:42  iter: 9990  progress: 2.4  loss: 2.1180  time: 0.170  data_time: 0.001  forward_time: 0.083  backward_time: 0.017  lr: 0.000100  max_mem: 7782M    
[2026-01-21 07:55:22]   eta: 13:31:44  iter: 10000  progress: 2.4  loss: 2.1576  time: 0.173  data_time: 0.001  forward_time: 0.073  backward_time: 0.028  lr: 0.000100  max_mem: 7782M    
[2026-01-21 07:55:34]   eta: 13:34:35  iter: 10010  progress: 2.4  loss: 1.9033  time: 0.118  data_time: 0.001  forward_time: 0.015  backward_time: 0.070  lr: 0.000100  max_mem: 7782M    
[2026-01-21 07:55:47]   eta: 13:49:58  iter: 10020  progress: 2.4  loss: 1.7921  time: 0.116  data_time: 0.002  forward_time: 0.015  backward_time: 0.028  lr: 0.000100  max_mem: 7782M    
[2026-01-21 07:55:59]   eta: 14:00:57  iter: 10030  progress: 2.4  loss: 1.6589  time: 0.115  data_time: 0.001  forward_time: 0.014  backward_time: 0.031  lr: 0.000100  max_mem: 7782M    
[2026-01-21 07:56:11]   eta: 14:04:10  iter: 10040  progress: 2.4  loss: 2.2202  time: 0.116  data_time: 0.001  forward_time: 0.014  backward_time: 0.029  lr: 0.000100  max_mem: 7782M    
[2026-01-21 07:56:23]   eta: 14:32:50  iter: 10050  progress: 2.4  loss: 2.1530  time: 0.116  data_time: 0.001  forward_time: 0.016  backward_time: 0.028  lr: 0.000100  max_mem: 7782M    
[2026-01-21 07:56:35]   eta: 14:27:26  iter: 10060  progress: 2.4  loss: 1.9100  time: 0.116  data_time: 0.001  forward_time: 0.014  backward_time: 0.049  lr: 0.000100  max_mem: 7782M    
[2026-01-21 07:56:48]   eta: 14:29:38  iter: 10070  progress: 2.4  loss: 2.0137  time: 0.115  data_time: 0.001  forward_time: 0.014  backward_time: 0.029  lr: 0.000100  max_mem: 7782M    
[2026-01-21 07:57:00]   eta: 14:49:29  iter: 10080  progress: 2.4  loss: 2.4220  time: 0.115  data_time: 0.001  forward_time: 0.014  backward_time: 0.029  lr: 0.000100  max_mem: 7782M    
[2026-01-21 07:57:12]   eta: 15:00:15  iter: 10090  progress: 2.4  loss: 2.0009  time: 0.184  data_time: 0.001  forward_time: 0.092  backward_time: 0.019  lr: 0.000100  max_mem: 7782M    
[2026-01-21 07:57:24]   eta: 14:29:38  iter: 10100  progress: 2.4  loss: 1.8941  time: 0.116  data_time: 0.001  forward_time: 0.015  backward_time: 0.028  lr: 0.000100  max_mem: 7782M    
[2026-01-21 07:57:36]   eta: 14:37:23  iter: 10110  progress: 2.4  loss: 2.0483  time: 0.118  data_time: 0.001  forward_time: 0.014  backward_time: 0.030  lr: 0.000100  max_mem: 7782M    
[2026-01-21 07:57:48]   eta: 14:40:17  iter: 10120  progress: 2.4  loss: 1.8239  time: 0.115  data_time: 0.001  forward_time: 0.014  backward_time: 0.029  lr: 0.000100  max_mem: 7782M    
[2026-01-21 07:58:00]   eta: 14:09:22  iter: 10130  progress: 2.4  loss: 2.0732  time: 0.118  data_time: 0.001  forward_time: 0.015  backward_time: 0.029  lr: 0.000100  max_mem: 7782M    
[2026-01-21 07:58:12]   eta: 13:57:58  iter: 10140  progress: 2.4  loss: 2.0818  time: 0.116  data_time: 0.001  forward_time: 0.014  backward_time: 0.029  lr: 0.000100  max_mem: 7782M    
[2026-01-21 07:58:24]   eta: 13:59:59  iter: 10150  progress: 2.4  loss: 1.9275  time: 0.115  data_time: 0.001  forward_time: 0.015  backward_time: 0.028  lr: 0.000100  max_mem: 7782M    
[2026-01-21 07:58:36]   eta: 13:54:02  iter: 10160  progress: 2.4  loss: 2.3294  time: 0.118  data_time: 0.001  forward_time: 0.016  backward_time: 0.028  lr: 0.000100  max_mem: 7782M    
[2026-01-21 07:58:48]   eta: 13:32:33  iter: 10170  progress: 2.4  loss: 2.0478  time: 0.119  data_time: 0.002  forward_time: 0.021  backward_time: 0.026  lr: 0.000100  max_mem: 7782M    
[2026-01-21 07:59:00]   eta: 13:49:09  iter: 10180  progress: 2.5  loss: 1.8446  time: 0.116  data_time: 0.001  forward_time: 0.015  backward_time: 0.028  lr: 0.000100  max_mem: 7782M    
[2026-01-21 07:59:13]   eta: 13:47:28  iter: 10190  progress: 2.5  loss: 1.7903  time: 0.116  data_time: 0.001  forward_time: 0.015  backward_time: 0.057  lr: 0.000100  max_mem: 7782M    
[2026-01-21 07:59:25]   eta: 13:39:29  iter: 10200  progress: 2.5  loss: 2.4313  time: 0.118  data_time: 0.001  forward_time: 0.014  backward_time: 0.066  lr: 0.000100  max_mem: 7782M    
[2026-01-21 07:59:37]   eta: 13:49:07  iter: 10210  progress: 2.5  loss: 2.1823  time: 0.116  data_time: 0.001  forward_time: 0.014  backward_time: 0.029  lr: 0.000100  max_mem: 7782M    
[2026-01-21 07:59:49]   eta: 14:01:51  iter: 10220  progress: 2.5  loss: 1.9977  time: 0.118  data_time: 0.001  forward_time: 0.016  backward_time: 0.029  lr: 0.000100  max_mem: 7782M    
[2026-01-21 08:00:01]   eta: 14:02:37  iter: 10230  progress: 2.5  loss: 2.1547  time: 0.118  data_time: 0.001  forward_time: 0.019  backward_time: 0.027  lr: 0.000100  max_mem: 7782M    
[2026-01-21 08:00:13]   eta: 13:53:18  iter: 10240  progress: 2.5  loss: 2.3419  time: 0.118  data_time: 0.001  forward_time: 0.015  backward_time: 0.029  lr: 0.000100  max_mem: 7782M    
[2026-01-21 08:00:25]   eta: 13:59:45  iter: 10250  progress: 2.5  loss: 1.9889  time: 0.116  data_time: 0.001  forward_time: 0.014  backward_time: 0.029  lr: 0.000100  max_mem: 7782M    
[2026-01-21 08:00:37]   eta: 14:15:52  iter: 10260  progress: 2.5  loss: 2.5098  time: 0.180  data_time: 0.001  forward_time: 0.092  backward_time: 0.017  lr: 0.000100  max_mem: 7782M    
[2026-01-21 08:00:49]   eta: 14:09:25  iter: 10270  progress: 2.5  loss: 2.2128  time: 0.160  data_time: 0.001  forward_time: 0.081  backward_time: 0.017  lr: 0.000100  max_mem: 7782M    
[2026-01-21 08:01:02]   eta: 14:09:30  iter: 10280  progress: 2.5  loss: 2.5616  time: 0.115  data_time: 0.001  forward_time: 0.014  backward_time: 0.029  lr: 0.000100  max_mem: 7782M    
[2026-01-21 08:01:14]   eta: 14:27:54  iter: 10290  progress: 2.5  loss: 1.4658  time: 0.116  data_time: 0.001  forward_time: 0.016  backward_time: 0.028  lr: 0.000100  max_mem: 7782M    
[2026-01-21 08:01:26]   eta: 14:39:12  iter: 10300  progress: 2.5  loss: 1.9844  time: 0.116  data_time: 0.001  forward_time: 0.016  backward_time: 0.028  lr: 0.000100  max_mem: 7782M    
[2026-01-21 08:01:38]   eta: 14:26:47  iter: 10310  progress: 2.5  loss: 1.8366  time: 0.184  data_time: 0.001  forward_time: 0.094  backward_time: 0.018  lr: 0.000100  max_mem: 7782M    
[2026-01-21 08:01:50]   eta: 14:27:09  iter: 10320  progress: 2.5  loss: 2.3178  time: 0.116  data_time: 0.001  forward_time: 0.015  backward_time: 0.028  lr: 0.000100  max_mem: 7782M    
[2026-01-21 08:02:02]   eta: 14:14:07  iter: 10330  progress: 2.5  loss: 2.0814  time: 0.115  data_time: 0.001  forward_time: 0.014  backward_time: 0.028  lr: 0.000100  max_mem: 7782M    
[2026-01-21 08:02:14]   eta: 14:00:14  iter: 10340  progress: 2.5  loss: 1.8322  time: 0.116  data_time: 0.001  forward_time: 0.014  backward_time: 0.070  lr: 0.000100  max_mem: 7782M    
[2026-01-21 08:02:26]   eta: 13:55:30  iter: 10350  progress: 2.5  loss: 2.7369  time: 0.155  data_time: 0.001  forward_time: 0.015  backward_time: 0.085  lr: 0.000100  max_mem: 7782M    
[2026-01-21 08:02:38]   eta: 13:58:36  iter: 10360  progress: 2.5  loss: 2.4686  time: 0.116  data_time: 0.001  forward_time: 0.015  backward_time: 0.028  lr: 0.000100  max_mem: 7782M    
[2026-01-21 08:02:50]   eta: 14:10:00  iter: 10370  progress: 2.5  loss: 2.2677  time: 0.115  data_time: 0.001  forward_time: 0.015  backward_time: 0.028  lr: 0.000100  max_mem: 7782M    
[2026-01-21 08:03:03]   eta: 14:28:49  iter: 10380  progress: 2.5  loss: 2.2534  time: 0.167  data_time: 0.001  forward_time: 0.082  backward_time: 0.017  lr: 0.000100  max_mem: 7782M    
[2026-01-21 08:03:15]   eta: 14:24:12  iter: 10390  progress: 2.5  loss: 2.0081  time: 0.116  data_time: 0.001  forward_time: 0.014  backward_time: 0.029  lr: 0.000100  max_mem: 7782M    
[2026-01-21 08:03:27]   eta: 14:24:50  iter: 10400  progress: 2.5  loss: 1.6713  time: 0.116  data_time: 0.001  forward_time: 0.016  backward_time: 0.028  lr: 0.000100  max_mem: 7782M    
[2026-01-21 08:03:39]   eta: 14:23:47  iter: 10410  progress: 2.5  loss: 2.2637  time: 0.117  data_time: 0.001  forward_time: 0.014  backward_time: 0.029  lr: 0.000100  max_mem: 7782M    
[2026-01-21 08:03:51]   eta: 14:24:02  iter: 10420  progress: 2.5  loss: 3.0852  time: 0.116  data_time: 0.001  forward_time: 0.016  backward_time: 0.027  lr: 0.000100  max_mem: 7782M    
[2026-01-21 08:04:03]   eta: 14:31:13  iter: 10430  progress: 2.5  loss: 2.6632  time: 0.116  data_time: 0.001  forward_time: 0.015  backward_time: 0.028  lr: 0.000100  max_mem: 7782M    
[2026-01-21 08:04:15]   eta: 14:26:56  iter: 10440  progress: 2.5  loss: 1.9286  time: 0.118  data_time: 0.001  forward_time: 0.015  backward_time: 0.029  lr: 0.000100  max_mem: 7782M    
[2026-01-21 08:04:28]   eta: 14:48:45  iter: 10450  progress: 2.5  loss: 1.9324  time: 0.116  data_time: 0.001  forward_time: 0.015  backward_time: 0.028  lr: 0.000100  max_mem: 7782M    
[2026-01-21 08:04:39]   eta: 14:45:36  iter: 10460  progress: 2.5  loss: 2.0311  time: 0.116  data_time: 0.001  forward_time: 0.015  backward_time: 0.029  lr: 0.000100  max_mem: 7782M    
[2026-01-21 08:04:52]   eta: 14:43:44  iter: 10470  progress: 2.5  loss: 2.2609  time: 0.118  data_time: 0.001  forward_time: 0.014  backward_time: 0.030  lr: 0.000100  max_mem: 7782M    
[2026-01-21 08:05:04]   eta: 14:20:37  iter: 10480  progress: 2.5  loss: 1.4053  time: 0.116  data_time: 0.001  forward_time: 0.014  backward_time: 0.029  lr: 0.000100  max_mem: 7782M    
[2026-01-21 08:05:16]   eta: 14:40:20  iter: 10490  progress: 2.5  loss: 1.9454  time: 0.168  data_time: 0.001  forward_time: 0.085  backward_time: 0.017  lr: 0.000100  max_mem: 7782M    
[2026-01-21 08:05:28]   eta: 14:27:29  iter: 10500  progress: 2.5  loss: 2.6960  time: 0.118  data_time: 0.001  forward_time: 0.015  backward_time: 0.029  lr: 0.000100  max_mem: 7782M    
[2026-01-21 08:05:40]   eta: 14:34:02  iter: 10510  progress: 2.5  loss: 2.3312  time: 0.120  data_time: 0.001  forward_time: 0.015  backward_time: 0.070  lr: 0.000100  max_mem: 7782M    
[2026-01-21 08:05:52]   eta: 14:33:46  iter: 10520  progress: 2.5  loss: 2.2899  time: 0.115  data_time: 0.001  forward_time: 0.014  backward_time: 0.029  lr: 0.000100  max_mem: 7782M    
[2026-01-21 08:06:05]   eta: 14:27:05  iter: 10530  progress: 2.5  loss: 2.0066  time: 0.116  data_time: 0.001  forward_time: 0.015  backward_time: 0.028  lr: 0.000100  max_mem: 7782M    
[2026-01-21 08:06:17]   eta: 14:02:54  iter: 10540  progress: 2.5  loss: 2.1348  time: 0.115  data_time: 0.001  forward_time: 0.015  backward_time: 0.028  lr: 0.000100  max_mem: 7782M    
[2026-01-21 08:06:28]   eta: 13:47:36  iter: 10550  progress: 2.5  loss: 2.1129  time: 0.115  data_time: 0.001  forward_time: 0.014  backward_time: 0.029  lr: 0.000100  max_mem: 7782M    
[2026-01-21 08:06:41]   eta: 13:53:38  iter: 10560  progress: 2.5  loss: 1.6419  time: 0.118  data_time: 0.001  forward_time: 0.015  backward_time: 0.029  lr: 0.000100  max_mem: 7782M    
[2026-01-21 08:06:53]   eta: 13:49:14  iter: 10570  progress: 2.5  loss: 2.3896  time: 0.116  data_time: 0.001  forward_time: 0.015  backward_time: 0.029  lr: 0.000100  max_mem: 7782M    
[2026-01-21 08:07:04]   eta: 13:55:37  iter: 10580  progress: 2.5  loss: 2.5037  time: 0.115  data_time: 0.001  forward_time: 0.014  backward_time: 0.029  lr: 0.000100  max_mem: 7782M    
[2026-01-21 08:07:17]   eta: 14:14:10  iter: 10590  progress: 2.5  loss: 2.2386  time: 0.115  data_time: 0.001  forward_time: 0.013  backward_time: 0.029  lr: 0.000100  max_mem: 7782M    
[2026-01-21 08:07:29]   eta: 14:15:18  iter: 10600  progress: 2.6  loss: 2.0780  time: 0.116  data_time: 0.001  forward_time: 0.015  backward_time: 0.028  lr: 0.000100  max_mem: 7782M    
[2026-01-21 08:07:41]   eta: 14:19:07  iter: 10610  progress: 2.6  loss: 2.5123  time: 0.116  data_time: 0.002  forward_time: 0.016  backward_time: 0.028  lr: 0.000100  max_mem: 7782M    
[2026-01-21 08:07:53]   eta: 14:16:16  iter: 10620  progress: 2.6  loss: 1.8987  time: 0.116  data_time: 0.001  forward_time: 0.014  backward_time: 0.029  lr: 0.000100  max_mem: 7782M    
[2026-01-21 08:08:05]   eta: 14:40:17  iter: 10630  progress: 2.6  loss: 1.9573  time: 0.190  data_time: 0.076  forward_time: 0.015  backward_time: 0.028  lr: 0.000100  max_mem: 7782M    
[2026-01-21 08:08:18]   eta: 14:54:04  iter: 10640  progress: 2.6  loss: 1.6676  time: 0.167  data_time: 0.002  forward_time: 0.080  backward_time: 0.017  lr: 0.000100  max_mem: 7782M    
[2026-01-21 08:08:30]   eta: 15:01:06  iter: 10650  progress: 2.6  loss: 2.1258  time: 0.118  data_time: 0.001  forward_time: 0.014  backward_time: 0.030  lr: 0.000100  max_mem: 7782M    
[2026-01-21 08:08:42]   eta: 14:59:53  iter: 10660  progress: 2.6  loss: 2.1452  time: 0.168  data_time: 0.001  forward_time: 0.085  backward_time: 0.017  lr: 0.000100  max_mem: 7782M    
[2026-01-21 08:08:54]   eta: 15:17:38  iter: 10670  progress: 2.6  loss: 2.0207  time: 0.116  data_time: 0.001  forward_time: 0.015  backward_time: 0.028  lr: 0.000100  max_mem: 7782M    
[2026-01-21 08:09:06]   eta: 15:00:30  iter: 10680  progress: 2.6  loss: 1.6973  time: 0.118  data_time: 0.001  forward_time: 0.014  backward_time: 0.030  lr: 0.000100  max_mem: 7782M    
[2026-01-21 08:09:18]   eta: 14:41:03  iter: 10690  progress: 2.6  loss: 1.8963  time: 0.117  data_time: 0.001  forward_time: 0.014  backward_time: 0.030  lr: 0.000100  max_mem: 7782M    
[2026-01-21 08:09:30]   eta: 14:37:09  iter: 10700  progress: 2.6  loss: 2.4793  time: 0.198  data_time: 0.001  forward_time: 0.097  backward_time: 0.028  lr: 0.000100  max_mem: 7782M    
[2026-01-21 08:09:42]   eta: 14:16:18  iter: 10710  progress: 2.6  loss: 2.0101  time: 0.115  data_time: 0.001  forward_time: 0.017  backward_time: 0.026  lr: 0.000100  max_mem: 7782M    
[2026-01-21 08:09:54]   eta: 13:55:47  iter: 10720  progress: 2.6  loss: 2.1415  time: 0.116  data_time: 0.001  forward_time: 0.015  backward_time: 0.028  lr: 0.000100  max_mem: 7782M    
[2026-01-21 08:10:06]   eta: 13:48:59  iter: 10730  progress: 2.6  loss: 2.1550  time: 0.171  data_time: 0.001  forward_time: 0.084  backward_time: 0.018  lr: 0.000100  max_mem: 7782M    
[2026-01-21 08:10:19]   eta: 13:59:48  iter: 10740  progress: 2.6  loss: 1.7798  time: 0.115  data_time: 0.001  forward_time: 0.014  backward_time: 0.029  lr: 0.000100  max_mem: 7782M    
[2026-01-21 08:10:31]   eta: 13:52:36  iter: 10750  progress: 2.6  loss: 2.2698  time: 0.118  data_time: 0.001  forward_time: 0.015  backward_time: 0.029  lr: 0.000100  max_mem: 7782M    
[2026-01-21 08:10:43]   eta: 14:08:39  iter: 10760  progress: 2.6  loss: 2.1801  time: 0.118  data_time: 0.001  forward_time: 0.015  backward_time: 0.029  lr: 0.000100  max_mem: 7782M    
[2026-01-21 08:10:55]   eta: 14:18:11  iter: 10770  progress: 2.6  loss: 2.2699  time: 0.118  data_time: 0.001  forward_time: 0.015  backward_time: 0.029  lr: 0.000100  max_mem: 7782M    
[2026-01-21 08:11:07]   eta: 14:30:03  iter: 10780  progress: 2.6  loss: 1.7600  time: 0.116  data_time: 0.001  forward_time: 0.014  backward_time: 0.029  lr: 0.000100  max_mem: 7782M    
[2026-01-21 08:11:19]   eta: 14:16:34  iter: 10790  progress: 2.6  loss: 2.4596  time: 0.116  data_time: 0.001  forward_time: 0.016  backward_time: 0.028  lr: 0.000100  max_mem: 7782M    
[2026-01-21 08:11:31]   eta: 14:18:49  iter: 10800  progress: 2.6  loss: 2.1972  time: 0.176  data_time: 0.002  forward_time: 0.090  backward_time: 0.017  lr: 0.000100  max_mem: 7782M    
[2026-01-21 08:11:44]   eta: 14:17:30  iter: 10810  progress: 2.6  loss: 2.3464  time: 0.115  data_time: 0.001  forward_time: 0.014  backward_time: 0.029  lr: 0.000100  max_mem: 7782M    
[2026-01-21 08:11:56]   eta: 14:09:03  iter: 10820  progress: 2.6  loss: 2.6207  time: 0.115  data_time: 0.001  forward_time: 0.015  backward_time: 0.028  lr: 0.000100  max_mem: 7782M    
[2026-01-21 08:12:08]   eta: 13:49:10  iter: 10830  progress: 2.6  loss: 1.8045  time: 0.115  data_time: 0.001  forward_time: 0.014  backward_time: 0.029  lr: 0.000100  max_mem: 7782M    
[2026-01-21 08:12:20]   eta: 13:51:25  iter: 10840  progress: 2.6  loss: 1.7586  time: 0.170  data_time: 0.001  forward_time: 0.087  backward_time: 0.017  lr: 0.000100  max_mem: 7782M    
[2026-01-21 08:12:32]   eta: 13:59:18  iter: 10850  progress: 2.6  loss: 1.6713  time: 0.115  data_time: 0.001  forward_time: 0.014  backward_time: 0.029  lr: 0.000100  max_mem: 7782M    
[2026-01-21 08:12:44]   eta: 13:59:55  iter: 10860  progress: 2.6  loss: 1.9966  time: 0.116  data_time: 0.001  forward_time: 0.015  backward_time: 0.028  lr: 0.000100  max_mem: 7782M    
[2026-01-21 08:12:56]   eta: 13:59:31  iter: 10870  progress: 2.6  loss: 2.2016  time: 0.115  data_time: 0.001  forward_time: 0.013  backward_time: 0.029  lr: 0.000100  max_mem: 7782M    
[2026-01-21 08:13:08]   eta: 14:15:51  iter: 10880  progress: 2.6  loss: 1.7849  time: 0.116  data_time: 0.001  forward_time: 0.014  backward_time: 0.029  lr: 0.000100  max_mem: 7782M    
[2026-01-21 08:13:20]   eta: 14:11:00  iter: 10890  progress: 2.6  loss: 2.0547  time: 0.116  data_time: 0.001  forward_time: 0.014  backward_time: 0.029  lr: 0.000100  max_mem: 7782M    
[2026-01-21 08:13:33]   eta: 14:10:03  iter: 10900  progress: 2.6  loss: 2.0776  time: 0.116  data_time: 0.001  forward_time: 0.015  backward_time: 0.066  lr: 0.000100  max_mem: 7782M    
[2026-01-21 08:13:45]   eta: 13:55:45  iter: 10910  progress: 2.6  loss: 2.0768  time: 0.189  data_time: 0.001  forward_time: 0.095  backward_time: 0.022  lr: 0.000100  max_mem: 7782M    
[2026-01-21 08:13:57]   eta: 14:00:57  iter: 10920  progress: 2.6  loss: 1.7160  time: 0.117  data_time: 0.001  forward_time: 0.014  backward_time: 0.030  lr: 0.000100  max_mem: 7782M    
[2026-01-21 08:14:09]   eta: 13:57:44  iter: 10930  progress: 2.6  loss: 2.4852  time: 0.118  data_time: 0.001  forward_time: 0.014  backward_time: 0.030  lr: 0.000100  max_mem: 7782M    
[2026-01-21 08:14:21]   eta: 14:25:04  iter: 10940  progress: 2.6  loss: 2.2625  time: 0.116  data_time: 0.002  forward_time: 0.016  backward_time: 0.028  lr: 0.000100  max_mem: 7782M    
[2026-01-21 08:14:33]   eta: 14:12:29  iter: 10950  progress: 2.6  loss: 2.0530  time: 0.118  data_time: 0.001  forward_time: 0.016  backward_time: 0.028  lr: 0.000100  max_mem: 7782M    
[2026-01-21 08:14:45]   eta: 14:19:52  iter: 10960  progress: 2.6  loss: 2.4541  time: 0.116  data_time: 0.002  forward_time: 0.016  backward_time: 0.028  lr: 0.000100  max_mem: 7782M    
[2026-01-21 08:14:57]   eta: 14:16:59  iter: 10970  progress: 2.6  loss: 2.1265  time: 0.118  data_time: 0.001  forward_time: 0.015  backward_time: 0.029  lr: 0.000100  max_mem: 7782M    
[2026-01-21 08:15:09]   eta: 14:09:36  iter: 10980  progress: 2.6  loss: 2.6904  time: 0.118  data_time: 0.001  forward_time: 0.014  backward_time: 0.030  lr: 0.000100  max_mem: 7782M    
[2026-01-21 08:15:22]   eta: 13:41:44  iter: 10990  progress: 2.6  loss: 2.2948  time: 0.115  data_time: 0.001  forward_time: 0.014  backward_time: 0.029  lr: 0.000100  max_mem: 7782M    
[2026-01-21 08:15:34]   eta: 13:56:14  iter: 11000  progress: 2.6  loss: 2.1670  time: 0.116  data_time: 0.001  forward_time: 0.014  backward_time: 0.029  lr: 0.000100  max_mem: 7782M    
[2026-01-21 08:15:46]   eta: 13:48:58  iter: 11010  progress: 2.6  loss: 2.4484  time: 0.118  data_time: 0.001  forward_time: 0.016  backward_time: 0.028  lr: 0.000100  max_mem: 7782M    
[2026-01-21 08:15:58]   eta: 13:48:51  iter: 11020  progress: 2.7  loss: 2.3648  time: 0.116  data_time: 0.002  forward_time: 0.015  backward_time: 0.028  lr: 0.000100  max_mem: 7782M    
[2026-01-21 08:16:10]   eta: 13:43:46  iter: 11030  progress: 2.7  loss: 1.8210  time: 0.116  data_time: 0.001  forward_time: 0.014  backward_time: 0.029  lr: 0.000100  max_mem: 7782M    
[2026-01-21 08:16:22]   eta: 13:45:49  iter: 11040  progress: 2.7  loss: 2.2786  time: 0.116  data_time: 0.002  forward_time: 0.016  backward_time: 0.028  lr: 0.000100  max_mem: 7782M    
[2026-01-21 08:16:34]   eta: 13:32:32  iter: 11050  progress: 2.7  loss: 2.3320  time: 0.115  data_time: 0.001  forward_time: 0.015  backward_time: 0.028  lr: 0.000100  max_mem: 7782M    
[2026-01-21 08:16:46]   eta: 13:47:07  iter: 11060  progress: 2.7  loss: 1.9697  time: 0.116  data_time: 0.001  forward_time: 0.014  backward_time: 0.029  lr: 0.000100  max_mem: 7782M    
[2026-01-21 08:16:58]   eta: 13:38:39  iter: 11070  progress: 2.7  loss: 1.9785  time: 0.115  data_time: 0.001  forward_time: 0.015  backward_time: 0.029  lr: 0.000100  max_mem: 7782M    
[2026-01-21 08:17:10]   eta: 13:45:28  iter: 11080  progress: 2.7  loss: 1.8213  time: 0.116  data_time: 0.001  forward_time: 0.016  backward_time: 0.027  lr: 0.000100  max_mem: 7782M    
[2026-01-21 08:17:22]   eta: 13:45:54  iter: 11090  progress: 2.7  loss: 2.3986  time: 0.115  data_time: 0.001  forward_time: 0.014  backward_time: 0.029  lr: 0.000100  max_mem: 7782M    
[2026-01-21 08:17:34]   eta: 14:02:31  iter: 11100  progress: 2.7  loss: 2.0058  time: 0.188  data_time: 0.002  forward_time: 0.094  backward_time: 0.022  lr: 0.000100  max_mem: 7782M    
[2026-01-21 08:17:47]   eta: 14:07:20  iter: 11110  progress: 2.7  loss: 1.5392  time: 0.116  data_time: 0.001  forward_time: 0.015  backward_time: 0.028  lr: 0.000100  max_mem: 7782M    
[2026-01-21 08:17:59]   eta: 14:33:10  iter: 11120  progress: 2.7  loss: 1.7220  time: 0.116  data_time: 0.001  forward_time: 0.015  backward_time: 0.029  lr: 0.000100  max_mem: 7782M    
[2026-01-21 08:18:11]   eta: 14:31:36  iter: 11130  progress: 2.7  loss: 1.7978  time: 0.116  data_time: 0.001  forward_time: 0.016  backward_time: 0.070  lr: 0.000100  max_mem: 7782M    
[2026-01-21 08:18:23]   eta: 14:25:18  iter: 11140  progress: 2.7  loss: 2.0656  time: 0.115  data_time: 0.001  forward_time: 0.014  backward_time: 0.029  lr: 0.000100  max_mem: 7782M    
[2026-01-21 08:18:35]   eta: 14:09:41  iter: 11150  progress: 2.7  loss: 1.9667  time: 0.156  data_time: 0.001  forward_time: 0.078  backward_time: 0.017  lr: 0.000100  max_mem: 7782M    
[2026-01-21 08:18:47]   eta: 14:10:02  iter: 11160  progress: 2.7  loss: 2.3117  time: 0.116  data_time: 0.001  forward_time: 0.014  backward_time: 0.029  lr: 0.000100  max_mem: 7782M    
[2026-01-21 08:18:59]   eta: 13:42:53  iter: 11170  progress: 2.7  loss: 2.5349  time: 0.115  data_time: 0.001  forward_time: 0.018  backward_time: 0.068  lr: 0.000100  max_mem: 7782M    
[2026-01-21 08:19:11]   eta: 13:55:54  iter: 11180  progress: 2.7  loss: 2.2152  time: 0.172  data_time: 0.001  forward_time: 0.087  backward_time: 0.017  lr: 0.000100  max_mem: 7782M    
[2026-01-21 08:19:23]   eta: 14:07:54  iter: 11190  progress: 2.7  loss: 2.1283  time: 0.174  data_time: 0.001  forward_time: 0.089  backward_time: 0.017  lr: 0.000100  max_mem: 7782M    
[2026-01-21 08:19:35]   eta: 14:02:53  iter: 11200  progress: 2.7  loss: 1.9874  time: 0.116  data_time: 0.001  forward_time: 0.015  backward_time: 0.028  lr: 0.000100  max_mem: 7782M    
[2026-01-21 08:19:47]   eta: 13:51:19  iter: 11210  progress: 2.7  loss: 2.3745  time: 0.172  data_time: 0.001  forward_time: 0.089  backward_time: 0.017  lr: 0.000100  max_mem: 7782M    
[2026-01-21 08:20:00]   eta: 14:08:50  iter: 11220  progress: 2.7  loss: 1.9911  time: 0.158  data_time: 0.001  forward_time: 0.014  backward_time: 0.086  lr: 0.000100  max_mem: 7782M    
[2026-01-21 08:20:12]   eta: 14:11:22  iter: 11230  progress: 2.7  loss: 2.0549  time: 0.116  data_time: 0.001  forward_time: 0.015  backward_time: 0.028  lr: 0.000100  max_mem: 7782M    
[2026-01-21 08:20:24]   eta: 14:04:04  iter: 11240  progress: 2.7  loss: 2.6428  time: 0.119  data_time: 0.001  forward_time: 0.014  backward_time: 0.076  lr: 0.000100  max_mem: 7782M    
[2026-01-21 08:20:36]   eta: 14:16:45  iter: 11250  progress: 2.7  loss: 1.5549  time: 0.118  data_time: 0.001  forward_time: 0.018  backward_time: 0.028  lr: 0.000100  max_mem: 7782M    
[2026-01-21 08:20:49]   eta: 14:08:54  iter: 11260  progress: 2.7  loss: 1.8489  time: 0.119  data_time: 0.001  forward_time: 0.016  backward_time: 0.070  lr: 0.000100  max_mem: 7782M    
[2026-01-21 08:21:01]   eta: 14:21:28  iter: 11270  progress: 2.7  loss: 1.8424  time: 0.115  data_time: 0.001  forward_time: 0.014  backward_time: 0.029  lr: 0.000100  max_mem: 7782M    
[2026-01-21 08:21:13]   eta: 14:11:17  iter: 11280  progress: 2.7  loss: 2.3503  time: 0.115  data_time: 0.001  forward_time: 0.014  backward_time: 0.029  lr: 0.000100  max_mem: 7782M    
[2026-01-21 08:21:25]   eta: 14:04:18  iter: 11290  progress: 2.7  loss: 2.0294  time: 0.115  data_time: 0.001  forward_time: 0.013  backward_time: 0.029  lr: 0.000100  max_mem: 7782M    
[2026-01-21 08:21:37]   eta: 14:07:17  iter: 11300  progress: 2.7  loss: 2.2117  time: 0.115  data_time: 0.001  forward_time: 0.014  backward_time: 0.029  lr: 0.000100  max_mem: 7782M    
[2026-01-21 08:21:49]   eta: 13:57:09  iter: 11310  progress: 2.7  loss: 1.5874  time: 0.116  data_time: 0.001  forward_time: 0.015  backward_time: 0.028  lr: 0.000100  max_mem: 7782M    
[2026-01-21 08:22:01]   eta: 13:36:04  iter: 11320  progress: 2.7  loss: 1.9857  time: 0.116  data_time: 0.002  forward_time: 0.014  backward_time: 0.029  lr: 0.000100  max_mem: 7782M    
[2026-01-21 08:22:13]   eta: 13:44:53  iter: 11330  progress: 2.7  loss: 2.1689  time: 0.116  data_time: 0.001  forward_time: 0.016  backward_time: 0.027  lr: 0.000100  max_mem: 7782M    
[2026-01-21 08:22:26]   eta: 13:53:04  iter: 11340  progress: 2.7  loss: 2.0642  time: 0.115  data_time: 0.001  forward_time: 0.014  backward_time: 0.029  lr: 0.000100  max_mem: 7782M    
[2026-01-21 08:22:38]   eta: 13:44:20  iter: 11350  progress: 2.7  loss: 1.8733  time: 0.116  data_time: 0.001  forward_time: 0.016  backward_time: 0.027  lr: 0.000100  max_mem: 7782M    
[2026-01-21 08:22:50]   eta: 14:13:11  iter: 11360  progress: 2.7  loss: 2.0209  time: 0.116  data_time: 0.001  forward_time: 0.016  backward_time: 0.028  lr: 0.000100  max_mem: 7782M    
[2026-01-21 08:23:02]   eta: 14:04:04  iter: 11370  progress: 2.7  loss: 1.6887  time: 0.117  data_time: 0.001  forward_time: 0.018  backward_time: 0.027  lr: 0.000100  max_mem: 7782M    
[2026-01-21 08:23:14]   eta: 14:05:17  iter: 11380  progress: 2.7  loss: 2.2397  time: 0.116  data_time: 0.001  forward_time: 0.015  backward_time: 0.028  lr: 0.000100  max_mem: 7782M    
[2026-01-21 08:23:27]   eta: 14:34:18  iter: 11390  progress: 2.7  loss: 2.0998  time: 0.184  data_time: 0.001  forward_time: 0.093  backward_time: 0.018  lr: 0.000100  max_mem: 7782M    
[2026-01-21 08:23:39]   eta: 14:34:28  iter: 11400  progress: 2.7  loss: 2.0157  time: 0.116  data_time: 0.001  forward_time: 0.015  backward_time: 0.028  lr: 0.000100  max_mem: 7782M    
[2026-01-21 08:23:51]   eta: 14:21:25  iter: 11410  progress: 2.7  loss: 1.7552  time: 0.136  data_time: 0.004  forward_time: 0.015  backward_time: 0.075  lr: 0.000100  max_mem: 7782M    
[2026-01-21 08:24:03]   eta: 14:29:14  iter: 11420  progress: 2.7  loss: 2.2339  time: 0.120  data_time: 0.002  forward_time: 0.014  backward_time: 0.076  lr: 0.000100  max_mem: 7782M    
[2026-01-21 08:24:15]   eta: 14:08:31  iter: 11430  progress: 2.8  loss: 2.1779  time: 0.116  data_time: 0.001  forward_time: 0.015  backward_time: 0.028  lr: 0.000100  max_mem: 7782M    
[2026-01-21 08:24:27]   eta: 13:36:24  iter: 11440  progress: 2.8  loss: 2.0442  time: 0.115  data_time: 0.001  forward_time: 0.014  backward_time: 0.029  lr: 0.000100  max_mem: 7782M    
[2026-01-21 08:24:39]   eta: 13:30:09  iter: 11450  progress: 2.8  loss: 2.0242  time: 0.118  data_time: 0.002  forward_time: 0.015  backward_time: 0.029  lr: 0.000100  max_mem: 7782M    
[2026-01-21 08:24:51]   eta: 13:26:45  iter: 11460  progress: 2.8  loss: 1.8273  time: 0.118  data_time: 0.001  forward_time: 0.015  backward_time: 0.029  lr: 0.000100  max_mem: 7782M    
[2026-01-21 08:25:03]   eta: 13:43:55  iter: 11470  progress: 2.8  loss: 1.8673  time: 0.118  data_time: 0.001  forward_time: 0.014  backward_time: 0.030  lr: 0.000100  max_mem: 7782M    
[2026-01-21 08:25:15]   eta: 13:47:11  iter: 11480  progress: 2.8  loss: 2.0502  time: 0.121  data_time: 0.004  forward_time: 0.015  backward_time: 0.029  lr: 0.000100  max_mem: 7782M    
[2026-01-21 08:25:27]   eta: 13:41:52  iter: 11490  progress: 2.8  loss: 1.7999  time: 0.115  data_time: 0.001  forward_time: 0.014  backward_time: 0.029  lr: 0.000100  max_mem: 7782M    
[2026-01-21 08:25:39]   eta: 14:08:42  iter: 11500  progress: 2.8  loss: 2.1109  time: 0.169  data_time: 0.001  forward_time: 0.085  backward_time: 0.017  lr: 0.000100  max_mem: 7782M    
[2026-01-21 08:25:51]   eta: 14:05:35  iter: 11510  progress: 2.8  loss: 2.2263  time: 0.116  data_time: 0.002  forward_time: 0.016  backward_time: 0.028  lr: 0.000100  max_mem: 7782M    
[2026-01-21 08:26:03]   eta: 13:43:05  iter: 11520  progress: 2.8  loss: 1.9462  time: 0.118  data_time: 0.001  forward_time: 0.016  backward_time: 0.028  lr: 0.000100  max_mem: 7782M    
[2026-01-21 08:26:16]   eta: 13:54:48  iter: 11530  progress: 2.8  loss: 1.9418  time: 0.118  data_time: 0.001  forward_time: 0.015  backward_time: 0.029  lr: 0.000100  max_mem: 7782M    
[2026-01-21 08:26:28]   eta: 14:05:35  iter: 11540  progress: 2.8  loss: 1.8339  time: 0.115  data_time: 0.001  forward_time: 0.014  backward_time: 0.029  lr: 0.000100  max_mem: 7782M    
[2026-01-21 08:26:40]   eta: 13:37:33  iter: 11550  progress: 2.8  loss: 2.0465  time: 0.116  data_time: 0.001  forward_time: 0.014  backward_time: 0.029  lr: 0.000100  max_mem: 7782M    
[2026-01-21 08:26:52]   eta: 14:00:15  iter: 11560  progress: 2.8  loss: 1.7259  time: 0.195  data_time: 0.001  forward_time: 0.096  backward_time: 0.027  lr: 0.000100  max_mem: 7782M    
[2026-01-21 08:27:04]   eta: 14:13:53  iter: 11570  progress: 2.8  loss: 2.2792  time: 0.115  data_time: 0.001  forward_time: 0.014  backward_time: 0.029  lr: 0.000100  max_mem: 7782M    
[2026-01-21 08:27:16]   eta: 14:07:26  iter: 11580  progress: 2.8  loss: 2.2534  time: 0.115  data_time: 0.001  forward_time: 0.014  backward_time: 0.029  lr: 0.000100  max_mem: 7782M    
[2026-01-21 08:27:28]   eta: 14:14:06  iter: 11590  progress: 2.8  loss: 2.5012  time: 0.115  data_time: 0.001  forward_time: 0.014  backward_time: 0.029  lr: 0.000100  max_mem: 7782M    
[2026-01-21 08:27:40]   eta: 14:21:52  iter: 11600  progress: 2.8  loss: 2.0377  time: 0.116  data_time: 0.001  forward_time: 0.014  backward_time: 0.029  lr: 0.000100  max_mem: 7782M    
[2026-01-21 08:27:52]   eta: 13:58:59  iter: 11610  progress: 2.8  loss: 2.1242  time: 0.115  data_time: 0.001  forward_time: 0.014  backward_time: 0.029  lr: 0.000100  max_mem: 7782M    
[2026-01-21 08:28:04]   eta: 13:52:40  iter: 11620  progress: 2.8  loss: 2.0909  time: 0.115  data_time: 0.001  forward_time: 0.015  backward_time: 0.028  lr: 0.000100  max_mem: 7782M    
[2026-01-21 08:28:17]   eta: 14:02:03  iter: 11630  progress: 2.8  loss: 2.1135  time: 0.182  data_time: 0.001  forward_time: 0.081  backward_time: 0.028  lr: 0.000100  max_mem: 7782M    
[2026-01-21 08:28:29]   eta: 13:45:18  iter: 11640  progress: 2.8  loss: 1.9136  time: 0.115  data_time: 0.001  forward_time: 0.014  backward_time: 0.029  lr: 0.000100  max_mem: 7782M    
[2026-01-21 08:28:41]   eta: 13:37:48  iter: 11650  progress: 2.8  loss: 1.6946  time: 0.116  data_time: 0.001  forward_time: 0.016  backward_time: 0.028  lr: 0.000100  max_mem: 7782M    
[2026-01-21 08:28:53]   eta: 13:46:37  iter: 11660  progress: 2.8  loss: 2.4106  time: 0.115  data_time: 0.001  forward_time: 0.014  backward_time: 0.029  lr: 0.000100  max_mem: 7782M    
[2026-01-21 08:29:05]   eta: 13:47:46  iter: 11670  progress: 2.8  loss: 2.5578  time: 0.116  data_time: 0.001  forward_time: 0.014  backward_time: 0.029  lr: 0.000100  max_mem: 7782M    
[2026-01-21 08:29:17]   eta: 13:49:23  iter: 11680  progress: 2.8  loss: 1.4417  time: 0.159  data_time: 0.002  forward_time: 0.080  backward_time: 0.017  lr: 0.000100  max_mem: 7782M    
[2026-01-21 08:29:29]   eta: 14:04:30  iter: 11690  progress: 2.8  loss: 1.8282  time: 0.115  data_time: 0.001  forward_time: 0.013  backward_time: 0.029  lr: 0.000100  max_mem: 7782M    
[2026-01-21 08:29:41]   eta: 14:05:36  iter: 11700  progress: 2.8  loss: 1.9038  time: 0.118  data_time: 0.001  forward_time: 0.014  backward_time: 0.030  lr: 0.000100  max_mem: 7782M    
[2026-01-21 08:29:54]   eta: 13:57:47  iter: 11710  progress: 2.8  loss: 2.2672  time: 0.118  data_time: 0.001  forward_time: 0.014  backward_time: 0.029  lr: 0.000100  max_mem: 7782M    
[2026-01-21 08:30:06]   eta: 13:53:26  iter: 11720  progress: 2.8  loss: 2.2666  time: 0.162  data_time: 0.001  forward_time: 0.079  backward_time: 0.017  lr: 0.000100  max_mem: 7782M    
[2026-01-21 08:30:18]   eta: 13:57:44  iter: 11730  progress: 2.8  loss: 2.0829  time: 0.118  data_time: 0.001  forward_time: 0.015  backward_time: 0.029  lr: 0.000100  max_mem: 7782M    
[2026-01-21 08:30:30]   eta: 14:05:31  iter: 11740  progress: 2.8  loss: 1.8009  time: 0.115  data_time: 0.001  forward_time: 0.014  backward_time: 0.029  lr: 0.000100  max_mem: 7782M    
[2026-01-21 08:30:42]   eta: 14:05:41  iter: 11750  progress: 2.8  loss: 2.4326  time: 0.118  data_time: 0.001  forward_time: 0.014  backward_time: 0.030  lr: 0.000100  max_mem: 7782M    
[2026-01-21 08:30:54]   eta: 14:16:52  iter: 11760  progress: 2.8  loss: 1.7144  time: 0.118  data_time: 0.001  forward_time: 0.014  backward_time: 0.030  lr: 0.000100  max_mem: 7782M    
[2026-01-21 08:31:06]   eta: 14:38:44  iter: 11770  progress: 2.8  loss: 2.0391  time: 0.172  data_time: 0.001  forward_time: 0.085  backward_time: 0.017  lr: 0.000100  max_mem: 7782M    
[2026-01-21 08:31:19]   eta: 14:36:11  iter: 11780  progress: 2.8  loss: 1.7332  time: 0.118  data_time: 0.002  forward_time: 0.016  backward_time: 0.029  lr: 0.000100  max_mem: 7782M    
[2026-01-21 08:31:31]   eta: 14:29:10  iter: 11790  progress: 2.8  loss: 1.8981  time: 0.115  data_time: 0.001  forward_time: 0.014  backward_time: 0.029  lr: 0.000100  max_mem: 7782M    
[2026-01-21 08:31:43]   eta: 14:34:21  iter: 11800  progress: 2.8  loss: 2.0507  time: 0.118  data_time: 0.001  forward_time: 0.015  backward_time: 0.029  lr: 0.000100  max_mem: 7782M    
[2026-01-21 08:31:55]   eta: 14:31:24  iter: 11810  progress: 2.8  loss: 2.3012  time: 0.118  data_time: 0.001  forward_time: 0.014  backward_time: 0.030  lr: 0.000100  max_mem: 7782M    
[2026-01-21 08:32:07]   eta: 14:07:05  iter: 11820  progress: 2.8  loss: 2.0289  time: 0.115  data_time: 0.001  forward_time: 0.014  backward_time: 0.029  lr: 0.000100  max_mem: 7782M    
[2026-01-21 08:32:19]   eta: 14:03:01  iter: 11830  progress: 2.8  loss: 2.3021  time: 0.118  data_time: 0.001  forward_time: 0.018  backward_time: 0.027  lr: 0.000100  max_mem: 7782M    
[2026-01-21 08:32:32]   eta: 14:02:34  iter: 11840  progress: 2.8  loss: 1.9365  time: 0.115  data_time: 0.001  forward_time: 0.014  backward_time: 0.029  lr: 0.000100  max_mem: 7782M    
[2026-01-21 08:32:44]   eta: 14:14:16  iter: 11850  progress: 2.9  loss: 2.2172  time: 0.116  data_time: 0.001  forward_time: 0.016  backward_time: 0.028  lr: 0.000100  max_mem: 7782M    
[2026-01-21 08:32:56]   eta: 14:08:33  iter: 11860  progress: 2.9  loss: 2.0305  time: 0.115  data_time: 0.001  forward_time: 0.014  backward_time: 0.029  lr: 0.000100  max_mem: 7782M    
[2026-01-21 08:33:09]   eta: 14:15:09  iter: 11870  progress: 2.9  loss: 1.8713  time: 0.116  data_time: 0.002  forward_time: 0.017  backward_time: 0.027  lr: 0.000100  max_mem: 7782M    
[2026-01-21 08:33:21]   eta: 13:57:13  iter: 11880  progress: 2.9  loss: 1.7881  time: 0.116  data_time: 0.001  forward_time: 0.014  backward_time: 0.075  lr: 0.000100  max_mem: 7782M    
[2026-01-21 08:33:33]   eta: 14:02:36  iter: 11890  progress: 2.9  loss: 1.9540  time: 0.116  data_time: 0.001  forward_time: 0.014  backward_time: 0.029  lr: 0.000100  max_mem: 7782M    
[2026-01-21 08:33:45]   eta: 13:53:14  iter: 11900  progress: 2.9  loss: 1.6815  time: 0.115  data_time: 0.001  forward_time: 0.014  backward_time: 0.029  lr: 0.000100  max_mem: 7782M    
[2026-01-21 08:33:58]   eta: 13:47:26  iter: 11910  progress: 2.9  loss: 1.9633  time: 0.115  data_time: 0.001  forward_time: 0.014  backward_time: 0.029  lr: 0.000100  max_mem: 7782M    
[2026-01-21 08:34:10]   eta: 13:46:30  iter: 11920  progress: 2.9  loss: 1.7587  time: 0.119  data_time: 0.002  forward_time: 0.016  backward_time: 0.028  lr: 0.000100  max_mem: 7782M    
[2026-01-21 08:34:22]   eta: 13:49:57  iter: 11930  progress: 2.9  loss: 1.8588  time: 0.138  data_time: 0.001  forward_time: 0.016  backward_time: 0.078  lr: 0.000100  max_mem: 7782M    
[2026-01-21 08:34:34]   eta: 13:40:08  iter: 11940  progress: 2.9  loss: 2.1456  time: 0.116  data_time: 0.001  forward_time: 0.015  backward_time: 0.028  lr: 0.000100  max_mem: 7782M    
[2026-01-21 08:34:46]   eta: 13:49:44  iter: 11950  progress: 2.9  loss: 1.7046  time: 0.116  data_time: 0.002  forward_time: 0.017  backward_time: 0.071  lr: 0.000100  max_mem: 7782M    
[2026-01-21 08:34:58]   eta: 13:58:42  iter: 11960  progress: 2.9  loss: 2.0626  time: 0.118  data_time: 0.001  forward_time: 0.014  backward_time: 0.030  lr: 0.000100  max_mem: 7782M    
[2026-01-21 08:35:10]   eta: 14:02:40  iter: 11970  progress: 2.9  loss: 1.7606  time: 0.184  data_time: 0.001  forward_time: 0.093  backward_time: 0.018  lr: 0.000100  max_mem: 7782M    
[2026-01-21 08:35:22]   eta: 14:01:04  iter: 11980  progress: 2.9  loss: 2.2263  time: 0.115  data_time: 0.001  forward_time: 0.015  backward_time: 0.029  lr: 0.000100  max_mem: 7782M    
[2026-01-21 08:35:34]   eta: 13:48:57  iter: 11990  progress: 2.9  loss: 2.4518  time: 0.116  data_time: 0.001  forward_time: 0.014  backward_time: 0.029  lr: 0.000100  max_mem: 7782M    
[2026-01-21 08:35:46]   eta: 13:36:35  iter: 12000  progress: 2.9  loss: 2.2324  time: 0.118  data_time: 0.001  forward_time: 0.014  backward_time: 0.030  lr: 0.000100  max_mem: 7782M    
[2026-01-21 08:35:58]   eta: 13:23:01  iter: 12010  progress: 2.9  loss: 2.4485  time: 0.116  data_time: 0.001  forward_time: 0.016  backward_time: 0.028  lr: 0.000100  max_mem: 7782M    
[2026-01-21 08:36:10]   eta: 13:18:03  iter: 12020  progress: 2.9  loss: 2.4310  time: 0.116  data_time: 0.001  forward_time: 0.016  backward_time: 0.028  lr: 0.000100  max_mem: 7782M    
[2026-01-21 08:36:22]   eta: 13:42:00  iter: 12030  progress: 2.9  loss: 1.8845  time: 0.128  data_time: 0.001  forward_time: 0.017  backward_time: 0.074  lr: 0.000100  max_mem: 7782M    
[2026-01-21 08:36:34]   eta: 13:50:52  iter: 12040  progress: 2.9  loss: 1.9327  time: 0.118  data_time: 0.001  forward_time: 0.015  backward_time: 0.029  lr: 0.000100  max_mem: 7782M    
[2026-01-21 08:36:46]   eta: 13:56:53  iter: 12050  progress: 2.9  loss: 1.8382  time: 0.118  data_time: 0.001  forward_time: 0.016  backward_time: 0.028  lr: 0.000100  max_mem: 7782M    
[2026-01-21 08:36:58]   eta: 13:57:49  iter: 12060  progress: 2.9  loss: 2.0652  time: 0.116  data_time: 0.001  forward_time: 0.016  backward_time: 0.028  lr: 0.000100  max_mem: 7782M    
[2026-01-21 08:37:11]   eta: 14:17:41  iter: 12070  progress: 2.9  loss: 1.5756  time: 0.116  data_time: 0.001  forward_time: 0.014  backward_time: 0.029  lr: 0.000100  max_mem: 7782M    
[2026-01-21 08:37:23]   eta: 14:23:00  iter: 12080  progress: 2.9  loss: 1.7980  time: 0.171  data_time: 0.002  forward_time: 0.088  backward_time: 0.020  lr: 0.000100  max_mem: 7782M    
[2026-01-21 08:37:35]   eta: 14:42:43  iter: 12090  progress: 2.9  loss: 2.1411  time: 0.116  data_time: 0.002  forward_time: 0.015  backward_time: 0.028  lr: 0.000100  max_mem: 7782M    
[2026-01-21 08:37:48]   eta: 14:35:13  iter: 12100  progress: 2.9  loss: 1.7002  time: 0.118  data_time: 0.001  forward_time: 0.015  backward_time: 0.029  lr: 0.000100  max_mem: 7782M    
[2026-01-21 08:38:00]   eta: 14:32:25  iter: 12110  progress: 2.9  loss: 2.1858  time: 0.115  data_time: 0.001  forward_time: 0.015  backward_time: 0.028  lr: 0.000100  max_mem: 7782M    
[2026-01-21 08:38:12]   eta: 14:11:33  iter: 12120  progress: 2.9  loss: 1.7588  time: 0.115  data_time: 0.001  forward_time: 0.014  backward_time: 0.029  lr: 0.000100  max_mem: 7782M    
[2026-01-21 08:38:24]   eta: 13:53:45  iter: 12130  progress: 2.9  loss: 1.6073  time: 0.115  data_time: 0.001  forward_time: 0.014  backward_time: 0.029  lr: 0.000100  max_mem: 7782M    
[2026-01-21 08:38:36]   eta: 13:42:52  iter: 12140  progress: 2.9  loss: 2.5700  time: 0.116  data_time: 0.001  forward_time: 0.016  backward_time: 0.028  lr: 0.000100  max_mem: 7782M    
[2026-01-21 08:38:48]   eta: 13:38:05  iter: 12150  progress: 2.9  loss: 2.3517  time: 0.115  data_time: 0.001  forward_time: 0.014  backward_time: 0.029  lr: 0.000100  max_mem: 7782M    
[2026-01-21 08:39:00]   eta: 13:47:43  iter: 12160  progress: 2.9  loss: 1.5770  time: 0.115  data_time: 0.001  forward_time: 0.014  backward_time: 0.029  lr: 0.000100  max_mem: 7782M    
[2026-01-21 08:39:12]   eta: 14:08:56  iter: 12170  progress: 2.9  loss: 1.8631  time: 0.116  data_time: 0.001  forward_time: 0.015  backward_time: 0.028  lr: 0.000100  max_mem: 7782M    
[2026-01-21 08:39:24]   eta: 13:55:41  iter: 12180  progress: 2.9  loss: 1.8009  time: 0.116  data_time: 0.001  forward_time: 0.015  backward_time: 0.028  lr: 0.000100  max_mem: 7782M    
[2026-01-21 08:39:36]   eta: 13:50:26  iter: 12190  progress: 2.9  loss: 1.9710  time: 0.144  data_time: 0.001  forward_time: 0.015  backward_time: 0.077  lr: 0.000100  max_mem: 7782M    
[2026-01-21 08:39:48]   eta: 13:53:21  iter: 12200  progress: 2.9  loss: 1.6611  time: 0.116  data_time: 0.001  forward_time: 0.014  backward_time: 0.030  lr: 0.000100  max_mem: 7782M    
[2026-01-21 08:40:00]   eta: 14:08:31  iter: 12210  progress: 2.9  loss: 1.8412  time: 0.116  data_time: 0.001  forward_time: 0.014  backward_time: 0.029  lr: 0.000100  max_mem: 7782M    
[2026-01-21 08:40:12]   eta: 13:40:57  iter: 12220  progress: 2.9  loss: 2.1726  time: 0.118  data_time: 0.001  forward_time: 0.015  backward_time: 0.029  lr: 0.000100  max_mem: 7782M    
[2026-01-21 08:40:24]   eta: 13:49:28  iter: 12230  progress: 2.9  loss: 2.1286  time: 0.115  data_time: 0.001  forward_time: 0.014  backward_time: 0.029  lr: 0.000100  max_mem: 7782M    
[2026-01-21 08:40:36]   eta: 13:45:46  iter: 12240  progress: 2.9  loss: 2.5676  time: 0.116  data_time: 0.001  forward_time: 0.015  backward_time: 0.028  lr: 0.000100  max_mem: 7782M    
[2026-01-21 08:40:48]   eta: 13:51:05  iter: 12250  progress: 2.9  loss: 1.7223  time: 0.116  data_time: 0.001  forward_time: 0.014  backward_time: 0.029  lr: 0.000100  max_mem: 7782M    
[2026-01-21 08:41:00]   eta: 13:34:53  iter: 12260  progress: 3.0  loss: 1.8163  time: 0.118  data_time: 0.001  forward_time: 0.014  backward_time: 0.072  lr: 0.000100  max_mem: 7782M    
[2026-01-21 08:41:12]   eta: 13:35:03  iter: 12270  progress: 3.0  loss: 2.1104  time: 0.115  data_time: 0.001  forward_time: 0.014  backward_time: 0.029  lr: 0.000100  max_mem: 7782M    
[2026-01-21 08:41:24]   eta: 13:26:44  iter: 12280  progress: 3.0  loss: 2.1604  time: 0.115  data_time: 0.001  forward_time: 0.014  backward_time: 0.029  lr: 0.000100  max_mem: 7782M    
[2026-01-21 08:41:36]   eta: 13:21:55  iter: 12290  progress: 3.0  loss: 1.8481  time: 0.115  data_time: 0.001  forward_time: 0.014  backward_time: 0.075  lr: 0.000100  max_mem: 7782M    
[2026-01-21 08:41:48]   eta: 13:26:09  iter: 12300  progress: 3.0  loss: 2.2439  time: 0.118  data_time: 0.001  forward_time: 0.014  backward_time: 0.030  lr: 0.000100  max_mem: 7782M    
[2026-01-21 08:42:00]   eta: 13:34:34  iter: 12310  progress: 3.0  loss: 1.9391  time: 0.175  data_time: 0.001  forward_time: 0.090  backward_time: 0.018  lr: 0.000100  max_mem: 7782M    
[2026-01-21 08:42:13]   eta: 13:56:34  iter: 12320  progress: 3.0  loss: 2.3101  time: 0.115  data_time: 0.001  forward_time: 0.014  backward_time: 0.029  lr: 0.000100  max_mem: 7782M    
[2026-01-21 08:42:24]   eta: 14:08:04  iter: 12330  progress: 3.0  loss: 1.9786  time: 0.115  data_time: 0.001  forward_time: 0.014  backward_time: 0.029  lr: 0.000100  max_mem: 7782M    
[2026-01-21 08:42:37]   eta: 14:42:03  iter: 12340  progress: 3.0  loss: 2.0011  time: 0.115  data_time: 0.001  forward_time: 0.015  backward_time: 0.028  lr: 0.000100  max_mem: 7782M    
[2026-01-21 08:42:49]   eta: 14:44:05  iter: 12350  progress: 3.0  loss: 2.3135  time: 0.115  data_time: 0.001  forward_time: 0.014  backward_time: 0.029  lr: 0.000100  max_mem: 7782M    
[2026-01-21 08:43:01]   eta: 14:40:58  iter: 12360  progress: 3.0  loss: 1.7527  time: 0.116  data_time: 0.002  forward_time: 0.015  backward_time: 0.029  lr: 0.000100  max_mem: 7782M    
[2026-01-21 08:43:13]   eta: 14:33:26  iter: 12370  progress: 3.0  loss: 2.2866  time: 0.115  data_time: 0.001  forward_time: 0.014  backward_time: 0.029  lr: 0.000100  max_mem: 7782M    
[2026-01-21 08:43:26]   eta: 15:07:47  iter: 12380  progress: 3.0  loss: 1.7404  time: 0.116  data_time: 0.001  forward_time: 0.015  backward_time: 0.028  lr: 0.000100  max_mem: 7782M    
[2026-01-21 08:43:38]   eta: 14:39:09  iter: 12390  progress: 3.0  loss: 1.5738  time: 0.116  data_time: 0.001  forward_time: 0.014  backward_time: 0.029  lr: 0.000100  max_mem: 7782M    
[2026-01-21 08:43:50]   eta: 14:32:13  iter: 12400  progress: 3.0  loss: 2.1055  time: 0.115  data_time: 0.001  forward_time: 0.014  backward_time: 0.029  lr: 0.000100  max_mem: 7782M    
[2026-01-21 08:44:02]   eta: 14:27:02  iter: 12410  progress: 3.0  loss: 1.6931  time: 0.115  data_time: 0.001  forward_time: 0.015  backward_time: 0.028  lr: 0.000100  max_mem: 7782M    
[2026-01-21 08:44:14]   eta: 14:20:34  iter: 12420  progress: 3.0  loss: 2.3657  time: 0.193  data_time: 0.004  forward_time: 0.089  backward_time: 0.028  lr: 0.000100  max_mem: 7782M    
[2026-01-21 08:44:26]   eta: 13:34:00  iter: 12430  progress: 3.0  loss: 2.0270  time: 0.116  data_time: 0.001  forward_time: 0.014  backward_time: 0.029  lr: 0.000100  max_mem: 7782M    
[2026-01-21 08:44:38]   eta: 13:29:02  iter: 12440  progress: 3.0  loss: 2.1978  time: 0.116  data_time: 0.002  forward_time: 0.017  backward_time: 0.027  lr: 0.000100  max_mem: 7782M    
[2026-01-21 08:44:50]   eta: 13:29:33  iter: 12450  progress: 3.0  loss: 2.7229  time: 0.116  data_time: 0.002  forward_time: 0.016  backward_time: 0.028  lr: 0.000100  max_mem: 7782M    
[2026-01-21 08:45:02]   eta: 13:41:02  iter: 12460  progress: 3.0  loss: 2.1523  time: 0.181  data_time: 0.002  forward_time: 0.090  backward_time: 0.018  lr: 0.000100  max_mem: 7782M    
[2026-01-21 08:45:08]   eta: 13:50:34  iter: 12465  progress: 3.0  loss: 2.1495  time: 0.098  data_time: 0.001  forward_time: 0.016  backward_time: 0.020  lr: 0.000100  max_mem: 7782M    
[2026-01-21 08:45:08]   Validating epoch[3/100]...    
[2026-01-21 08:55:11]   [epoch 3] train_loss: 2.084 val_accuracy: 0.4109 precision: 0.3267 recall: 0.4109 specificity: 0.9720 f1_score: 0.3390 auc: 0.7926 overall_accuracy: 0.4109    
[2026-01-21 08:55:11]   
Saving checkpoint...    
[2026-01-21 08:55:24]   eta: 13:43:18  iter: 12475  progress: 3.0  loss: 2.3750  time: 0.116  data_time: 0.001  forward_time: 0.014  backward_time: 0.029  lr: 0.000100  max_mem: 7782M    
[2026-01-21 08:55:37]   eta: 14:10:16  iter: 12485  progress: 3.0  loss: 1.6641  time: 0.166  data_time: 0.001  forward_time: 0.086  backward_time: 0.017  lr: 0.000100  max_mem: 7782M    
[2026-01-21 08:55:49]   eta: 14:09:36  iter: 12495  progress: 3.0  loss: 2.0534  time: 0.118  data_time: 0.001  forward_time: 0.014  backward_time: 0.030  lr: 0.000100  max_mem: 7782M    
[2026-01-21 08:56:01]   eta: 14:39:00  iter: 12505  progress: 3.0  loss: 1.5083  time: 0.184  data_time: 0.002  forward_time: 0.094  backward_time: 0.018  lr: 0.000100  max_mem: 7782M    
[2026-01-21 08:56:13]   eta: 14:32:54  iter: 12515  progress: 3.0  loss: 2.3737  time: 0.116  data_time: 0.001  forward_time: 0.015  backward_time: 0.028  lr: 0.000100  max_mem: 7782M    
[2026-01-21 08:56:25]   eta: 14:31:46  iter: 12525  progress: 3.0  loss: 2.0047  time: 0.118  data_time: 0.001  forward_time: 0.014  backward_time: 0.029  lr: 0.000100  max_mem: 7782M    
[2026-01-21 08:56:37]   eta: 14:26:08  iter: 12535  progress: 3.0  loss: 2.2081  time: 0.118  data_time: 0.001  forward_time: 0.014  backward_time: 0.029  lr: 0.000100  max_mem: 7782M    
[2026-01-21 08:56:49]   eta: 14:32:22  iter: 12545  progress: 3.0  loss: 2.0786  time: 0.116  data_time: 0.002  forward_time: 0.016  backward_time: 0.028  lr: 0.000100  max_mem: 7782M    
[2026-01-21 08:57:01]   eta: 14:19:31  iter: 12555  progress: 3.0  loss: 1.9390  time: 0.116  data_time: 0.001  forward_time: 0.014  backward_time: 0.029  lr: 0.000100  max_mem: 7782M    
[2026-01-21 08:57:13]   eta: 14:21:02  iter: 12565  progress: 3.0  loss: 1.5777  time: 0.177  data_time: 0.001  forward_time: 0.090  backward_time: 0.017  lr: 0.000100  max_mem: 7782M    
[2026-01-21 08:57:25]   eta: 14:29:01  iter: 12575  progress: 3.0  loss: 2.2290  time: 0.115  data_time: 0.001  forward_time: 0.015  backward_time: 0.028  lr: 0.000100  max_mem: 7782M    
[2026-01-21 08:57:38]   eta: 14:06:53  iter: 12585  progress: 3.0  loss: 2.5516  time: 0.115  data_time: 0.001  forward_time: 0.014  backward_time: 0.029  lr: 0.000100  max_mem: 7782M    
[2026-01-21 08:57:50]   eta: 14:03:45  iter: 12595  progress: 3.0  loss: 1.7574  time: 0.116  data_time: 0.001  forward_time: 0.015  backward_time: 0.075  lr: 0.000100  max_mem: 7782M    
[2026-01-21 08:58:02]   eta: 14:16:55  iter: 12605  progress: 3.0  loss: 1.7392  time: 0.196  data_time: 0.001  forward_time: 0.097  backward_time: 0.025  lr: 0.000100  max_mem: 7782M    
[2026-01-21 08:58:14]   eta: 14:14:36  iter: 12615  progress: 3.0  loss: 1.7220  time: 0.130  data_time: 0.001  forward_time: 0.014  backward_time: 0.075  lr: 0.000100  max_mem: 7782M    
[2026-01-21 08:58:26]   eta: 14:18:47  iter: 12625  progress: 3.0  loss: 1.8857  time: 0.116  data_time: 0.002  forward_time: 0.016  backward_time: 0.028  lr: 0.000100  max_mem: 7782M    
[2026-01-21 08:58:38]   eta: 14:25:58  iter: 12635  progress: 3.0  loss: 1.5259  time: 0.131  data_time: 0.001  forward_time: 0.016  backward_time: 0.073  lr: 0.000100  max_mem: 7782M    
[2026-01-21 08:58:51]   eta: 14:40:38  iter: 12645  progress: 3.0  loss: 2.3623  time: 0.186  data_time: 0.001  forward_time: 0.014  backward_time: 0.029  lr: 0.000100  max_mem: 7782M    
[2026-01-21 08:59:03]   eta: 14:11:33  iter: 12655  progress: 3.0  loss: 2.2222  time: 0.167  data_time: 0.001  forward_time: 0.084  backward_time: 0.017  lr: 0.000100  max_mem: 7782M    
[2026-01-21 08:59:15]   eta: 14:08:28  iter: 12665  progress: 3.0  loss: 2.6333  time: 0.116  data_time: 0.001  forward_time: 0.014  backward_time: 0.029  lr: 0.000100  max_mem: 7782M    
[2026-01-21 08:59:27]   eta: 14:02:32  iter: 12675  progress: 3.1  loss: 2.1907  time: 0.116  data_time: 0.001  forward_time: 0.015  backward_time: 0.028  lr: 0.000100  max_mem: 7782M    
[2026-01-21 08:59:39]   eta: 13:59:16  iter: 12685  progress: 3.1  loss: 1.9180  time: 0.116  data_time: 0.001  forward_time: 0.014  backward_time: 0.075  lr: 0.000100  max_mem: 7782M    
[2026-01-21 08:59:51]   eta: 13:57:21  iter: 12695  progress: 3.1  loss: 1.8702  time: 0.115  data_time: 0.001  forward_time: 0.015  backward_time: 0.028  lr: 0.000100  max_mem: 7782M    
[2026-01-21 09:00:03]   eta: 14:09:42  iter: 12705  progress: 3.1  loss: 1.6929  time: 0.188  data_time: 0.001  forward_time: 0.094  backward_time: 0.021  lr: 0.000100  max_mem: 7782M    
[2026-01-21 09:00:15]   eta: 14:02:59  iter: 12715  progress: 3.1  loss: 2.3955  time: 0.116  data_time: 0.002  forward_time: 0.014  backward_time: 0.029  lr: 0.000100  max_mem: 7782M    
[2026-01-21 09:00:28]   eta: 14:18:38  iter: 12725  progress: 3.1  loss: 1.6536  time: 0.115  data_time: 0.001  forward_time: 0.014  backward_time: 0.029  lr: 0.000100  max_mem: 7782M    
[2026-01-21 09:00:40]   eta: 14:35:57  iter: 12735  progress: 3.1  loss: 2.3063  time: 0.115  data_time: 0.001  forward_time: 0.014  backward_time: 0.029  lr: 0.000100  max_mem: 7782M    
[2026-01-21 09:00:52]   eta: 14:07:46  iter: 12745  progress: 3.1  loss: 1.7771  time: 0.116  data_time: 0.001  forward_time: 0.015  backward_time: 0.028  lr: 0.000100  max_mem: 7782M    
[2026-01-21 09:01:04]   eta: 14:04:43  iter: 12755  progress: 3.1  loss: 2.4265  time: 0.115  data_time: 0.001  forward_time: 0.014  backward_time: 0.029  lr: 0.000100  max_mem: 7782M    
[2026-01-21 09:01:16]   eta: 14:08:50  iter: 12765  progress: 3.1  loss: 1.9703  time: 0.194  data_time: 0.001  forward_time: 0.095  backward_time: 0.027  lr: 0.000100  max_mem: 7782M    
[2026-01-21 09:01:29]   eta: 14:15:45  iter: 12775  progress: 3.1  loss: 1.8344  time: 0.195  data_time: 0.001  forward_time: 0.102  backward_time: 0.019  lr: 0.000100  max_mem: 7782M    
[2026-01-21 09:01:41]   eta: 14:11:45  iter: 12785  progress: 3.1  loss: 1.5278  time: 0.115  data_time: 0.001  forward_time: 0.014  backward_time: 0.029  lr: 0.000100  max_mem: 7782M    
[2026-01-21 09:01:53]   eta: 14:36:09  iter: 12795  progress: 3.1  loss: 2.2955  time: 0.118  data_time: 0.001  forward_time: 0.016  backward_time: 0.028  lr: 0.000100  max_mem: 7782M    
[2026-01-21 09:02:05]   eta: 14:40:56  iter: 12805  progress: 3.1  loss: 2.2623  time: 0.115  data_time: 0.001  forward_time: 0.014  backward_time: 0.029  lr: 0.000100  max_mem: 7782M    
[2026-01-21 09:02:18]   eta: 15:11:29  iter: 12815  progress: 3.1  loss: 1.7733  time: 0.196  data_time: 0.081  forward_time: 0.015  backward_time: 0.028  lr: 0.000100  max_mem: 7782M    
[2026-01-21 09:02:30]   eta: 14:51:04  iter: 12825  progress: 3.1  loss: 1.9712  time: 0.116  data_time: 0.001  forward_time: 0.014  backward_time: 0.029  lr: 0.000100  max_mem: 7782M    
[2026-01-21 09:02:42]   eta: 15:13:30  iter: 12835  progress: 3.1  loss: 1.6418  time: 0.116  data_time: 0.002  forward_time: 0.015  backward_time: 0.029  lr: 0.000100  max_mem: 7782M    
[2026-01-21 09:02:55]   eta: 14:54:44  iter: 12845  progress: 3.1  loss: 2.8945  time: 0.116  data_time: 0.001  forward_time: 0.015  backward_time: 0.028  lr: 0.000100  max_mem: 7782M    
[2026-01-21 09:03:07]   eta: 15:02:46  iter: 12855  progress: 3.1  loss: 2.2705  time: 0.116  data_time: 0.002  forward_time: 0.015  backward_time: 0.028  lr: 0.000100  max_mem: 7782M    
[2026-01-21 09:03:19]   eta: 14:30:51  iter: 12865  progress: 3.1  loss: 2.2981  time: 0.116  data_time: 0.002  forward_time: 0.014  backward_time: 0.029  lr: 0.000100  max_mem: 7782M    
[2026-01-21 09:03:32]   eta: 14:33:09  iter: 12875  progress: 3.1  loss: 1.9047  time: 0.116  data_time: 0.002  forward_time: 0.019  backward_time: 0.025  lr: 0.000100  max_mem: 7782M    
[2026-01-21 09:03:44]   eta: 13:58:27  iter: 12885  progress: 3.1  loss: 1.8381  time: 0.116  data_time: 0.001  forward_time: 0.015  backward_time: 0.028  lr: 0.000100  max_mem: 7782M    
[2026-01-21 09:03:56]   eta: 14:00:47  iter: 12895  progress: 3.1  loss: 1.9556  time: 0.116  data_time: 0.002  forward_time: 0.015  backward_time: 0.029  lr: 0.000100  max_mem: 7782M    
[2026-01-21 09:04:08]   eta: 13:45:05  iter: 12905  progress: 3.1  loss: 1.8933  time: 0.116  data_time: 0.001  forward_time: 0.015  backward_time: 0.028  lr: 0.000100  max_mem: 7782M    
[2026-01-21 09:04:21]   eta: 13:51:10  iter: 12915  progress: 3.1  loss: 1.6720  time: 0.115  data_time: 0.001  forward_time: 0.014  backward_time: 0.029  lr: 0.000100  max_mem: 7782M    
[2026-01-21 09:04:33]   eta: 13:44:19  iter: 12925  progress: 3.1  loss: 2.2467  time: 0.118  data_time: 0.002  forward_time: 0.016  backward_time: 0.029  lr: 0.000100  max_mem: 7782M    
[2026-01-21 09:04:45]   eta: 13:39:38  iter: 12935  progress: 3.1  loss: 1.9294  time: 0.115  data_time: 0.001  forward_time: 0.014  backward_time: 0.029  lr: 0.000100  max_mem: 7782M    
[2026-01-21 09:04:58]   eta: 13:42:39  iter: 12945  progress: 3.1  loss: 1.7948  time: 0.116  data_time: 0.001  forward_time: 0.015  backward_time: 0.028  lr: 0.000100  max_mem: 7782M    
[2026-01-21 09:05:10]   eta: 13:55:43  iter: 12955  progress: 3.1  loss: 2.7782  time: 0.119  data_time: 0.001  forward_time: 0.015  backward_time: 0.077  lr: 0.000100  max_mem: 7782M    
[2026-01-21 09:05:22]   eta: 13:45:30  iter: 12965  progress: 3.1  loss: 1.9319  time: 0.147  data_time: 0.001  forward_time: 0.015  backward_time: 0.082  lr: 0.000100  max_mem: 7782M    
[2026-01-21 09:05:34]   eta: 14:13:43  iter: 12975  progress: 3.1  loss: 2.1584  time: 0.116  data_time: 0.002  forward_time: 0.016  backward_time: 0.028  lr: 0.000100  max_mem: 7782M    
[2026-01-21 09:05:46]   eta: 14:35:19  iter: 12985  progress: 3.1  loss: 1.8820  time: 0.115  data_time: 0.001  forward_time: 0.015  backward_time: 0.029  lr: 0.000100  max_mem: 7782M    
[2026-01-21 09:05:58]   eta: 14:23:50  iter: 12995  progress: 3.1  loss: 2.0722  time: 0.115  data_time: 0.001  forward_time: 0.015  backward_time: 0.029  lr: 0.000100  max_mem: 7782M    
[2026-01-21 09:06:11]   eta: 14:25:56  iter: 13005  progress: 3.1  loss: 1.8879  time: 0.115  data_time: 0.001  forward_time: 0.014  backward_time: 0.029  lr: 0.000100  max_mem: 7782M    
[2026-01-21 09:06:23]   eta: 14:29:55  iter: 13015  progress: 3.1  loss: 1.7067  time: 0.115  data_time: 0.001  forward_time: 0.014  backward_time: 0.029  lr: 0.000100  max_mem: 7782M    
[2026-01-21 09:06:35]   eta: 13:59:17  iter: 13025  progress: 3.1  loss: 2.2966  time: 0.116  data_time: 0.001  forward_time: 0.015  backward_time: 0.028  lr: 0.000100  max_mem: 7782M    
[2026-01-21 09:06:47]   eta: 13:45:25  iter: 13035  progress: 3.1  loss: 2.0522  time: 0.118  data_time: 0.001  forward_time: 0.015  backward_time: 0.029  lr: 0.000100  max_mem: 7782M    
[2026-01-21 09:06:59]   eta: 13:55:10  iter: 13045  progress: 3.1  loss: 2.1752  time: 0.116  data_time: 0.001  forward_time: 0.015  backward_time: 0.028  lr: 0.000100  max_mem: 7782M    
[2026-01-21 09:07:12]   eta: 13:46:09  iter: 13055  progress: 3.1  loss: 2.3680  time: 0.121  data_time: 0.002  forward_time: 0.020  backward_time: 0.027  lr: 0.000100  max_mem: 7782M    
[2026-01-21 09:07:24]   eta: 13:56:10  iter: 13065  progress: 3.1  loss: 2.0407  time: 0.116  data_time: 0.002  forward_time: 0.014  backward_time: 0.029  lr: 0.000100  max_mem: 7782M    
[2026-01-21 09:07:36]   eta: 14:13:49  iter: 13075  progress: 3.1  loss: 1.7283  time: 0.118  data_time: 0.002  forward_time: 0.016  backward_time: 0.029  lr: 0.000100  max_mem: 7782M    
[2026-01-21 09:07:49]   eta: 14:18:36  iter: 13085  progress: 3.1  loss: 1.7727  time: 0.115  data_time: 0.001  forward_time: 0.014  backward_time: 0.029  lr: 0.000100  max_mem: 7782M    
[2026-01-21 09:08:01]   eta: 14:17:38  iter: 13095  progress: 3.2  loss: 1.8921  time: 0.115  data_time: 0.001  forward_time: 0.014  backward_time: 0.029  lr: 0.000100  max_mem: 7782M    
[2026-01-21 09:08:13]   eta: 14:05:54  iter: 13105  progress: 3.2  loss: 1.8846  time: 0.115  data_time: 0.001  forward_time: 0.013  backward_time: 0.029  lr: 0.000100  max_mem: 7782M    
[2026-01-21 09:08:25]   eta: 14:07:04  iter: 13115  progress: 3.2  loss: 1.7095  time: 0.173  data_time: 0.001  forward_time: 0.087  backward_time: 0.017  lr: 0.000100  max_mem: 7782M    
[2026-01-21 09:08:37]   eta: 14:12:16  iter: 13125  progress: 3.2  loss: 2.4053  time: 0.146  data_time: 0.001  forward_time: 0.019  backward_time: 0.077  lr: 0.000100  max_mem: 7782M    
[2026-01-21 09:08:50]   eta: 14:29:23  iter: 13135  progress: 3.2  loss: 1.9920  time: 0.115  data_time: 0.001  forward_time: 0.014  backward_time: 0.029  lr: 0.000100  max_mem: 7782M    
[2026-01-21 09:09:02]   eta: 14:30:01  iter: 13145  progress: 3.2  loss: 1.7431  time: 0.116  data_time: 0.001  forward_time: 0.015  backward_time: 0.028  lr: 0.000100  max_mem: 7782M    
[2026-01-21 09:09:14]   eta: 14:39:05  iter: 13155  progress: 3.2  loss: 1.8939  time: 0.144  data_time: 0.001  forward_time: 0.014  backward_time: 0.071  lr: 0.000100  max_mem: 7782M    
[2026-01-21 09:09:26]   eta: 14:47:07  iter: 13165  progress: 3.2  loss: 1.9874  time: 0.140  data_time: 0.001  forward_time: 0.014  backward_time: 0.071  lr: 0.000100  max_mem: 7782M    
[2026-01-21 09:09:39]   eta: 14:41:58  iter: 13175  progress: 3.2  loss: 2.3646  time: 0.116  data_time: 0.001  forward_time: 0.015  backward_time: 0.029  lr: 0.000100  max_mem: 7782M    
[2026-01-21 09:09:51]   eta: 14:32:39  iter: 13185  progress: 3.2  loss: 1.8716  time: 0.116  data_time: 0.001  forward_time: 0.014  backward_time: 0.029  lr: 0.000100  max_mem: 7782M    
[2026-01-21 09:10:03]   eta: 14:41:45  iter: 13195  progress: 3.2  loss: 2.1916  time: 0.116  data_time: 0.001  forward_time: 0.015  backward_time: 0.028  lr: 0.000100  max_mem: 7782M    
[2026-01-21 09:10:16]   eta: 14:58:52  iter: 13205  progress: 3.2  loss: 2.1665  time: 0.159  data_time: 0.001  forward_time: 0.014  backward_time: 0.085  lr: 0.000100  max_mem: 7782M    
[2026-01-21 09:10:28]   eta: 14:30:18  iter: 13215  progress: 3.2  loss: 1.7813  time: 0.116  data_time: 0.001  forward_time: 0.015  backward_time: 0.028  lr: 0.000100  max_mem: 7782M    
[2026-01-21 09:10:40]   eta: 14:30:35  iter: 13225  progress: 3.2  loss: 1.9997  time: 0.168  data_time: 0.001  forward_time: 0.083  backward_time: 0.017  lr: 0.000100  max_mem: 7782M    
[2026-01-21 09:10:53]   eta: 14:17:27  iter: 13235  progress: 3.2  loss: 1.7974  time: 0.118  data_time: 0.001  forward_time: 0.014  backward_time: 0.030  lr: 0.000100  max_mem: 7782M    
[2026-01-21 09:11:05]   eta: 14:07:33  iter: 13245  progress: 3.2  loss: 2.0134  time: 0.118  data_time: 0.002  forward_time: 0.015  backward_time: 0.029  lr: 0.000100  max_mem: 7782M    
[2026-01-21 09:11:17]   eta: 13:50:04  iter: 13255  progress: 3.2  loss: 2.4297  time: 0.185  data_time: 0.002  forward_time: 0.094  backward_time: 0.019  lr: 0.000100  max_mem: 7782M    
[2026-01-21 09:11:29]   eta: 13:50:17  iter: 13265  progress: 3.2  loss: 1.6198  time: 0.121  data_time: 0.001  forward_time: 0.020  backward_time: 0.028  lr: 0.000100  max_mem: 7782M    
[2026-01-21 09:11:41]   eta: 13:41:23  iter: 13275  progress: 3.2  loss: 2.2598  time: 0.128  data_time: 0.001  forward_time: 0.015  backward_time: 0.071  lr: 0.000100  max_mem: 7782M    
[2026-01-21 09:11:54]   eta: 13:48:46  iter: 13285  progress: 3.2  loss: 2.1908  time: 0.116  data_time: 0.001  forward_time: 0.016  backward_time: 0.028  lr: 0.000100  max_mem: 7782M    
[2026-01-21 09:12:08]   eta: 14:12:43  iter: 13295  progress: 3.2  loss: 1.9437  time: 0.116  data_time: 0.001  forward_time: 0.017  backward_time: 0.027  lr: 0.000100  max_mem: 7782M    
[2026-01-21 09:12:22]   eta: 14:16:55  iter: 13305  progress: 3.2  loss: 1.9366  time: 0.116  data_time: 0.001  forward_time: 0.015  backward_time: 0.029  lr: 0.000100  max_mem: 7782M    
[2026-01-21 09:12:36]   eta: 15:04:10  iter: 13315  progress: 3.2  loss: 1.7089  time: 0.197  data_time: 0.002  forward_time: 0.098  backward_time: 0.025  lr: 0.000100  max_mem: 7782M    
[2026-01-21 09:12:49]   eta: 15:18:42  iter: 13325  progress: 3.2  loss: 1.5731  time: 0.118  data_time: 0.002  forward_time: 0.014  backward_time: 0.030  lr: 0.000100  max_mem: 7782M    
[2026-01-21 09:13:03]   eta: 15:16:40  iter: 13335  progress: 3.2  loss: 1.9644  time: 0.116  data_time: 0.002  forward_time: 0.014  backward_time: 0.029  lr: 0.000100  max_mem: 7782M    
[2026-01-21 09:13:16]   eta: 15:13:20  iter: 13345  progress: 3.2  loss: 2.0359  time: 0.116  data_time: 0.002  forward_time: 0.015  backward_time: 0.029  lr: 0.000100  max_mem: 7782M    
[2026-01-21 09:13:29]   eta: 15:26:04  iter: 13355  progress: 3.2  loss: 2.1412  time: 0.165  data_time: 0.002  forward_time: 0.082  backward_time: 0.017  lr: 0.000100  max_mem: 7782M    
[2026-01-21 09:13:43]   eta: 15:02:16  iter: 13365  progress: 3.2  loss: 1.8218  time: 0.116  data_time: 0.002  forward_time: 0.014  backward_time: 0.029  lr: 0.000100  max_mem: 7782M    
[2026-01-21 09:13:56]   eta: 15:02:23  iter: 13375  progress: 3.2  loss: 1.6778  time: 0.188  data_time: 0.074  forward_time: 0.016  backward_time: 0.028  lr: 0.000100  max_mem: 7782M    
[2026-01-21 09:14:12]   eta: 15:33:41  iter: 13385  progress: 3.2  loss: 1.9315  time: 0.116  data_time: 0.002  forward_time: 0.015  backward_time: 0.028  lr: 0.000100  max_mem: 7782M    
[2026-01-21 09:14:27]   eta: 15:52:59  iter: 13395  progress: 3.2  loss: 2.9291  time: 0.119  data_time: 0.002  forward_time: 0.020  backward_time: 0.027  lr: 0.000100  max_mem: 7782M    
[2026-01-21 09:14:43]   eta: 15:36:15  iter: 13405  progress: 3.2  loss: 2.4571  time: 0.116  data_time: 0.001  forward_time: 0.015  backward_time: 0.028  lr: 0.000100  max_mem: 7782M    
[2026-01-21 09:15:01]   eta: 15:23:14  iter: 13415  progress: 3.2  loss: 2.0443  time: 0.119  data_time: 0.002  forward_time: 0.018  backward_time: 0.027  lr: 0.000100  max_mem: 7782M    
[2026-01-21 09:15:21]   eta: 15:27:57  iter: 13425  progress: 3.2  loss: 2.1280  time: 0.116  data_time: 0.002  forward_time: 0.015  backward_time: 0.028  lr: 0.000100  max_mem: 7782M    
[2026-01-21 09:15:41]   eta: 14:47:55  iter: 13435  progress: 3.2  loss: 1.9148  time: 0.123  data_time: 0.003  forward_time: 0.024  backward_time: 0.024  lr: 0.000100  max_mem: 7782M    
[2026-01-21 09:16:04]   eta: 14:11:45  iter: 13445  progress: 3.2  loss: 2.0769  time: 0.118  data_time: 0.001  forward_time: 0.015  backward_time: 0.030  lr: 0.000100  max_mem: 7782M    
[2026-01-21 09:16:25]   eta: 14:21:52  iter: 13455  progress: 3.2  loss: 2.5590  time: 0.119  data_time: 0.002  forward_time: 0.019  backward_time: 0.027  lr: 0.000100  max_mem: 7782M    
[2026-01-21 09:16:41]   eta: 14:24:41  iter: 13465  progress: 3.2  loss: 2.3017  time: 0.118  data_time: 0.002  forward_time: 0.017  backward_time: 0.028  lr: 0.000100  max_mem: 7782M    
[2026-01-21 09:16:57]   eta: 14:19:03  iter: 13475  progress: 3.2  loss: 1.8270  time: 0.116  data_time: 0.002  forward_time: 0.016  backward_time: 0.028  lr: 0.000100  max_mem: 7782M    
[2026-01-21 09:17:14]   eta: 14:32:36  iter: 13485  progress: 3.2  loss: 2.3020  time: 0.119  data_time: 0.002  forward_time: 0.016  backward_time: 0.029  lr: 0.000100  max_mem: 7782M    
[2026-01-21 09:17:31]   eta: 14:36:01  iter: 13495  progress: 3.2  loss: 1.9730  time: 0.119  data_time: 0.002  forward_time: 0.017  backward_time: 0.027  lr: 0.000100  max_mem: 7782M    
[2026-01-21 09:17:49]   eta: 14:31:26  iter: 13505  progress: 3.3  loss: 1.8597  time: 0.117  data_time: 0.002  forward_time: 0.021  backward_time: 0.023  lr: 0.000100  max_mem: 7782M    
[2026-01-21 09:18:05]   eta: 14:42:35  iter: 13515  progress: 3.3  loss: 1.6277  time: 0.119  data_time: 0.002  forward_time: 0.019  backward_time: 0.027  lr: 0.000100  max_mem: 7782M    
[2026-01-21 09:18:22]   eta: 14:43:54  iter: 13525  progress: 3.3  loss: 1.9729  time: 0.197  data_time: 0.002  forward_time: 0.099  backward_time: 0.026  lr: 0.000100  max_mem: 7782M    
[2026-01-21 09:18:40]   eta: 14:53:25  iter: 13535  progress: 3.3  loss: 1.7316  time: 0.119  data_time: 0.002  forward_time: 0.016  backward_time: 0.028  lr: 0.000100  max_mem: 7782M    
[2026-01-21 09:19:00]   eta: 14:59:02  iter: 13545  progress: 3.3  loss: 2.0113  time: 0.119  data_time: 0.002  forward_time: 0.017  backward_time: 0.028  lr: 0.000100  max_mem: 7782M    
[2026-01-21 09:19:18]   eta: 15:16:35  iter: 13555  progress: 3.3  loss: 2.1867  time: 0.117  data_time: 0.002  forward_time: 0.018  backward_time: 0.027  lr: 0.000100  max_mem: 7782M    
[2026-01-21 09:19:36]   eta: 15:34:40  iter: 13565  progress: 3.3  loss: 2.2340  time: 0.117  data_time: 0.002  forward_time: 0.024  backward_time: 0.022  lr: 0.000100  max_mem: 7782M    
[2026-01-21 09:19:52]   eta: 15:45:11  iter: 13575  progress: 3.3  loss: 1.8459  time: 0.180  data_time: 0.002  forward_time: 0.089  backward_time: 0.018  lr: 0.000100  max_mem: 7782M    
[2026-01-21 09:20:09]   eta: 15:38:24  iter: 13585  progress: 3.3  loss: 2.3435  time: 0.117  data_time: 0.002  forward_time: 0.016  backward_time: 0.028  lr: 0.000100  max_mem: 7782M    
[2026-01-21 09:20:28]   eta: 15:38:35  iter: 13595  progress: 3.3  loss: 1.9323  time: 0.206  data_time: 0.086  forward_time: 0.023  backward_time: 0.024  lr: 0.000100  max_mem: 7782M    
[2026-01-21 09:20:59]   eta: 15:21:23  iter: 13605  progress: 3.3  loss: 1.7931  time: 0.119  data_time: 0.002  forward_time: 0.017  backward_time: 0.028  lr: 0.000100  max_mem: 7782M    
[2026-01-21 09:21:22]   eta: 14:56:59  iter: 13615  progress: 3.3  loss: 2.2503  time: 0.119  data_time: 0.002  forward_time: 0.017  backward_time: 0.028  lr: 0.000100  max_mem: 7782M    
[2026-01-21 09:21:54]   eta: 14:39:42  iter: 13625  progress: 3.3  loss: 1.6921  time: 0.119  data_time: 0.002  forward_time: 0.019  backward_time: 0.027  lr: 0.000100  max_mem: 7782M    
[2026-01-21 09:22:17]   eta: 14:42:22  iter: 13635  progress: 3.3  loss: 2.0988  time: 0.119  data_time: 0.002  forward_time: 0.018  backward_time: 0.027  lr: 0.000100  max_mem: 7782M    
[2026-01-21 09:22:42]   eta: 14:51:27  iter: 13645  progress: 3.3  loss: 1.8375  time: 0.120  data_time: 0.003  forward_time: 0.018  backward_time: 0.028  lr: 0.000100  max_mem: 7782M    
[2026-01-21 09:23:22]   eta: 14:45:28  iter: 13655  progress: 3.3  loss: 2.1618  time: 0.119  data_time: 0.002  forward_time: 0.020  backward_time: 0.026  lr: 0.000100  max_mem: 7782M    
[2026-01-21 09:23:52]   eta: 15:03:49  iter: 13665  progress: 3.3  loss: 1.7911  time: 0.121  data_time: 0.002  forward_time: 0.021  backward_time: 0.026  lr: 0.000100  max_mem: 7782M    
[2026-01-21 09:24:16]   eta: 15:25:50  iter: 13675  progress: 3.3  loss: 2.0634  time: 0.117  data_time: 0.002  forward_time: 0.016  backward_time: 0.028  lr: 0.000100  max_mem: 7782M    
[2026-01-21 09:24:43]   eta: 15:26:21  iter: 13685  progress: 3.3  loss: 2.0504  time: 0.120  data_time: 0.002  forward_time: 0.017  backward_time: 0.028  lr: 0.000100  max_mem: 7782M    
[2026-01-21 09:25:12]   eta: 15:08:41  iter: 13695  progress: 3.3  loss: 1.7239  time: 0.119  data_time: 0.002  forward_time: 0.017  backward_time: 0.028  lr: 0.000100  max_mem: 7782M    
[2026-01-21 09:25:37]   eta: 15:01:26  iter: 13705  progress: 3.3  loss: 1.5342  time: 0.158  data_time: 0.002  forward_time: 0.076  backward_time: 0.021  lr: 0.000100  max_mem: 7782M    
[2026-01-21 09:26:02]   eta: 14:58:00  iter: 13715  progress: 3.3  loss: 1.9053  time: 0.176  data_time: 0.002  forward_time: 0.091  backward_time: 0.018  lr: 0.000100  max_mem: 7782M    
[2026-01-21 09:26:23]   eta: 14:48:37  iter: 13725  progress: 3.3  loss: 2.4349  time: 0.118  data_time: 0.002  forward_time: 0.017  backward_time: 0.028  lr: 0.000100  max_mem: 7782M    
[2026-01-21 09:26:44]   eta: 15:13:00  iter: 13735  progress: 3.3  loss: 1.9992  time: 0.119  data_time: 0.003  forward_time: 0.028  backward_time: 0.021  lr: 0.000100  max_mem: 7782M    
[2026-01-21 09:27:05]   eta: 15:27:54  iter: 13745  progress: 3.3  loss: 2.2651  time: 0.118  data_time: 0.002  forward_time: 0.016  backward_time: 0.028  lr: 0.000100  max_mem: 7782M    
[2026-01-21 09:27:27]   eta: 15:23:43  iter: 13755  progress: 3.3  loss: 1.5082  time: 0.120  data_time: 0.002  forward_time: 0.020  backward_time: 0.026  lr: 0.000100  max_mem: 7782M    
[2026-01-21 09:27:47]   eta: 15:04:26  iter: 13765  progress: 3.3  loss: 2.0485  time: 0.118  data_time: 0.002  forward_time: 0.017  backward_time: 0.029  lr: 0.000100  max_mem: 7782M    
[2026-01-21 09:28:08]   eta: 14:51:01  iter: 13775  progress: 3.3  loss: 1.9978  time: 0.121  data_time: 0.003  forward_time: 0.020  backward_time: 0.027  lr: 0.000100  max_mem: 7782M    
[2026-01-21 09:28:28]   eta: 14:19:44  iter: 13785  progress: 3.3  loss: 2.1472  time: 0.120  data_time: 0.002  forward_time: 0.018  backward_time: 0.028  lr: 0.000100  max_mem: 7782M    
[2026-01-21 09:28:53]   eta: 14:19:12  iter: 13795  progress: 3.3  loss: 2.0300  time: 0.121  data_time: 0.003  forward_time: 0.022  backward_time: 0.025  lr: 0.000100  max_mem: 7782M    
[2026-01-21 09:29:17]   eta: 14:39:08  iter: 13805  progress: 3.3  loss: 1.9916  time: 0.165  data_time: 0.001  forward_time: 0.080  backward_time: 0.019  lr: 0.000100  max_mem: 7782M    
[2026-01-21 09:29:43]   eta: 14:44:33  iter: 13815  progress: 3.3  loss: 1.6798  time: 0.118  data_time: 0.002  forward_time: 0.015  backward_time: 0.029  lr: 0.000100  max_mem: 7782M    
[2026-01-21 09:30:10]   eta: 14:52:05  iter: 13825  progress: 3.3  loss: 1.9305  time: 0.119  data_time: 0.002  forward_time: 0.017  backward_time: 0.072  lr: 0.000100  max_mem: 7782M    
[2026-01-21 09:30:34]   eta: 14:58:54  iter: 13835  progress: 3.3  loss: 1.5084  time: 0.200  data_time: 0.083  forward_time: 0.021  backward_time: 0.024  lr: 0.000100  max_mem: 7782M    
[2026-01-21 09:31:02]   eta: 14:47:32  iter: 13845  progress: 3.3  loss: 2.4454  time: 0.139  data_time: 0.002  forward_time: 0.019  backward_time: 0.082  lr: 0.000100  max_mem: 7782M    
[2026-01-21 09:31:25]   eta: 15:05:37  iter: 13855  progress: 3.3  loss: 1.8920  time: 0.119  data_time: 0.002  forward_time: 0.016  backward_time: 0.029  lr: 0.000100  max_mem: 7782M    
[2026-01-21 09:31:51]   eta: 15:14:43  iter: 13865  progress: 3.3  loss: 1.8372  time: 0.162  data_time: 0.002  forward_time: 0.075  backward_time: 0.019  lr: 0.000100  max_mem: 7782M    
[2026-01-21 09:32:18]   eta: 15:11:25  iter: 13875  progress: 3.3  loss: 2.1062  time: 0.118  data_time: 0.002  forward_time: 0.015  backward_time: 0.030  lr: 0.000100  max_mem: 7782M    
[2026-01-21 09:32:43]   eta: 14:59:51  iter: 13885  progress: 3.3  loss: 1.9027  time: 0.180  data_time: 0.002  forward_time: 0.092  backward_time: 0.022  lr: 0.000100  max_mem: 7782M    
[2026-01-21 09:33:07]   eta: 14:55:13  iter: 13895  progress: 3.3  loss: 2.1527  time: 0.119  data_time: 0.002  forward_time: 0.016  backward_time: 0.028  lr: 0.000100  max_mem: 7782M    
[2026-01-21 09:33:30]   eta: 14:47:30  iter: 13905  progress: 3.3  loss: 2.2946  time: 0.174  data_time: 0.002  forward_time: 0.089  backward_time: 0.019  lr: 0.000100  max_mem: 7782M    
[2026-01-21 09:33:56]   eta: 15:05:27  iter: 13915  progress: 3.3  loss: 2.4960  time: 0.119  data_time: 0.002  forward_time: 0.018  backward_time: 0.027  lr: 0.000100  max_mem: 7782M    
[2026-01-21 09:34:19]   eta: 14:46:45  iter: 13925  progress: 3.4  loss: 2.5573  time: 0.119  data_time: 0.002  forward_time: 0.016  backward_time: 0.028  lr: 0.000100  max_mem: 7782M    
[2026-01-21 09:34:43]   eta: 14:45:10  iter: 13935  progress: 3.4  loss: 1.7730  time: 0.120  data_time: 0.002  forward_time: 0.021  backward_time: 0.024  lr: 0.000100  max_mem: 7782M    
[2026-01-21 09:35:08]   eta: 14:50:30  iter: 13945  progress: 3.4  loss: 1.6916  time: 0.118  data_time: 0.002  forward_time: 0.015  backward_time: 0.029  lr: 0.000100  max_mem: 7782M    
[2026-01-21 09:35:30]   eta: 14:17:32  iter: 13955  progress: 3.4  loss: 1.8007  time: 0.119  data_time: 0.002  forward_time: 0.015  backward_time: 0.029  lr: 0.000100  max_mem: 7782M    
[2026-01-21 09:35:54]   eta: 13:51:25  iter: 13965  progress: 3.4  loss: 1.7027  time: 0.190  data_time: 0.073  forward_time: 0.016  backward_time: 0.028  lr: 0.000100  max_mem: 7782M    
[2026-01-21 09:36:15]   eta: 14:09:12  iter: 13975  progress: 3.4  loss: 1.7543  time: 0.117  data_time: 0.002  forward_time: 0.015  backward_time: 0.028  lr: 0.000100  max_mem: 7782M    
[2026-01-21 09:36:38]   eta: 14:22:10  iter: 13985  progress: 3.4  loss: 2.2506  time: 0.119  data_time: 0.002  forward_time: 0.017  backward_time: 0.028  lr: 0.000100  max_mem: 7782M    
[2026-01-21 09:37:01]   eta: 14:54:13  iter: 13995  progress: 3.4  loss: 1.6875  time: 0.172  data_time: 0.002  forward_time: 0.087  backward_time: 0.021  lr: 0.000100  max_mem: 7782M    
[2026-01-21 09:37:26]   eta: 15:47:08  iter: 14005  progress: 3.4  loss: 1.6120  time: 0.192  data_time: 0.002  forward_time: 0.100  backward_time: 0.036  lr: 0.000100  max_mem: 7782M    
[2026-01-21 09:37:50]   eta: 16:20:29  iter: 14015  progress: 3.4  loss: 2.5465  time: 0.120  data_time: 0.002  forward_time: 0.018  backward_time: 0.027  lr: 0.000100  max_mem: 7782M    
[2026-01-21 09:38:12]   eta: 16:56:21  iter: 14025  progress: 3.4  loss: 2.0602  time: 0.138  data_time: 0.002  forward_time: 0.022  backward_time: 0.070  lr: 0.000100  max_mem: 7782M    
[2026-01-21 09:38:42]   eta: 17:06:28  iter: 14035  progress: 3.4  loss: 1.9970  time: 0.181  data_time: 0.001  forward_time: 0.089  backward_time: 0.018  lr: 0.000100  max_mem: 7782M    
[2026-01-21 09:39:03]   eta: 16:47:23  iter: 14045  progress: 3.4  loss: 1.8479  time: 0.117  data_time: 0.002  forward_time: 0.018  backward_time: 0.026  lr: 0.000100  max_mem: 7782M    
[2026-01-21 09:39:26]   eta: 16:17:07  iter: 14055  progress: 3.4  loss: 2.1530  time: 0.123  data_time: 0.003  forward_time: 0.025  backward_time: 0.031  lr: 0.000100  max_mem: 7782M    
[2026-01-21 09:39:51]   eta: 15:35:40  iter: 14065  progress: 3.4  loss: 2.4117  time: 0.120  data_time: 0.002  forward_time: 0.019  backward_time: 0.028  lr: 0.000100  max_mem: 7782M    
[2026-01-21 09:40:14]   eta: 15:03:05  iter: 14075  progress: 3.4  loss: 2.0794  time: 0.116  data_time: 0.002  forward_time: 0.015  backward_time: 0.028  lr: 0.000100  max_mem: 7782M    
[2026-01-21 09:40:36]   eta: 15:19:45  iter: 14085  progress: 3.4  loss: 1.9679  time: 0.118  data_time: 0.001  forward_time: 0.015  backward_time: 0.029  lr: 0.000100  max_mem: 7782M    
[2026-01-21 09:40:59]   eta: 15:19:06  iter: 14095  progress: 3.4  loss: 1.7841  time: 0.122  data_time: 0.002  forward_time: 0.025  backward_time: 0.024  lr: 0.000100  max_mem: 7782M    
[2026-01-21 09:41:26]   eta: 15:18:12  iter: 14105  progress: 3.4  loss: 1.6803  time: 0.119  data_time: 0.002  forward_time: 0.017  backward_time: 0.028  lr: 0.000100  max_mem: 7782M    
[2026-01-21 09:41:54]   eta: 15:37:43  iter: 14115  progress: 3.4  loss: 1.9030  time: 0.119  data_time: 0.002  forward_time: 0.017  backward_time: 0.028  lr: 0.000100  max_mem: 7782M    
[2026-01-21 09:42:13]   eta: 15:45:16  iter: 14125  progress: 3.4  loss: 2.1969  time: 0.117  data_time: 0.002  forward_time: 0.016  backward_time: 0.029  lr: 0.000100  max_mem: 7782M    
[2026-01-21 09:42:35]   eta: 15:22:47  iter: 14135  progress: 3.4  loss: 1.9985  time: 0.119  data_time: 0.002  forward_time: 0.016  backward_time: 0.029  lr: 0.000100  max_mem: 7782M    
[2026-01-21 09:42:56]   eta: 15:16:54  iter: 14145  progress: 3.4  loss: 2.1070  time: 0.116  data_time: 0.002  forward_time: 0.017  backward_time: 0.028  lr: 0.000100  max_mem: 7782M    
[2026-01-21 09:43:17]   eta: 15:18:05  iter: 14155  progress: 3.4  loss: 1.7648  time: 0.118  data_time: 0.001  forward_time: 0.015  backward_time: 0.029  lr: 0.000100  max_mem: 7782M    
[2026-01-21 09:43:42]   eta: 15:28:09  iter: 14165  progress: 3.4  loss: 2.1134  time: 0.119  data_time: 0.002  forward_time: 0.016  backward_time: 0.029  lr: 0.000100  max_mem: 7782M    
[2026-01-21 09:44:06]   eta: 15:54:26  iter: 14175  progress: 3.4  loss: 2.0101  time: 0.183  data_time: 0.002  forward_time: 0.090  backward_time: 0.020  lr: 0.000100  max_mem: 7782M    
[2026-01-21 09:44:30]   eta: 15:50:31  iter: 14185  progress: 3.4  loss: 1.9302  time: 0.118  data_time: 0.002  forward_time: 0.016  backward_time: 0.028  lr: 0.000100  max_mem: 7782M    
[2026-01-21 09:44:55]   eta: 16:24:03  iter: 14195  progress: 3.4  loss: 2.3889  time: 0.122  data_time: 0.004  forward_time: 0.019  backward_time: 0.027  lr: 0.000100  max_mem: 7782M    
[2026-01-21 09:45:16]   eta: 16:09:22  iter: 14205  progress: 3.4  loss: 2.0338  time: 0.117  data_time: 0.002  forward_time: 0.019  backward_time: 0.027  lr: 0.000100  max_mem: 7782M    
[2026-01-21 09:45:41]   eta: 15:38:22  iter: 14215  progress: 3.4  loss: 1.7207  time: 0.120  data_time: 0.003  forward_time: 0.028  backward_time: 0.024  lr: 0.000100  max_mem: 7782M    
[2026-01-21 09:46:05]   eta: 14:55:22  iter: 14225  progress: 3.4  loss: 2.0519  time: 0.118  data_time: 0.001  forward_time: 0.015  backward_time: 0.029  lr: 0.000100  max_mem: 7782M    
[2026-01-21 09:46:27]   eta: 15:03:57  iter: 14235  progress: 3.4  loss: 2.3558  time: 0.117  data_time: 0.002  forward_time: 0.018  backward_time: 0.027  lr: 0.000100  max_mem: 7782M    
[2026-01-21 09:46:54]   eta: 14:56:10  iter: 14245  progress: 3.4  loss: 2.5085  time: 0.166  data_time: 0.002  forward_time: 0.082  backward_time: 0.019  lr: 0.000100  max_mem: 7782M    
[2026-01-21 09:47:15]   eta: 15:35:35  iter: 14255  progress: 3.4  loss: 1.6271  time: 0.175  data_time: 0.002  forward_time: 0.088  backward_time: 0.018  lr: 0.000100  max_mem: 7782M    
[2026-01-21 09:47:36]   eta: 15:59:35  iter: 14265  progress: 3.4  loss: 1.8723  time: 0.116  data_time: 0.002  forward_time: 0.017  backward_time: 0.027  lr: 0.000100  max_mem: 7782M    
[2026-01-21 09:48:00]   eta: 16:11:30  iter: 14275  progress: 3.4  loss: 1.6876  time: 0.177  data_time: 0.002  forward_time: 0.086  backward_time: 0.020  lr: 0.000100  max_mem: 7782M    
[2026-01-21 09:48:23]   eta: 15:57:03  iter: 14285  progress: 3.4  loss: 1.8699  time: 0.152  data_time: 0.002  forward_time: 0.016  backward_time: 0.088  lr: 0.000100  max_mem: 7782M    
[2026-01-21 09:48:51]   eta: 15:26:01  iter: 14295  progress: 3.4  loss: 1.9143  time: 0.120  data_time: 0.002  forward_time: 0.018  backward_time: 0.028  lr: 0.000100  max_mem: 7782M    
[2026-01-21 09:49:14]   eta: 14:59:09  iter: 14305  progress: 3.4  loss: 1.9024  time: 0.118  data_time: 0.002  forward_time: 0.015  backward_time: 0.029  lr: 0.000100  max_mem: 7782M    
[2026-01-21 09:49:35]   eta: 14:42:47  iter: 14315  progress: 3.4  loss: 2.0078  time: 0.118  data_time: 0.001  forward_time: 0.015  backward_time: 0.029  lr: 0.000100  max_mem: 7782M    
[2026-01-21 09:49:59]   eta: 14:35:32  iter: 14325  progress: 3.4  loss: 1.9986  time: 0.119  data_time: 0.002  forward_time: 0.015  backward_time: 0.077  lr: 0.000100  max_mem: 7782M    
[2026-01-21 09:50:21]   eta: 14:33:04  iter: 14335  progress: 3.5  loss: 1.7718  time: 0.116  data_time: 0.002  forward_time: 0.015  backward_time: 0.029  lr: 0.000100  max_mem: 7782M    
[2026-01-21 09:50:42]   eta: 14:41:47  iter: 14345  progress: 3.5  loss: 2.3163  time: 0.122  data_time: 0.003  forward_time: 0.023  backward_time: 0.025  lr: 0.000100  max_mem: 7782M    
[2026-01-21 09:51:03]   eta: 14:49:35  iter: 14355  progress: 3.5  loss: 2.3116  time: 0.122  data_time: 0.002  forward_time: 0.022  backward_time: 0.026  lr: 0.000100  max_mem: 7782M    
[2026-01-21 09:51:26]   eta: 15:04:37  iter: 14365  progress: 3.5  loss: 1.8027  time: 0.175  data_time: 0.002  forward_time: 0.091  backward_time: 0.019  lr: 0.000100  max_mem: 7782M    
[2026-01-21 09:51:48]   eta: 15:02:32  iter: 14375  progress: 3.5  loss: 2.1172  time: 0.171  data_time: 0.002  forward_time: 0.087  backward_time: 0.019  lr: 0.000100  max_mem: 7782M    
[2026-01-21 09:52:10]   eta: 15:12:06  iter: 14385  progress: 3.5  loss: 1.8531  time: 0.119  data_time: 0.002  forward_time: 0.019  backward_time: 0.027  lr: 0.000100  max_mem: 7782M    
[2026-01-21 09:52:29]   eta: 15:00:03  iter: 14395  progress: 3.5  loss: 2.1141  time: 0.199  data_time: 0.082  forward_time: 0.018  backward_time: 0.027  lr: 0.000100  max_mem: 7782M    
[2026-01-21 09:52:51]   eta: 15:04:57  iter: 14405  progress: 3.5  loss: 1.9749  time: 0.180  data_time: 0.002  forward_time: 0.094  backward_time: 0.022  lr: 0.000100  max_mem: 7782M    
[2026-01-21 09:53:15]   eta: 14:57:24  iter: 14415  progress: 3.5  loss: 2.7553  time: 0.119  data_time: 0.002  forward_time: 0.016  backward_time: 0.029  lr: 0.000100  max_mem: 7782M    
[2026-01-21 09:53:42]   eta: 14:49:20  iter: 14425  progress: 3.5  loss: 2.0062  time: 0.120  data_time: 0.002  forward_time: 0.026  backward_time: 0.022  lr: 0.000100  max_mem: 7782M    
[2026-01-21 09:54:06]   eta: 14:38:21  iter: 14435  progress: 3.5  loss: 1.9885  time: 0.119  data_time: 0.002  forward_time: 0.018  backward_time: 0.028  lr: 0.000100  max_mem: 7782M    
[2026-01-21 09:54:33]   eta: 15:16:59  iter: 14445  progress: 3.5  loss: 1.8104  time: 0.202  data_time: 0.085  forward_time: 0.015  backward_time: 0.029  lr: 0.000100  max_mem: 7782M    
[2026-01-21 09:54:55]   eta: 15:06:51  iter: 14455  progress: 3.5  loss: 2.1503  time: 0.138  data_time: 0.002  forward_time: 0.016  backward_time: 0.081  lr: 0.000100  max_mem: 7782M    
[2026-01-21 09:55:15]   eta: 14:49:48  iter: 14465  progress: 3.5  loss: 1.8230  time: 0.177  data_time: 0.002  forward_time: 0.093  backward_time: 0.018  lr: 0.000100  max_mem: 7782M    
[2026-01-21 09:55:41]   eta: 15:08:57  iter: 14475  progress: 3.5  loss: 2.2825  time: 0.121  data_time: 0.002  forward_time: 0.019  backward_time: 0.028  lr: 0.000100  max_mem: 7782M    
[2026-01-21 09:56:05]   eta: 15:37:34  iter: 14485  progress: 3.5  loss: 1.4374  time: 0.181  data_time: 0.002  forward_time: 0.094  backward_time: 0.019  lr: 0.000100  max_mem: 7782M    
[2026-01-21 09:56:30]   eta: 15:22:06  iter: 14495  progress: 3.5  loss: 2.2127  time: 0.188  data_time: 0.002  forward_time: 0.097  backward_time: 0.021  lr: 0.000100  max_mem: 7782M    
[2026-01-21 09:56:55]   eta: 15:09:46  iter: 14505  progress: 3.5  loss: 1.7577  time: 0.119  data_time: 0.002  forward_time: 0.018  backward_time: 0.077  lr: 0.000100  max_mem: 7782M    
[2026-01-21 09:57:15]   eta: 15:33:27  iter: 14515  progress: 3.5  loss: 1.8342  time: 0.203  data_time: 0.088  forward_time: 0.019  backward_time: 0.026  lr: 0.000100  max_mem: 7782M    
[2026-01-21 09:57:38]   eta: 15:15:06  iter: 14525  progress: 3.5  loss: 2.0060  time: 0.118  data_time: 0.002  forward_time: 0.016  backward_time: 0.028  lr: 0.000100  max_mem: 7782M    
[2026-01-21 09:58:01]   eta: 14:56:28  iter: 14535  progress: 3.5  loss: 1.8257  time: 0.121  data_time: 0.002  forward_time: 0.020  backward_time: 0.027  lr: 0.000100  max_mem: 7782M    
[2026-01-21 09:58:21]   eta: 15:00:16  iter: 14545  progress: 3.5  loss: 2.4730  time: 0.121  data_time: 0.002  forward_time: 0.033  backward_time: 0.020  lr: 0.000100  max_mem: 7782M    
[2026-01-21 09:58:42]   eta: 15:06:22  iter: 14555  progress: 3.5  loss: 1.8899  time: 0.116  data_time: 0.001  forward_time: 0.016  backward_time: 0.027  lr: 0.000100  max_mem: 7782M    
[2026-01-21 09:59:07]   eta: 15:17:57  iter: 14565  progress: 3.5  loss: 1.6725  time: 0.120  data_time: 0.004  forward_time: 0.016  backward_time: 0.029  lr: 0.000100  max_mem: 7782M    
[2026-01-21 09:59:28]   eta: 15:42:19  iter: 14575  progress: 3.5  loss: 2.2161  time: 0.174  data_time: 0.002  forward_time: 0.088  backward_time: 0.021  lr: 0.000100  max_mem: 7782M    
[2026-01-21 09:59:48]   eta: 15:33:38  iter: 14585  progress: 3.5  loss: 1.8561  time: 0.118  data_time: 0.002  forward_time: 0.016  backward_time: 0.028  lr: 0.000100  max_mem: 7782M    
[2026-01-21 10:00:14]   eta: 15:14:56  iter: 14595  progress: 3.5  loss: 1.4717  time: 0.119  data_time: 0.001  forward_time: 0.018  backward_time: 0.028  lr: 0.000100  max_mem: 7782M    
[2026-01-21 10:00:39]   eta: 15:32:59  iter: 14605  progress: 3.5  loss: 1.9172  time: 0.118  data_time: 0.002  forward_time: 0.015  backward_time: 0.029  lr: 0.000100  max_mem: 7782M    
[2026-01-21 10:01:02]   eta: 15:02:30  iter: 14615  progress: 3.5  loss: 1.9099  time: 0.118  data_time: 0.001  forward_time: 0.015  backward_time: 0.029  lr: 0.000100  max_mem: 7782M    
[2026-01-21 10:01:21]   eta: 14:47:54  iter: 14625  progress: 3.5  loss: 2.2655  time: 0.182  data_time: 0.002  forward_time: 0.090  backward_time: 0.019  lr: 0.000100  max_mem: 7782M    
[2026-01-21 10:01:46]   eta: 14:57:25  iter: 14635  progress: 3.5  loss: 2.1087  time: 0.119  data_time: 0.002  forward_time: 0.016  backward_time: 0.029  lr: 0.000100  max_mem: 7782M    
[2026-01-21 10:02:06]   eta: 15:02:32  iter: 14645  progress: 3.5  loss: 1.7781  time: 0.116  data_time: 0.002  forward_time: 0.016  backward_time: 0.028  lr: 0.000100  max_mem: 7782M    
[2026-01-21 10:02:29]   eta: 15:37:07  iter: 14655  progress: 3.5  loss: 1.6053  time: 0.118  data_time: 0.002  forward_time: 0.020  backward_time: 0.070  lr: 0.000100  max_mem: 7782M    
[2026-01-21 10:02:53]   eta: 16:01:19  iter: 14665  progress: 3.5  loss: 2.0310  time: 0.118  data_time: 0.001  forward_time: 0.015  backward_time: 0.030  lr: 0.000100  max_mem: 7782M    
[2026-01-21 10:03:18]   eta: 15:43:08  iter: 14675  progress: 3.5  loss: 2.0256  time: 0.119  data_time: 0.002  forward_time: 0.015  backward_time: 0.029  lr: 0.000100  max_mem: 7782M    
[2026-01-21 10:03:36]   eta: 16:01:49  iter: 14685  progress: 3.5  loss: 2.1313  time: 0.119  data_time: 0.002  forward_time: 0.025  backward_time: 0.021  lr: 0.000100  max_mem: 7782M    
[2026-01-21 10:04:00]   eta: 15:55:36  iter: 14695  progress: 3.5  loss: 1.6649  time: 0.188  data_time: 0.001  forward_time: 0.097  backward_time: 0.021  lr: 0.000100  max_mem: 7782M    
[2026-01-21 10:04:23]   eta: 15:29:48  iter: 14705  progress: 3.5  loss: 1.8999  time: 0.119  data_time: 0.002  forward_time: 0.017  backward_time: 0.028  lr: 0.000100  max_mem: 7782M    
[2026-01-21 10:04:43]   eta: 15:42:11  iter: 14715  progress: 3.5  loss: 1.7333  time: 0.195  data_time: 0.077  forward_time: 0.021  backward_time: 0.026  lr: 0.000100  max_mem: 7782M    
[2026-01-21 10:05:06]   eta: 15:49:13  iter: 14725  progress: 3.5  loss: 1.8631  time: 0.161  data_time: 0.002  forward_time: 0.017  backward_time: 0.086  lr: 0.000100  max_mem: 7782M    
[2026-01-21 10:05:29]   eta: 15:29:41  iter: 14735  progress: 3.5  loss: 2.1562  time: 0.190  data_time: 0.002  forward_time: 0.098  backward_time: 0.019  lr: 0.000100  max_mem: 7782M    
[2026-01-21 10:05:55]   eta: 15:34:03  iter: 14745  progress: 3.5  loss: 1.7214  time: 0.119  data_time: 0.002  forward_time: 0.017  backward_time: 0.029  lr: 0.000100  max_mem: 7782M    
[2026-01-21 10:06:17]   eta: 14:59:57  iter: 14755  progress: 3.6  loss: 1.8082  time: 0.119  data_time: 0.002  forward_time: 0.017  backward_time: 0.028  lr: 0.000100  max_mem: 7782M    
[2026-01-21 10:06:39]   eta: 14:41:17  iter: 14765  progress: 3.6  loss: 2.2085  time: 0.202  data_time: 0.085  forward_time: 0.016  backward_time: 0.029  lr: 0.000100  max_mem: 7782M    
[2026-01-21 10:07:02]   eta: 14:51:46  iter: 14775  progress: 3.6  loss: 2.0727  time: 0.116  data_time: 0.002  forward_time: 0.017  backward_time: 0.027  lr: 0.000100  max_mem: 7782M    
[2026-01-21 10:07:23]   eta: 15:03:22  iter: 14785  progress: 3.6  loss: 1.8567  time: 0.174  data_time: 0.002  forward_time: 0.089  backward_time: 0.019  lr: 0.000100  max_mem: 7782M    
[2026-01-21 10:07:45]   eta: 14:49:27  iter: 14795  progress: 3.6  loss: 1.4989  time: 0.120  data_time: 0.002  forward_time: 0.021  backward_time: 0.026  lr: 0.000100  max_mem: 7782M    
[2026-01-21 10:08:08]   eta: 15:12:52  iter: 14805  progress: 3.6  loss: 1.6051  time: 0.120  data_time: 0.002  forward_time: 0.025  backward_time: 0.025  lr: 0.000100  max_mem: 7782M    
[2026-01-21 10:08:29]   eta: 15:11:33  iter: 14815  progress: 3.6  loss: 1.8805  time: 0.119  data_time: 0.002  forward_time: 0.018  backward_time: 0.028  lr: 0.000100  max_mem: 7782M    
[2026-01-21 10:08:50]   eta: 15:06:08  iter: 14825  progress: 3.6  loss: 1.9447  time: 0.118  data_time: 0.002  forward_time: 0.015  backward_time: 0.029  lr: 0.000100  max_mem: 7782M    
[2026-01-21 10:09:12]   eta: 14:55:52  iter: 14835  progress: 3.6  loss: 1.5288  time: 0.199  data_time: 0.002  forward_time: 0.099  backward_time: 0.026  lr: 0.000100  max_mem: 7782M    
[2026-01-21 10:09:38]   eta: 15:10:35  iter: 14845  progress: 3.6  loss: 1.9945  time: 0.122  data_time: 0.002  forward_time: 0.019  backward_time: 0.077  lr: 0.000100  max_mem: 7782M    
[2026-01-21 10:10:02]   eta: 14:46:25  iter: 14855  progress: 3.6  loss: 1.7621  time: 0.169  data_time: 0.002  forward_time: 0.088  backward_time: 0.018  lr: 0.000100  max_mem: 7782M    
[2026-01-21 10:10:28]   eta: 14:57:12  iter: 14865  progress: 3.6  loss: 1.6037  time: 0.153  data_time: 0.002  forward_time: 0.017  backward_time: 0.082  lr: 0.000100  max_mem: 7782M    
[2026-01-21 10:10:49]   eta: 15:13:01  iter: 14875  progress: 3.6  loss: 1.9239  time: 0.177  data_time: 0.002  forward_time: 0.094  backward_time: 0.018  lr: 0.000100  max_mem: 7782M    
[2026-01-21 10:11:13]   eta: 15:18:25  iter: 14885  progress: 3.6  loss: 1.7614  time: 0.121  data_time: 0.002  forward_time: 0.026  backward_time: 0.032  lr: 0.000100  max_mem: 7782M    
[2026-01-21 10:11:39]   eta: 15:14:55  iter: 14895  progress: 3.6  loss: 1.9422  time: 0.119  data_time: 0.001  forward_time: 0.017  backward_time: 0.077  lr: 0.000100  max_mem: 7782M    
[2026-01-21 10:12:05]   eta: 15:22:31  iter: 14905  progress: 3.6  loss: 2.7515  time: 0.117  data_time: 0.002  forward_time: 0.018  backward_time: 0.027  lr: 0.000100  max_mem: 7782M    
[2026-01-21 10:12:24]   eta: 14:49:58  iter: 14915  progress: 3.6  loss: 2.1171  time: 0.118  data_time: 0.002  forward_time: 0.016  backward_time: 0.029  lr: 0.000100  max_mem: 7782M    
[2026-01-21 10:12:51]   eta: 15:00:01  iter: 14925  progress: 3.6  loss: 1.5559  time: 0.119  data_time: 0.002  forward_time: 0.017  backward_time: 0.028  lr: 0.000100  max_mem: 7782M    
[2026-01-21 10:13:11]   eta: 14:59:40  iter: 14935  progress: 3.6  loss: 2.3728  time: 0.118  data_time: 0.002  forward_time: 0.017  backward_time: 0.027  lr: 0.000100  max_mem: 7782M    
[2026-01-21 10:13:37]   eta: 14:54:00  iter: 14945  progress: 3.6  loss: 2.2192  time: 0.119  data_time: 0.002  forward_time: 0.017  backward_time: 0.028  lr: 0.000100  max_mem: 7782M    
[2026-01-21 10:14:02]   eta: 15:13:20  iter: 14955  progress: 3.6  loss: 2.0463  time: 0.120  data_time: 0.002  forward_time: 0.021  backward_time: 0.026  lr: 0.000100  max_mem: 7782M    
[2026-01-21 10:14:31]   eta: 15:28:31  iter: 14965  progress: 3.6  loss: 1.5223  time: 0.118  data_time: 0.002  forward_time: 0.015  backward_time: 0.029  lr: 0.000100  max_mem: 7782M    
[2026-01-21 10:14:53]   eta: 15:34:23  iter: 14975  progress: 3.6  loss: 1.8345  time: 0.185  data_time: 0.002  forward_time: 0.098  backward_time: 0.020  lr: 0.000100  max_mem: 7782M    
[2026-01-21 10:15:12]   eta: 15:32:11  iter: 14985  progress: 3.6  loss: 1.6395  time: 0.116  data_time: 0.001  forward_time: 0.014  backward_time: 0.076  lr: 0.000100  max_mem: 7782M    
[2026-01-21 10:15:38]   eta: 15:55:41  iter: 14995  progress: 3.6  loss: 1.4797  time: 0.118  data_time: 0.002  forward_time: 0.020  backward_time: 0.025  lr: 0.000100  max_mem: 7782M    
[2026-01-21 10:16:00]   eta: 15:19:53  iter: 15005  progress: 3.6  loss: 1.7538  time: 0.121  data_time: 0.002  forward_time: 0.019  backward_time: 0.028  lr: 0.000100  max_mem: 7782M    
[2026-01-21 10:16:24]   eta: 15:22:18  iter: 15015  progress: 3.6  loss: 1.6407  time: 0.116  data_time: 0.002  forward_time: 0.015  backward_time: 0.029  lr: 0.000100  max_mem: 7782M    
[2026-01-21 10:16:51]   eta: 14:47:07  iter: 15025  progress: 3.6  loss: 1.7787  time: 0.118  data_time: 0.001  forward_time: 0.016  backward_time: 0.028  lr: 0.000100  max_mem: 7782M    
[2026-01-21 10:17:13]   eta: 14:50:07  iter: 15035  progress: 3.6  loss: 2.1343  time: 0.119  data_time: 0.002  forward_time: 0.017  backward_time: 0.028  lr: 0.000100  max_mem: 7782M    
[2026-01-21 10:17:34]   eta: 14:47:32  iter: 15045  progress: 3.6  loss: 1.9298  time: 0.119  data_time: 0.002  forward_time: 0.016  backward_time: 0.028  lr: 0.000100  max_mem: 7782M    
[2026-01-21 10:18:03]   eta: 15:37:25  iter: 15055  progress: 3.6  loss: 2.0597  time: 0.190  data_time: 0.002  forward_time: 0.091  backward_time: 0.027  lr: 0.000100  max_mem: 7782M    
[2026-01-21 10:18:31]   eta: 15:44:27  iter: 15065  progress: 3.6  loss: 2.4392  time: 0.118  data_time: 0.002  forward_time: 0.019  backward_time: 0.030  lr: 0.000100  max_mem: 7782M    
[2026-01-21 10:18:52]   eta: 15:47:00  iter: 15075  progress: 3.6  loss: 1.9104  time: 0.117  data_time: 0.001  forward_time: 0.015  backward_time: 0.029  lr: 0.000100  max_mem: 7782M    
[2026-01-21 10:19:12]   eta: 15:35:50  iter: 15085  progress: 3.6  loss: 2.0142  time: 0.119  data_time: 0.002  forward_time: 0.022  backward_time: 0.033  lr: 0.000100  max_mem: 7782M    
[2026-01-21 10:19:39]   eta: 15:33:28  iter: 15095  progress: 3.6  loss: 1.5426  time: 0.119  data_time: 0.002  forward_time: 0.017  backward_time: 0.028  lr: 0.000100  max_mem: 7782M    
[2026-01-21 10:20:03]   eta: 14:58:10  iter: 15105  progress: 3.6  loss: 1.5707  time: 0.118  data_time: 0.002  forward_time: 0.015  backward_time: 0.029  lr: 0.000100  max_mem: 7782M    
[2026-01-21 10:20:28]   eta: 14:43:09  iter: 15115  progress: 3.6  loss: 1.6365  time: 0.119  data_time: 0.002  forward_time: 0.020  backward_time: 0.026  lr: 0.000100  max_mem: 7782M    
[2026-01-21 10:20:55]   eta: 15:11:19  iter: 15125  progress: 3.6  loss: 1.8335  time: 0.176  data_time: 0.002  forward_time: 0.092  backward_time: 0.033  lr: 0.000100  max_mem: 7782M    
[2026-01-21 10:21:20]   eta: 15:20:46  iter: 15135  progress: 3.6  loss: 1.4807  time: 0.199  data_time: 0.009  forward_time: 0.089  backward_time: 0.030  lr: 0.000100  max_mem: 7782M    
[2026-01-21 10:21:43]   eta: 15:25:32  iter: 15145  progress: 3.6  loss: 1.9880  time: 0.118  data_time: 0.002  forward_time: 0.017  backward_time: 0.028  lr: 0.000100  max_mem: 7782M    
[2026-01-21 10:22:06]   eta: 15:37:51  iter: 15155  progress: 3.6  loss: 2.3151  time: 0.118  data_time: 0.002  forward_time: 0.015  backward_time: 0.030  lr: 0.000100  max_mem: 7782M    
[2026-01-21 10:22:33]   eta: 15:39:15  iter: 15165  progress: 3.6  loss: 2.2633  time: 0.117  data_time: 0.002  forward_time: 0.022  backward_time: 0.025  lr: 0.000100  max_mem: 7782M    
[2026-01-21 10:22:56]   eta: 15:53:15  iter: 15175  progress: 3.7  loss: 1.5150  time: 0.118  data_time: 0.002  forward_time: 0.015  backward_time: 0.029  lr: 0.000100  max_mem: 7782M    
[2026-01-21 10:23:23]   eta: 15:57:21  iter: 15185  progress: 3.7  loss: 1.8926  time: 0.119  data_time: 0.002  forward_time: 0.016  backward_time: 0.028  lr: 0.000100  max_mem: 7782M    
[2026-01-21 10:23:46]   eta: 16:01:24  iter: 15195  progress: 3.7  loss: 2.5280  time: 0.178  data_time: 0.002  forward_time: 0.088  backward_time: 0.024  lr: 0.000100  max_mem: 7782M    
[2026-01-21 10:24:08]   eta: 16:07:26  iter: 15205  progress: 3.7  loss: 1.9185  time: 0.117  data_time: 0.002  forward_time: 0.017  backward_time: 0.027  lr: 0.000100  max_mem: 7782M    
[2026-01-21 10:24:34]   eta: 16:08:59  iter: 15215  progress: 3.7  loss: 2.0603  time: 0.119  data_time: 0.002  forward_time: 0.018  backward_time: 0.028  lr: 0.000100  max_mem: 7782M    
[2026-01-21 10:24:59]   eta: 15:41:17  iter: 15225  progress: 3.7  loss: 2.5573  time: 0.119  data_time: 0.002  forward_time: 0.018  backward_time: 0.028  lr: 0.000100  max_mem: 7782M    
[2026-01-21 10:25:20]   eta: 15:29:21  iter: 15235  progress: 3.7  loss: 2.3968  time: 0.119  data_time: 0.002  forward_time: 0.018  backward_time: 0.028  lr: 0.000100  max_mem: 7782M    
[2026-01-21 10:25:48]   eta: 14:57:34  iter: 15245  progress: 3.7  loss: 1.8946  time: 0.127  data_time: 0.003  forward_time: 0.043  backward_time: 0.021  lr: 0.000100  max_mem: 7782M    
[2026-01-21 10:26:13]   eta: 14:36:09  iter: 15255  progress: 3.7  loss: 2.0034  time: 0.119  data_time: 0.002  forward_time: 0.016  backward_time: 0.029  lr: 0.000100  max_mem: 7782M    
[2026-01-21 10:26:36]   eta: 14:45:00  iter: 15265  progress: 3.7  loss: 2.4938  time: 0.119  data_time: 0.002  forward_time: 0.018  backward_time: 0.028  lr: 0.000100  max_mem: 7782M    
[2026-01-21 10:27:00]   eta: 14:58:55  iter: 15275  progress: 3.7  loss: 2.2143  time: 0.188  data_time: 0.003  forward_time: 0.098  backward_time: 0.018  lr: 0.000100  max_mem: 7782M    
[2026-01-21 10:27:22]   eta: 14:48:09  iter: 15285  progress: 3.7  loss: 1.7919  time: 0.120  data_time: 0.002  forward_time: 0.021  backward_time: 0.026  lr: 0.000100  max_mem: 7782M    
[2026-01-21 10:27:41]   eta: 15:10:42  iter: 15295  progress: 3.7  loss: 1.9432  time: 0.116  data_time: 0.002  forward_time: 0.015  backward_time: 0.028  lr: 0.000100  max_mem: 7782M    
[2026-01-21 10:28:03]   eta: 15:11:39  iter: 15305  progress: 3.7  loss: 1.9917  time: 0.122  data_time: 0.002  forward_time: 0.020  backward_time: 0.027  lr: 0.000100  max_mem: 7782M    
[2026-01-21 10:28:26]   eta: 15:37:01  iter: 15315  progress: 3.7  loss: 2.0834  time: 0.120  data_time: 0.002  forward_time: 0.019  backward_time: 0.028  lr: 0.000100  max_mem: 7782M    
[2026-01-21 10:28:53]   eta: 15:36:41  iter: 15325  progress: 3.7  loss: 1.5927  time: 0.184  data_time: 0.002  forward_time: 0.093  backward_time: 0.021  lr: 0.000100  max_mem: 7782M    
[2026-01-21 10:29:13]   eta: 16:00:33  iter: 15335  progress: 3.7  loss: 1.7349  time: 0.116  data_time: 0.002  forward_time: 0.015  backward_time: 0.028  lr: 0.000100  max_mem: 7782M    
[2026-01-21 10:29:35]   eta: 16:02:15  iter: 15345  progress: 3.7  loss: 1.8750  time: 0.119  data_time: 0.002  forward_time: 0.017  backward_time: 0.029  lr: 0.000100  max_mem: 7782M    
[2026-01-21 10:29:56]   eta: 16:17:34  iter: 15355  progress: 3.7  loss: 1.9675  time: 0.205  data_time: 0.088  forward_time: 0.017  backward_time: 0.028  lr: 0.000100  max_mem: 7782M    
[2026-01-21 10:30:18]   eta: 15:56:41  iter: 15365  progress: 3.7  loss: 2.1741  time: 0.192  data_time: 0.002  forward_time: 0.094  backward_time: 0.024  lr: 0.000100  max_mem: 7782M    
[2026-01-21 10:30:43]   eta: 15:28:04  iter: 15375  progress: 3.7  loss: 2.2937  time: 0.123  data_time: 0.003  forward_time: 0.026  backward_time: 0.025  lr: 0.000100  max_mem: 7782M    
[2026-01-21 10:31:10]   eta: 15:35:52  iter: 15385  progress: 3.7  loss: 1.8102  time: 0.200  data_time: 0.084  forward_time: 0.019  backward_time: 0.028  lr: 0.000100  max_mem: 7782M    
[2026-01-21 10:31:37]   eta: 15:20:05  iter: 15395  progress: 3.7  loss: 1.8850  time: 0.121  data_time: 0.002  forward_time: 0.021  backward_time: 0.026  lr: 0.000100  max_mem: 7782M    
[2026-01-21 10:32:03]   eta: 15:13:22  iter: 15405  progress: 3.7  loss: 1.8025  time: 0.118  data_time: 0.002  forward_time: 0.016  backward_time: 0.028  lr: 0.000100  max_mem: 7782M    
[2026-01-21 10:32:32]   eta: 15:23:25  iter: 15415  progress: 3.7  loss: 1.7832  time: 0.120  data_time: 0.002  forward_time: 0.020  backward_time: 0.027  lr: 0.000100  max_mem: 7782M    
[2026-01-21 10:32:56]   eta: 15:42:32  iter: 15425  progress: 3.7  loss: 1.5602  time: 0.117  data_time: 0.002  forward_time: 0.022  backward_time: 0.024  lr: 0.000100  max_mem: 7782M    
[2026-01-21 10:33:24]   eta: 15:27:43  iter: 15435  progress: 3.7  loss: 1.8815  time: 0.122  data_time: 0.002  forward_time: 0.020  backward_time: 0.030  lr: 0.000100  max_mem: 7782M    
[2026-01-21 10:33:50]   eta: 15:37:29  iter: 15445  progress: 3.7  loss: 1.9498  time: 0.118  data_time: 0.002  forward_time: 0.015  backward_time: 0.029  lr: 0.000100  max_mem: 7782M    
[2026-01-21 10:34:11]   eta: 15:53:55  iter: 15455  progress: 3.7  loss: 1.7978  time: 0.173  data_time: 0.002  forward_time: 0.086  backward_time: 0.018  lr: 0.000100  max_mem: 7782M    
[2026-01-21 10:34:41]   eta: 15:18:58  iter: 15465  progress: 3.7  loss: 1.7054  time: 0.119  data_time: 0.002  forward_time: 0.020  backward_time: 0.026  lr: 0.000100  max_mem: 7782M    
[2026-01-21 10:35:07]   eta: 15:01:01  iter: 15475  progress: 3.7  loss: 2.2059  time: 0.119  data_time: 0.002  forward_time: 0.019  backward_time: 0.027  lr: 0.000100  max_mem: 7782M    
[2026-01-21 10:35:29]   eta: 15:04:59  iter: 15485  progress: 3.7  loss: 1.8016  time: 0.119  data_time: 0.002  forward_time: 0.017  backward_time: 0.028  lr: 0.000100  max_mem: 7782M    
[2026-01-21 10:35:50]   eta: 14:44:35  iter: 15495  progress: 3.7  loss: 1.5909  time: 0.179  data_time: 0.002  forward_time: 0.092  backward_time: 0.020  lr: 0.000100  max_mem: 7782M    
[2026-01-21 10:36:14]   eta: 14:28:56  iter: 15505  progress: 3.7  loss: 2.0725  time: 0.117  data_time: 0.001  forward_time: 0.015  backward_time: 0.029  lr: 0.000100  max_mem: 7782M    
[2026-01-21 10:36:37]   eta: 14:46:34  iter: 15515  progress: 3.7  loss: 1.5808  time: 0.205  data_time: 0.088  forward_time: 0.016  backward_time: 0.028  lr: 0.000100  max_mem: 7782M    
[2026-01-21 10:37:02]   eta: 15:00:15  iter: 15525  progress: 3.7  loss: 2.0687  time: 0.202  data_time: 0.002  forward_time: 0.101  backward_time: 0.029  lr: 0.000100  max_mem: 7782M    
[2026-01-21 10:37:27]   eta: 15:22:53  iter: 15535  progress: 3.7  loss: 2.3336  time: 0.202  data_time: 0.085  forward_time: 0.018  backward_time: 0.027  lr: 0.000100  max_mem: 7782M    
[2026-01-21 10:37:46]   eta: 15:14:05  iter: 15545  progress: 3.7  loss: 2.1158  time: 0.116  data_time: 0.002  forward_time: 0.015  backward_time: 0.028  lr: 0.000100  max_mem: 7782M    
[2026-01-21 10:38:09]   eta: 15:06:20  iter: 15555  progress: 3.7  loss: 1.7602  time: 0.116  data_time: 0.002  forward_time: 0.015  backward_time: 0.028  lr: 0.000100  max_mem: 7782M    
[2026-01-21 10:38:37]   eta: 15:08:06  iter: 15565  progress: 3.7  loss: 1.9097  time: 0.119  data_time: 0.002  forward_time: 0.018  backward_time: 0.028  lr: 0.000100  max_mem: 7782M    
[2026-01-21 10:39:01]   eta: 15:15:39  iter: 15575  progress: 3.7  loss: 2.0024  time: 0.159  data_time: 0.002  forward_time: 0.078  backward_time: 0.025  lr: 0.000100  max_mem: 7782M    
[2026-01-21 10:39:24]   eta: 14:44:27  iter: 15585  progress: 3.8  loss: 1.5067  time: 0.116  data_time: 0.002  forward_time: 0.015  backward_time: 0.029  lr: 0.000100  max_mem: 7782M    
[2026-01-21 10:39:46]   eta: 14:55:55  iter: 15595  progress: 3.8  loss: 2.4841  time: 0.119  data_time: 0.002  forward_time: 0.016  backward_time: 0.028  lr: 0.000100  max_mem: 7782M    
[2026-01-21 10:40:10]   eta: 15:30:55  iter: 15605  progress: 3.8  loss: 1.9273  time: 0.197  data_time: 0.001  forward_time: 0.097  backward_time: 0.028  lr: 0.000100  max_mem: 7782M    
[2026-01-21 10:40:36]   eta: 15:21:25  iter: 15615  progress: 3.8  loss: 1.8841  time: 0.122  data_time: 0.003  forward_time: 0.025  backward_time: 0.067  lr: 0.000100  max_mem: 7782M    
[2026-01-21 10:41:00]   eta: 15:26:44  iter: 15625  progress: 3.8  loss: 2.0437  time: 0.199  data_time: 0.002  forward_time: 0.098  backward_time: 0.028  lr: 0.000100  max_mem: 7782M    
[2026-01-21 10:41:23]   eta: 15:26:04  iter: 15635  progress: 3.8  loss: 1.8335  time: 0.118  data_time: 0.002  forward_time: 0.015  backward_time: 0.029  lr: 0.000100  max_mem: 7782M    
[2026-01-21 10:41:46]   eta: 15:42:11  iter: 15645  progress: 3.8  loss: 2.1805  time: 0.119  data_time: 0.003  forward_time: 0.019  backward_time: 0.027  lr: 0.000100  max_mem: 7782M    
[2026-01-21 10:42:07]   eta: 15:11:16  iter: 15655  progress: 3.8  loss: 1.6602  time: 0.120  data_time: 0.002  forward_time: 0.017  backward_time: 0.028  lr: 0.000100  max_mem: 7782M    
[2026-01-21 10:42:30]   eta: 15:20:35  iter: 15665  progress: 3.8  loss: 1.6935  time: 0.202  data_time: 0.003  forward_time: 0.106  backward_time: 0.022  lr: 0.000100  max_mem: 7782M    
[2026-01-21 10:42:51]   eta: 15:09:13  iter: 15675  progress: 3.8  loss: 1.8925  time: 0.117  data_time: 0.002  forward_time: 0.018  backward_time: 0.028  lr: 0.000100  max_mem: 7782M    
[2026-01-21 10:43:15]   eta: 15:24:35  iter: 15685  progress: 3.8  loss: 1.8567  time: 0.119  data_time: 0.002  forward_time: 0.018  backward_time: 0.028  lr: 0.000100  max_mem: 7782M    
[2026-01-21 10:43:37]   eta: 15:24:29  iter: 15695  progress: 3.8  loss: 1.8682  time: 0.116  data_time: 0.002  forward_time: 0.016  backward_time: 0.028  lr: 0.000100  max_mem: 7782M    
[2026-01-21 10:43:58]   eta: 15:27:27  iter: 15705  progress: 3.8  loss: 1.4746  time: 0.118  data_time: 0.002  forward_time: 0.015  backward_time: 0.029  lr: 0.000100  max_mem: 7782M    
[2026-01-21 10:44:22]   eta: 15:29:10  iter: 15715  progress: 3.8  loss: 1.8686  time: 0.196  data_time: 0.002  forward_time: 0.097  backward_time: 0.025  lr: 0.000100  max_mem: 7782M    
[2026-01-21 10:44:47]   eta: 15:30:43  iter: 15725  progress: 3.8  loss: 1.9435  time: 0.119  data_time: 0.002  forward_time: 0.017  backward_time: 0.028  lr: 0.000100  max_mem: 7782M    
[2026-01-21 10:45:10]   eta: 15:04:51  iter: 15735  progress: 3.8  loss: 1.7032  time: 0.118  data_time: 0.002  forward_time: 0.014  backward_time: 0.030  lr: 0.000100  max_mem: 7782M    
[2026-01-21 10:45:29]   eta: 14:48:56  iter: 15745  progress: 3.8  loss: 1.6746  time: 0.116  data_time: 0.001  forward_time: 0.015  backward_time: 0.028  lr: 0.000100  max_mem: 7782M    
[2026-01-21 10:45:48]   eta: 14:40:42  iter: 15755  progress: 3.8  loss: 1.4440  time: 0.119  data_time: 0.002  forward_time: 0.017  backward_time: 0.028  lr: 0.000100  max_mem: 7782M    
[2026-01-21 10:46:11]   eta: 14:50:14  iter: 15765  progress: 3.8  loss: 1.9638  time: 0.203  data_time: 0.002  forward_time: 0.102  backward_time: 0.027  lr: 0.000100  max_mem: 7782M    
[2026-01-21 10:46:40]   eta: 14:55:52  iter: 15775  progress: 3.8  loss: 2.1261  time: 0.120  data_time: 0.002  forward_time: 0.021  backward_time: 0.026  lr: 0.000100  max_mem: 7782M    
[2026-01-21 10:46:58]   eta: 15:08:11  iter: 15785  progress: 3.8  loss: 2.1580  time: 0.116  data_time: 0.001  forward_time: 0.015  backward_time: 0.028  lr: 0.000100  max_mem: 7782M    
[2026-01-21 10:47:19]   eta: 15:18:34  iter: 15795  progress: 3.8  loss: 1.6430  time: 0.119  data_time: 0.002  forward_time: 0.018  backward_time: 0.027  lr: 0.000100  max_mem: 7782M    
[2026-01-21 10:47:40]   eta: 15:38:40  iter: 15805  progress: 3.8  loss: 2.4385  time: 0.119  data_time: 0.002  forward_time: 0.017  backward_time: 0.028  lr: 0.000100  max_mem: 7782M    
[2026-01-21 10:48:04]   eta: 15:28:01  iter: 15815  progress: 3.8  loss: 2.3587  time: 0.119  data_time: 0.002  forward_time: 0.020  backward_time: 0.026  lr: 0.000100  max_mem: 7782M    
[2026-01-21 10:48:25]   eta: 15:33:09  iter: 15825  progress: 3.8  loss: 2.3421  time: 0.120  data_time: 0.002  forward_time: 0.028  backward_time: 0.019  lr: 0.000100  max_mem: 7782M    
[2026-01-21 10:48:46]   eta: 15:34:31  iter: 15835  progress: 3.8  loss: 1.5271  time: 0.119  data_time: 0.002  forward_time: 0.016  backward_time: 0.028  lr: 0.000100  max_mem: 7782M    
[2026-01-21 10:49:07]   eta: 15:50:03  iter: 15845  progress: 3.8  loss: 1.8450  time: 0.175  data_time: 0.001  forward_time: 0.091  backward_time: 0.019  lr: 0.000100  max_mem: 7782M    
[2026-01-21 10:49:28]   eta: 15:43:55  iter: 15855  progress: 3.8  loss: 2.1653  time: 0.119  data_time: 0.002  forward_time: 0.016  backward_time: 0.028  lr: 0.000100  max_mem: 7782M    
[2026-01-21 10:49:48]   eta: 15:50:45  iter: 15865  progress: 3.8  loss: 1.7216  time: 0.178  data_time: 0.002  forward_time: 0.095  backward_time: 0.022  lr: 0.000100  max_mem: 7782M    
[2026-01-21 10:50:09]   eta: 15:42:24  iter: 15875  progress: 3.8  loss: 2.0331  time: 0.119  data_time: 0.002  forward_time: 0.016  backward_time: 0.029  lr: 0.000100  max_mem: 7782M    
[2026-01-21 10:50:32]   eta: 15:24:04  iter: 15885  progress: 3.8  loss: 2.1537  time: 0.121  data_time: 0.002  forward_time: 0.024  backward_time: 0.025  lr: 0.000100  max_mem: 7782M    
[2026-01-21 10:50:54]   eta: 15:15:34  iter: 15895  progress: 3.8  loss: 2.1625  time: 0.189  data_time: 0.002  forward_time: 0.097  backward_time: 0.018  lr: 0.000100  max_mem: 7782M    
[2026-01-21 10:51:20]   eta: 15:49:15  iter: 15905  progress: 3.8  loss: 1.8093  time: 0.202  data_time: 0.002  forward_time: 0.103  backward_time: 0.027  lr: 0.000100  max_mem: 7782M    
[2026-01-21 10:51:42]   eta: 15:28:20  iter: 15915  progress: 3.8  loss: 1.7296  time: 0.120  data_time: 0.002  forward_time: 0.018  backward_time: 0.027  lr: 0.000100  max_mem: 7782M    
[2026-01-21 10:52:05]   eta: 15:16:38  iter: 15925  progress: 3.8  loss: 1.6586  time: 0.119  data_time: 0.002  forward_time: 0.017  backward_time: 0.028  lr: 0.000100  max_mem: 7782M    
[2026-01-21 10:52:29]   eta: 15:31:35  iter: 15935  progress: 3.8  loss: 2.0964  time: 0.116  data_time: 0.002  forward_time: 0.015  backward_time: 0.028  lr: 0.000100  max_mem: 7782M    
[2026-01-21 10:52:52]   eta: 15:13:28  iter: 15945  progress: 3.8  loss: 1.6975  time: 0.117  data_time: 0.002  forward_time: 0.018  backward_time: 0.027  lr: 0.000100  max_mem: 7782M    
[2026-01-21 10:53:13]   eta: 14:23:23  iter: 15955  progress: 3.8  loss: 1.8500  time: 0.120  data_time: 0.002  forward_time: 0.021  backward_time: 0.072  lr: 0.000100  max_mem: 7782M    
[2026-01-21 10:53:36]   eta: 14:50:50  iter: 15965  progress: 3.8  loss: 2.0020  time: 0.116  data_time: 0.002  forward_time: 0.015  backward_time: 0.029  lr: 0.000100  max_mem: 7782M    
[2026-01-21 10:53:56]   eta: 15:07:47  iter: 15975  progress: 3.8  loss: 1.6244  time: 0.178  data_time: 0.002  forward_time: 0.094  backward_time: 0.025  lr: 0.000100  max_mem: 7782M    
[2026-01-21 10:54:15]   eta: 15:17:51  iter: 15985  progress: 3.8  loss: 2.1251  time: 0.203  data_time: 0.002  forward_time: 0.112  backward_time: 0.022  lr: 0.000100  max_mem: 7782M    
[2026-01-21 10:54:39]   eta: 15:41:56  iter: 15995  progress: 3.8  loss: 1.7341  time: 0.116  data_time: 0.002  forward_time: 0.015  backward_time: 0.029  lr: 0.000100  max_mem: 7782M    
[2026-01-21 10:55:03]   eta: 15:39:43  iter: 16005  progress: 3.9  loss: 1.7726  time: 0.120  data_time: 0.002  forward_time: 0.018  backward_time: 0.027  lr: 0.000100  max_mem: 7782M    
[2026-01-21 10:55:24]   eta: 15:29:47  iter: 16015  progress: 3.9  loss: 2.2349  time: 0.176  data_time: 0.001  forward_time: 0.089  backward_time: 0.018  lr: 0.000100  max_mem: 7782M    
[2026-01-21 10:55:45]   eta: 15:20:49  iter: 16025  progress: 3.9  loss: 2.3699  time: 0.117  data_time: 0.002  forward_time: 0.015  backward_time: 0.029  lr: 0.000100  max_mem: 7782M    
[2026-01-21 10:56:06]   eta: 14:59:59  iter: 16035  progress: 3.9  loss: 1.6355  time: 0.119  data_time: 0.002  forward_time: 0.015  backward_time: 0.029  lr: 0.000100  max_mem: 7782M    
[2026-01-21 10:56:27]   eta: 14:56:12  iter: 16045  progress: 3.9  loss: 1.5509  time: 0.117  data_time: 0.002  forward_time: 0.019  backward_time: 0.027  lr: 0.000100  max_mem: 7782M    
[2026-01-21 10:56:46]   eta: 15:07:39  iter: 16055  progress: 3.9  loss: 1.7994  time: 0.117  data_time: 0.002  forward_time: 0.018  backward_time: 0.026  lr: 0.000100  max_mem: 7782M    
[2026-01-21 10:57:08]   eta: 14:55:50  iter: 16065  progress: 3.9  loss: 1.8563  time: 0.118  data_time: 0.002  forward_time: 0.016  backward_time: 0.029  lr: 0.000100  max_mem: 7782M    
[2026-01-21 10:57:27]   eta: 14:55:03  iter: 16075  progress: 3.9  loss: 2.4931  time: 0.197  data_time: 0.079  forward_time: 0.020  backward_time: 0.033  lr: 0.000100  max_mem: 7782M    
[2026-01-21 10:57:49]   eta: 14:57:59  iter: 16085  progress: 3.9  loss: 1.7301  time: 0.118  data_time: 0.002  forward_time: 0.016  backward_time: 0.029  lr: 0.000100  max_mem: 7782M    
[2026-01-21 10:58:08]   eta: 14:48:07  iter: 16095  progress: 3.9  loss: 2.1543  time: 0.165  data_time: 0.002  forward_time: 0.080  backward_time: 0.021  lr: 0.000100  max_mem: 7782M    
[2026-01-21 10:58:29]   eta: 14:37:25  iter: 16105  progress: 3.9  loss: 2.4452  time: 0.118  data_time: 0.002  forward_time: 0.019  backward_time: 0.027  lr: 0.000100  max_mem: 7782M    
[2026-01-21 10:58:48]   eta: 14:46:39  iter: 16115  progress: 3.9  loss: 1.9305  time: 0.118  data_time: 0.002  forward_time: 0.016  backward_time: 0.032  lr: 0.000100  max_mem: 7782M    
[2026-01-21 10:59:07]   eta: 15:23:01  iter: 16125  progress: 3.9  loss: 1.7817  time: 0.116  data_time: 0.002  forward_time: 0.017  backward_time: 0.027  lr: 0.000100  max_mem: 7782M    
[2026-01-21 10:59:28]   eta: 15:32:42  iter: 16135  progress: 3.9  loss: 1.9409  time: 0.119  data_time: 0.002  forward_time: 0.020  backward_time: 0.027  lr: 0.000100  max_mem: 7782M    
[2026-01-21 10:59:48]   eta: 15:32:53  iter: 16145  progress: 3.9  loss: 2.1965  time: 0.177  data_time: 0.002  forward_time: 0.093  backward_time: 0.022  lr: 0.000100  max_mem: 7782M    
[2026-01-21 11:00:09]   eta: 16:14:08  iter: 16155  progress: 3.9  loss: 1.8637  time: 0.117  data_time: 0.002  forward_time: 0.017  backward_time: 0.028  lr: 0.000100  max_mem: 7782M    
[2026-01-21 11:00:28]   eta: 16:07:01  iter: 16165  progress: 3.9  loss: 1.7785  time: 0.199  data_time: 0.082  forward_time: 0.015  backward_time: 0.029  lr: 0.000100  max_mem: 7782M    
[2026-01-21 11:00:50]   eta: 15:29:23  iter: 16175  progress: 3.9  loss: 1.6176  time: 0.157  data_time: 0.001  forward_time: 0.017  backward_time: 0.081  lr: 0.000100  max_mem: 7782M    
[2026-01-21 11:01:10]   eta: 15:30:45  iter: 16185  progress: 3.9  loss: 1.9960  time: 0.120  data_time: 0.002  forward_time: 0.023  backward_time: 0.025  lr: 0.000100  max_mem: 7782M    
[2026-01-21 11:01:30]   eta: 15:42:18  iter: 16195  progress: 3.9  loss: 2.1340  time: 0.201  data_time: 0.002  forward_time: 0.098  backward_time: 0.028  lr: 0.000100  max_mem: 7782M    
[2026-01-21 11:01:51]   eta: 15:10:57  iter: 16205  progress: 3.9  loss: 1.8909  time: 0.118  data_time: 0.002  forward_time: 0.015  backward_time: 0.030  lr: 0.000100  max_mem: 7782M    
[2026-01-21 11:02:12]   eta: 15:00:30  iter: 16215  progress: 3.9  loss: 2.1549  time: 0.205  data_time: 0.085  forward_time: 0.039  backward_time: 0.025  lr: 0.000100  max_mem: 7782M    
[2026-01-21 11:02:33]   eta: 14:55:54  iter: 16225  progress: 3.9  loss: 1.9025  time: 0.116  data_time: 0.002  forward_time: 0.016  backward_time: 0.028  lr: 0.000100  max_mem: 7782M    
[2026-01-21 11:02:54]   eta: 15:13:00  iter: 16235  progress: 3.9  loss: 2.0769  time: 0.195  data_time: 0.002  forward_time: 0.094  backward_time: 0.026  lr: 0.000100  max_mem: 7782M    
[2026-01-21 11:03:14]   eta: 14:58:55  iter: 16245  progress: 3.9  loss: 2.1101  time: 0.116  data_time: 0.002  forward_time: 0.015  backward_time: 0.029  lr: 0.000100  max_mem: 7782M    
[2026-01-21 11:03:35]   eta: 15:05:13  iter: 16255  progress: 3.9  loss: 1.9515  time: 0.119  data_time: 0.002  forward_time: 0.015  backward_time: 0.029  lr: 0.000100  max_mem: 7782M    
[2026-01-21 11:03:56]   eta: 15:29:32  iter: 16265  progress: 3.9  loss: 1.7067  time: 0.118  data_time: 0.002  forward_time: 0.015  backward_time: 0.029  lr: 0.000100  max_mem: 7782M    
[2026-01-21 11:04:19]   eta: 15:16:53  iter: 16275  progress: 3.9  loss: 1.7953  time: 0.119  data_time: 0.002  forward_time: 0.018  backward_time: 0.060  lr: 0.000100  max_mem: 7782M    
[2026-01-21 11:04:37]   eta: 14:59:18  iter: 16285  progress: 3.9  loss: 1.9721  time: 0.120  data_time: 0.002  forward_time: 0.019  backward_time: 0.027  lr: 0.000100  max_mem: 7782M    
[2026-01-21 11:04:57]   eta: 14:59:56  iter: 16295  progress: 3.9  loss: 2.1538  time: 0.117  data_time: 0.002  forward_time: 0.016  backward_time: 0.028  lr: 0.000100  max_mem: 7782M    
[2026-01-21 11:05:16]   eta: 14:34:41  iter: 16305  progress: 3.9  loss: 2.2938  time: 0.119  data_time: 0.002  forward_time: 0.033  backward_time: 0.020  lr: 0.000100  max_mem: 7782M    
[2026-01-21 11:05:38]   eta: 14:31:32  iter: 16315  progress: 3.9  loss: 1.6856  time: 0.176  data_time: 0.002  forward_time: 0.089  backward_time: 0.021  lr: 0.000100  max_mem: 7782M    
[2026-01-21 11:05:59]   eta: 14:40:21  iter: 16325  progress: 3.9  loss: 2.1741  time: 0.118  data_time: 0.002  forward_time: 0.017  backward_time: 0.027  lr: 0.000100  max_mem: 7782M    
[2026-01-21 11:06:17]   eta: 14:45:37  iter: 16335  progress: 3.9  loss: 1.4995  time: 0.177  data_time: 0.001  forward_time: 0.092  backward_time: 0.018  lr: 0.000100  max_mem: 7782M    
[2026-01-21 11:06:38]   eta: 15:08:51  iter: 16345  progress: 3.9  loss: 2.0110  time: 0.118  data_time: 0.001  forward_time: 0.014  backward_time: 0.030  lr: 0.000100  max_mem: 7782M    
[2026-01-21 11:06:58]   eta: 15:22:40  iter: 16355  progress: 3.9  loss: 1.7940  time: 0.163  data_time: 0.002  forward_time: 0.080  backward_time: 0.019  lr: 0.000100  max_mem: 7782M    
[2026-01-21 11:07:19]   eta: 15:17:21  iter: 16365  progress: 3.9  loss: 1.5587  time: 0.117  data_time: 0.002  forward_time: 0.017  backward_time: 0.027  lr: 0.000100  max_mem: 7782M    
[2026-01-21 11:07:39]   eta: 15:16:38  iter: 16375  progress: 3.9  loss: 1.6076  time: 0.116  data_time: 0.002  forward_time: 0.015  backward_time: 0.028  lr: 0.000100  max_mem: 7782M    
[2026-01-21 11:08:01]   eta: 15:16:41  iter: 16385  progress: 3.9  loss: 1.8804  time: 0.118  data_time: 0.003  forward_time: 0.025  backward_time: 0.021  lr: 0.000100  max_mem: 7782M    
[2026-01-21 11:08:21]   eta: 15:07:05  iter: 16395  progress: 3.9  loss: 2.4613  time: 0.120  data_time: 0.002  forward_time: 0.019  backward_time: 0.028  lr: 0.000100  max_mem: 7782M    
[2026-01-21 11:08:40]   eta: 15:41:11  iter: 16405  progress: 3.9  loss: 2.1560  time: 0.177  data_time: 0.002  forward_time: 0.096  backward_time: 0.025  lr: 0.000100  max_mem: 7782M    
[2026-01-21 11:08:59]   eta: 15:44:55  iter: 16415  progress: 4.0  loss: 1.8303  time: 0.181  data_time: 0.002  forward_time: 0.091  backward_time: 0.021  lr: 0.000100  max_mem: 7782M    
[2026-01-21 11:09:17]   eta: 16:16:59  iter: 16425  progress: 4.0  loss: 1.8206  time: 0.117  data_time: 0.002  forward_time: 0.018  backward_time: 0.027  lr: 0.000100  max_mem: 7782M    
[2026-01-21 11:09:38]   eta: 16:19:48  iter: 16435  progress: 4.0  loss: 2.3568  time: 0.193  data_time: 0.002  forward_time: 0.099  backward_time: 0.022  lr: 0.000100  max_mem: 7782M    
[2026-01-21 11:09:59]   eta: 15:58:20  iter: 16445  progress: 4.0  loss: 1.7868  time: 0.123  data_time: 0.002  forward_time: 0.024  backward_time: 0.025  lr: 0.000100  max_mem: 7782M    
[2026-01-21 11:10:18]   eta: 15:34:16  iter: 16455  progress: 4.0  loss: 1.5460  time: 0.119  data_time: 0.002  forward_time: 0.018  backward_time: 0.027  lr: 0.000100  max_mem: 7782M    
[2026-01-21 11:10:39]   eta: 15:32:42  iter: 16465  progress: 4.0  loss: 1.6930  time: 0.119  data_time: 0.002  forward_time: 0.019  backward_time: 0.027  lr: 0.000100  max_mem: 7782M    
[2026-01-21 11:10:56]   eta: 15:12:22  iter: 16475  progress: 4.0  loss: 1.6265  time: 0.117  data_time: 0.002  forward_time: 0.017  backward_time: 0.028  lr: 0.000100  max_mem: 7782M    
[2026-01-21 11:11:15]   eta: 15:22:45  iter: 16485  progress: 4.0  loss: 1.8724  time: 0.117  data_time: 0.002  forward_time: 0.022  backward_time: 0.025  lr: 0.000100  max_mem: 7782M    
[2026-01-21 11:11:35]   eta: 15:45:08  iter: 16495  progress: 4.0  loss: 1.5739  time: 0.119  data_time: 0.002  forward_time: 0.016  backward_time: 0.029  lr: 0.000100  max_mem: 7782M    
[2026-01-21 11:11:51]   eta: 15:46:06  iter: 16505  progress: 4.0  loss: 2.0891  time: 0.116  data_time: 0.002  forward_time: 0.016  backward_time: 0.028  lr: 0.000100  max_mem: 7782M    
[2026-01-21 11:12:07]   eta: 15:15:37  iter: 16515  progress: 4.0  loss: 2.3671  time: 0.119  data_time: 0.004  forward_time: 0.029  backward_time: 0.022  lr: 0.000100  max_mem: 7782M    
[2026-01-21 11:12:24]   eta: 15:10:04  iter: 16525  progress: 4.0  loss: 2.2285  time: 0.165  data_time: 0.002  forward_time: 0.081  backward_time: 0.018  lr: 0.000100  max_mem: 7782M    
[2026-01-21 11:12:40]   eta: 14:59:00  iter: 16535  progress: 4.0  loss: 1.7603  time: 0.117  data_time: 0.002  forward_time: 0.017  backward_time: 0.026  lr: 0.000100  max_mem: 7782M    
[2026-01-21 11:12:59]   eta: 14:44:03  iter: 16545  progress: 4.0  loss: 2.0542  time: 0.116  data_time: 0.002  forward_time: 0.014  backward_time: 0.029  lr: 0.000100  max_mem: 7782M    
[2026-01-21 11:13:20]   eta: 14:28:56  iter: 16555  progress: 4.0  loss: 2.2199  time: 0.119  data_time: 0.002  forward_time: 0.017  backward_time: 0.028  lr: 0.000100  max_mem: 7782M    
[2026-01-21 11:13:36]   eta: 14:32:54  iter: 16565  progress: 4.0  loss: 2.0827  time: 0.116  data_time: 0.002  forward_time: 0.015  backward_time: 0.028  lr: 0.000100  max_mem: 7782M    
[2026-01-21 11:13:54]   eta: 14:27:02  iter: 16575  progress: 4.0  loss: 1.7568  time: 0.119  data_time: 0.003  forward_time: 0.021  backward_time: 0.025  lr: 0.000100  max_mem: 7782M    
[2026-01-21 11:14:11]   eta: 14:12:33  iter: 16585  progress: 4.0  loss: 1.4298  time: 0.169  data_time: 0.002  forward_time: 0.084  backward_time: 0.020  lr: 0.000100  max_mem: 7782M    
[2026-01-21 11:14:28]   eta: 14:33:32  iter: 16595  progress: 4.0  loss: 2.4992  time: 0.185  data_time: 0.002  forward_time: 0.085  backward_time: 0.028  lr: 0.000100  max_mem: 7782M    
[2026-01-21 11:14:46]   eta: 14:39:06  iter: 16605  progress: 4.0  loss: 1.9068  time: 0.160  data_time: 0.002  forward_time: 0.081  backward_time: 0.024  lr: 0.000100  max_mem: 7782M    
[2026-01-21 11:15:05]   eta: 15:13:11  iter: 16615  progress: 4.0  loss: 2.1444  time: 0.179  data_time: 0.002  forward_time: 0.093  backward_time: 0.019  lr: 0.000100  max_mem: 7782M    
[2026-01-21 11:15:13]   eta: 15:10:02  iter: 16620  progress: 4.0  loss: 1.5128  time: 0.098  data_time: 0.001  forward_time: 0.015  backward_time: 0.021  lr: 0.000100  max_mem: 7782M    
[2026-01-21 11:15:14]   Validating epoch[4/100]...    
[2026-01-21 11:30:15]   [epoch 4] train_loss: 1.990 val_accuracy: 0.4458 precision: 0.3882 recall: 0.4458 specificity: 0.9741 f1_score: 0.3834 auc: 0.8198 overall_accuracy: 0.4458    
[2026-01-21 11:30:15]   
Saving checkpoint...    
[2026-01-21 11:30:33]   eta: 15:28:54  iter: 16630  progress: 4.0  loss: 1.9090  time: 0.168  data_time: 0.002  forward_time: 0.084  backward_time: 0.019  lr: 0.000100  max_mem: 7782M    
[2026-01-21 11:30:50]   eta: 15:19:53  iter: 16640  progress: 4.0  loss: 1.6008  time: 0.117  data_time: 0.002  forward_time: 0.015  backward_time: 0.028  lr: 0.000100  max_mem: 7782M    
[2026-01-21 11:31:07]   eta: 15:09:15  iter: 16650  progress: 4.0  loss: 1.5942  time: 0.183  data_time: 0.002  forward_time: 0.090  backward_time: 0.018  lr: 0.000100  max_mem: 7782M    
[2026-01-21 11:31:24]   eta: 15:21:54  iter: 16660  progress: 4.0  loss: 1.4874  time: 0.119  data_time: 0.002  forward_time: 0.016  backward_time: 0.028  lr: 0.000100  max_mem: 7782M    
[2026-01-21 11:31:43]   eta: 15:01:25  iter: 16670  progress: 4.0  loss: 1.5666  time: 0.116  data_time: 0.002  forward_time: 0.015  backward_time: 0.028  lr: 0.000100  max_mem: 7782M    
[2026-01-21 11:31:59]   eta: 14:37:57  iter: 16680  progress: 4.0  loss: 2.0538  time: 0.119  data_time: 0.002  forward_time: 0.019  backward_time: 0.027  lr: 0.000100  max_mem: 7782M    
[2026-01-21 11:32:15]   eta: 14:46:22  iter: 16690  progress: 4.0  loss: 2.0833  time: 0.122  data_time: 0.002  forward_time: 0.024  backward_time: 0.025  lr: 0.000100  max_mem: 7782M    
[2026-01-21 11:32:38]   eta: 14:42:26  iter: 16700  progress: 4.0  loss: 1.6898  time: 0.186  data_time: 0.002  forward_time: 0.094  backward_time: 0.019  lr: 0.000100  max_mem: 7782M    
[2026-01-21 11:32:55]   eta: 14:03:05  iter: 16710  progress: 4.0  loss: 2.2296  time: 0.117  data_time: 0.002  forward_time: 0.016  backward_time: 0.028  lr: 0.000100  max_mem: 7782M    
[2026-01-21 11:33:10]   eta: 14:30:27  iter: 16720  progress: 4.0  loss: 1.8995  time: 0.174  data_time: 0.002  forward_time: 0.090  backward_time: 0.021  lr: 0.000100  max_mem: 7782M    
[2026-01-21 11:33:26]   eta: 14:45:46  iter: 16730  progress: 4.0  loss: 2.4444  time: 0.116  data_time: 0.002  forward_time: 0.015  backward_time: 0.029  lr: 0.000100  max_mem: 7782M    
[2026-01-21 11:33:42]   eta: 14:23:18  iter: 16740  progress: 4.0  loss: 2.0289  time: 0.185  data_time: 0.002  forward_time: 0.093  backward_time: 0.020  lr: 0.000100  max_mem: 7782M    
[2026-01-21 11:34:01]   eta: 14:18:19  iter: 16750  progress: 4.0  loss: 2.4545  time: 0.119  data_time: 0.002  forward_time: 0.018  backward_time: 0.027  lr: 0.000100  max_mem: 7782M    
[2026-01-21 11:34:28]   eta: 14:47:38  iter: 16760  progress: 4.0  loss: 2.4932  time: 0.202  data_time: 0.085  forward_time: 0.016  backward_time: 0.028  lr: 0.000100  max_mem: 7782M    
[2026-01-21 11:35:14]   eta: 14:49:35  iter: 16770  progress: 4.0  loss: 1.8743  time: 0.197  data_time: 0.001  forward_time: 0.100  backward_time: 0.024  lr: 0.000100  max_mem: 7782M    
[2026-01-21 11:36:07]   eta: 14:51:28  iter: 16780  progress: 4.0  loss: 1.8429  time: 0.121  data_time: 0.002  forward_time: 0.021  backward_time: 0.026  lr: 0.000100  max_mem: 7782M    
[2026-01-21 11:36:46]   eta: 15:24:22  iter: 16790  progress: 4.0  loss: 2.2997  time: 0.120  data_time: 0.003  forward_time: 0.030  backward_time: 0.025  lr: 0.000100  max_mem: 7782M    
[2026-01-21 11:37:42]   eta: 15:59:34  iter: 16800  progress: 4.0  loss: 1.6855  time: 0.121  data_time: 0.003  forward_time: 0.028  backward_time: 0.032  lr: 0.000100  max_mem: 7782M    
[2026-01-21 11:38:19]   eta: 16:16:23  iter: 16810  progress: 4.0  loss: 2.3709  time: 0.119  data_time: 0.002  forward_time: 0.016  backward_time: 0.029  lr: 0.000100  max_mem: 7782M    
[2026-01-21 11:39:08]   eta: 16:19:43  iter: 16820  progress: 4.0  loss: 1.9235  time: 0.121  data_time: 0.002  forward_time: 0.021  backward_time: 0.026  lr: 0.000100  max_mem: 7782M    
[2026-01-21 11:39:51]   eta: 16:09:00  iter: 16830  progress: 4.1  loss: 2.0647  time: 0.119  data_time: 0.002  forward_time: 0.020  backward_time: 0.027  lr: 0.000100  max_mem: 7782M    
[2026-01-21 11:40:27]   eta: 15:55:26  iter: 16840  progress: 4.1  loss: 1.9198  time: 0.120  data_time: 0.002  forward_time: 0.019  backward_time: 0.056  lr: 0.000100  max_mem: 7782M    
[2026-01-21 11:40:58]   eta: 15:57:51  iter: 16850  progress: 4.1  loss: 1.4347  time: 0.182  data_time: 0.003  forward_time: 0.095  backward_time: 0.020  lr: 0.000100  max_mem: 7782M    
[2026-01-21 11:41:33]   eta: 15:16:32  iter: 16860  progress: 4.1  loss: 2.4958  time: 0.119  data_time: 0.002  forward_time: 0.020  backward_time: 0.027  lr: 0.000100  max_mem: 7782M    
[2026-01-21 11:42:05]   eta: 15:18:54  iter: 16870  progress: 4.1  loss: 1.8365  time: 0.120  data_time: 0.002  forward_time: 0.021  backward_time: 0.027  lr: 0.000100  max_mem: 7782M    
[2026-01-21 11:42:37]   eta: 15:25:17  iter: 16880  progress: 4.1  loss: 1.2491  time: 0.180  data_time: 0.002  forward_time: 0.092  backward_time: 0.018  lr: 0.000100  max_mem: 7782M    
[2026-01-21 11:43:18]   eta: 15:47:01  iter: 16890  progress: 4.1  loss: 1.6229  time: 0.119  data_time: 0.002  forward_time: 0.016  backward_time: 0.028  lr: 0.000100  max_mem: 7782M    
[2026-01-21 11:43:57]   eta: 15:51:18  iter: 16900  progress: 4.1  loss: 1.5918  time: 0.118  data_time: 0.002  forward_time: 0.015  backward_time: 0.029  lr: 0.000100  max_mem: 7782M    
[2026-01-21 11:44:47]   eta: 16:08:56  iter: 16910  progress: 4.1  loss: 2.2899  time: 0.121  data_time: 0.002  forward_time: 0.021  backward_time: 0.029  lr: 0.000100  max_mem: 7782M    
[2026-01-21 11:45:39]   eta: 15:56:45  iter: 16920  progress: 4.1  loss: 1.7030  time: 0.119  data_time: 0.002  forward_time: 0.019  backward_time: 0.027  lr: 0.000100  max_mem: 7782M    
[2026-01-21 11:46:27]   eta: 16:11:46  iter: 16930  progress: 4.1  loss: 2.0443  time: 0.120  data_time: 0.002  forward_time: 0.018  backward_time: 0.028  lr: 0.000100  max_mem: 7782M    
[2026-01-21 11:47:14]   eta: 15:25:04  iter: 16940  progress: 4.1  loss: 2.1607  time: 0.120  data_time: 0.002  forward_time: 0.018  backward_time: 0.027  lr: 0.000100  max_mem: 7782M    
[2026-01-21 11:47:52]   eta: 14:56:25  iter: 16950  progress: 4.1  loss: 1.8106  time: 0.120  data_time: 0.002  forward_time: 0.018  backward_time: 0.027  lr: 0.000100  max_mem: 7782M    
[2026-01-21 11:48:49]   eta: 15:00:41  iter: 16960  progress: 4.1  loss: 1.4651  time: 0.152  data_time: 0.002  forward_time: 0.018  backward_time: 0.084  lr: 0.000100  max_mem: 7782M    
[2026-01-21 11:49:36]   eta: 15:10:12  iter: 16970  progress: 4.1  loss: 2.1447  time: 0.198  data_time: 0.002  forward_time: 0.097  backward_time: 0.027  lr: 0.000100  max_mem: 7782M    
[2026-01-21 11:50:22]   eta: 14:59:37  iter: 16980  progress: 4.1  loss: 1.7710  time: 0.196  data_time: 0.079  forward_time: 0.016  backward_time: 0.028  lr: 0.000100  max_mem: 7782M    
[2026-01-21 11:51:05]   eta: 15:14:07  iter: 16990  progress: 4.1  loss: 1.7367  time: 0.119  data_time: 0.002  forward_time: 0.018  backward_time: 0.028  lr: 0.000100  max_mem: 7782M    
[2026-01-21 11:52:07]   eta: 15:05:03  iter: 17000  progress: 4.1  loss: 2.4895  time: 0.119  data_time: 0.002  forward_time: 0.018  backward_time: 0.028  lr: 0.000100  max_mem: 7782M    
[2026-01-21 11:53:00]   eta: 15:19:46  iter: 17010  progress: 4.1  loss: 2.0080  time: 0.120  data_time: 0.002  forward_time: 0.022  backward_time: 0.024  lr: 0.000100  max_mem: 7782M    
[2026-01-21 11:53:48]   eta: 14:55:42  iter: 17020  progress: 4.1  loss: 2.1867  time: 0.119  data_time: 0.002  forward_time: 0.017  backward_time: 0.028  lr: 0.000100  max_mem: 7782M    
[2026-01-21 11:54:30]   eta: 14:58:00  iter: 17030  progress: 4.1  loss: 2.3893  time: 0.119  data_time: 0.002  forward_time: 0.018  backward_time: 0.028  lr: 0.000100  max_mem: 7782M    
[2026-01-21 11:55:10]   eta: 15:19:40  iter: 17040  progress: 4.1  loss: 2.0758  time: 0.173  data_time: 0.002  forward_time: 0.086  backward_time: 0.024  lr: 0.000100  max_mem: 7782M    
[2026-01-21 11:55:55]   eta: 15:31:07  iter: 17050  progress: 4.1  loss: 1.9917  time: 0.123  data_time: 0.002  forward_time: 0.027  backward_time: 0.024  lr: 0.000100  max_mem: 7782M    
[2026-01-21 11:56:36]   eta: 15:33:05  iter: 17060  progress: 4.1  loss: 2.0181  time: 0.181  data_time: 0.002  forward_time: 0.090  backward_time: 0.018  lr: 0.000100  max_mem: 7782M    
[2026-01-21 11:57:27]   eta: 16:02:13  iter: 17070  progress: 4.1  loss: 1.4709  time: 0.177  data_time: 0.002  forward_time: 0.093  backward_time: 0.021  lr: 0.000100  max_mem: 7782M    
[2026-01-21 11:58:08]   eta: 15:47:44  iter: 17080  progress: 4.1  loss: 2.1679  time: 0.166  data_time: 0.003  forward_time: 0.085  backward_time: 0.020  lr: 0.000100  max_mem: 7782M    
[2026-01-21 11:59:00]   eta: 15:47:21  iter: 17090  progress: 4.1  loss: 1.4521  time: 0.121  data_time: 0.003  forward_time: 0.030  backward_time: 0.026  lr: 0.000100  max_mem: 7782M    
[2026-01-21 11:59:41]   eta: 15:35:47  iter: 17100  progress: 4.1  loss: 1.7984  time: 0.122  data_time: 0.003  forward_time: 0.024  backward_time: 0.024  lr: 0.000100  max_mem: 7782M    
[2026-01-21 12:00:21]   eta: 15:37:43  iter: 17110  progress: 4.1  loss: 1.9663  time: 0.119  data_time: 0.002  forward_time: 0.018  backward_time: 0.028  lr: 0.000100  max_mem: 7782M    
[2026-01-21 12:00:53]   eta: 15:45:06  iter: 17120  progress: 4.1  loss: 2.1259  time: 0.120  data_time: 0.002  forward_time: 0.016  backward_time: 0.029  lr: 0.000100  max_mem: 7782M    
[2026-01-21 12:01:30]   eta: 15:49:57  iter: 17130  progress: 4.1  loss: 2.0869  time: 0.119  data_time: 0.002  forward_time: 0.016  backward_time: 0.029  lr: 0.000100  max_mem: 7782M    
[2026-01-21 12:02:14]   eta: 15:44:35  iter: 17140  progress: 4.1  loss: 1.9911  time: 0.170  data_time: 0.002  forward_time: 0.085  backward_time: 0.018  lr: 0.000100  max_mem: 7782M    
[2026-01-21 12:03:07]   eta: 15:43:22  iter: 17150  progress: 4.1  loss: 1.4960  time: 0.120  data_time: 0.002  forward_time: 0.018  backward_time: 0.028  lr: 0.000100  max_mem: 7782M    
[2026-01-21 12:03:50]   eta: 15:29:40  iter: 17160  progress: 4.1  loss: 1.2797  time: 0.119  data_time: 0.002  forward_time: 0.016  backward_time: 0.029  lr: 0.000100  max_mem: 7782M    
[2026-01-21 12:04:43]   eta: 15:14:06  iter: 17170  progress: 4.1  loss: 2.2157  time: 0.124  data_time: 0.003  forward_time: 0.023  backward_time: 0.025  lr: 0.000100  max_mem: 7782M    
[2026-01-21 12:05:30]   eta: 14:51:12  iter: 17180  progress: 4.1  loss: 2.3962  time: 0.119  data_time: 0.002  forward_time: 0.019  backward_time: 0.027  lr: 0.000100  max_mem: 7782M    
[2026-01-21 12:06:21]   eta: 14:27:18  iter: 17190  progress: 4.1  loss: 2.4396  time: 0.121  data_time: 0.002  forward_time: 0.027  backward_time: 0.023  lr: 0.000100  max_mem: 7782M    
[2026-01-21 12:07:23]   eta: 14:47:56  iter: 17200  progress: 4.1  loss: 1.5069  time: 0.167  data_time: 0.002  forward_time: 0.087  backward_time: 0.018  lr: 0.000100  max_mem: 7782M    
[2026-01-21 12:08:16]   eta: 15:03:56  iter: 17210  progress: 4.1  loss: 1.6428  time: 0.123  data_time: 0.003  forward_time: 0.027  backward_time: 0.024  lr: 0.000100  max_mem: 7782M    
[2026-01-21 12:08:57]   eta: 15:09:18  iter: 17220  progress: 4.1  loss: 1.8329  time: 0.129  data_time: 0.002  forward_time: 0.021  backward_time: 0.079  lr: 0.000100  max_mem: 7782M    
[2026-01-21 12:09:29]   eta: 15:31:46  iter: 17230  progress: 4.1  loss: 2.1172  time: 0.120  data_time: 0.002  forward_time: 0.023  backward_time: 0.025  lr: 0.000100  max_mem: 7782M    
[2026-01-21 12:10:06]   eta: 15:58:05  iter: 17240  progress: 4.1  loss: 1.9748  time: 0.185  data_time: 0.002  forward_time: 0.095  backward_time: 0.020  lr: 0.000100  max_mem: 7782M    
[2026-01-21 12:10:37]   eta: 15:49:24  iter: 17250  progress: 4.2  loss: 1.8767  time: 0.119  data_time: 0.002  forward_time: 0.017  backward_time: 0.028  lr: 0.000100  max_mem: 7782M    
[2026-01-21 12:11:10]   eta: 15:12:31  iter: 17260  progress: 4.2  loss: 2.3728  time: 0.170  data_time: 0.002  forward_time: 0.083  backward_time: 0.019  lr: 0.000100  max_mem: 7782M    
[2026-01-21 12:11:45]   eta: 15:08:49  iter: 17270  progress: 4.2  loss: 1.8403  time: 0.121  data_time: 0.004  forward_time: 0.019  backward_time: 0.029  lr: 0.000100  max_mem: 7782M    
[2026-01-21 12:12:32]   eta: 15:19:35  iter: 17280  progress: 4.2  loss: 1.6052  time: 0.122  data_time: 0.002  forward_time: 0.021  backward_time: 0.027  lr: 0.000100  max_mem: 7782M    
[2026-01-21 12:13:15]   eta: 15:04:51  iter: 17290  progress: 4.2  loss: 1.5693  time: 0.123  data_time: 0.003  forward_time: 0.024  backward_time: 0.025  lr: 0.000100  max_mem: 7782M    
[2026-01-21 12:14:07]   eta: 15:01:53  iter: 17300  progress: 4.2  loss: 1.9463  time: 0.119  data_time: 0.002  forward_time: 0.015  backward_time: 0.029  lr: 0.000100  max_mem: 7782M    
[2026-01-21 12:15:07]   eta: 15:26:10  iter: 17310  progress: 4.2  loss: 1.6295  time: 0.120  data_time: 0.003  forward_time: 0.020  backward_time: 0.026  lr: 0.000100  max_mem: 7782M    
[2026-01-21 12:16:04]   eta: 15:14:08  iter: 17320  progress: 4.2  loss: 2.5710  time: 0.183  data_time: 0.002  forward_time: 0.092  backward_time: 0.021  lr: 0.000100  max_mem: 7782M    
[2026-01-21 12:16:46]   eta: 15:02:24  iter: 17330  progress: 4.2  loss: 1.7825  time: 0.120  data_time: 0.002  forward_time: 0.020  backward_time: 0.026  lr: 0.000100  max_mem: 7782M    
[2026-01-21 12:17:20]   eta: 15:06:15  iter: 17340  progress: 4.2  loss: 1.4046  time: 0.118  data_time: 0.002  forward_time: 0.017  backward_time: 0.028  lr: 0.000100  max_mem: 7782M    
[2026-01-21 12:17:56]   eta: 15:49:31  iter: 17350  progress: 4.2  loss: 2.1784  time: 0.202  data_time: 0.002  forward_time: 0.101  backward_time: 0.027  lr: 0.000100  max_mem: 7782M    
[2026-01-21 12:18:35]   eta: 15:54:29  iter: 17360  progress: 4.2  loss: 2.1538  time: 0.177  data_time: 0.002  forward_time: 0.089  backward_time: 0.023  lr: 0.000100  max_mem: 7782M    
[2026-01-21 12:19:15]   eta: 15:52:11  iter: 17370  progress: 4.2  loss: 2.1722  time: 0.119  data_time: 0.002  forward_time: 0.019  backward_time: 0.027  lr: 0.000100  max_mem: 7782M    
[2026-01-21 12:19:50]   eta: 16:07:54  iter: 17380  progress: 4.2  loss: 2.3098  time: 0.119  data_time: 0.002  forward_time: 0.017  backward_time: 0.028  lr: 0.000100  max_mem: 7782M    
[2026-01-21 12:20:25]   eta: 16:34:09  iter: 17390  progress: 4.2  loss: 1.8061  time: 0.206  data_time: 0.087  forward_time: 0.028  backward_time: 0.025  lr: 0.000100  max_mem: 7782M    
[2026-01-21 12:21:01]   eta: 15:54:00  iter: 17400  progress: 4.2  loss: 1.6266  time: 0.119  data_time: 0.002  forward_time: 0.018  backward_time: 0.027  lr: 0.000100  max_mem: 7782M    
[2026-01-21 12:21:46]   eta: 15:32:51  iter: 17410  progress: 4.2  loss: 2.0647  time: 0.120  data_time: 0.002  forward_time: 0.020  backward_time: 0.026  lr: 0.000100  max_mem: 7782M    
[2026-01-21 12:22:27]   eta: 15:50:54  iter: 17420  progress: 4.2  loss: 2.1488  time: 0.120  data_time: 0.002  forward_time: 0.019  backward_time: 0.027  lr: 0.000100  max_mem: 7782M    
[2026-01-21 12:23:07]   eta: 15:41:31  iter: 17430  progress: 4.2  loss: 1.7543  time: 0.167  data_time: 0.002  forward_time: 0.085  backward_time: 0.022  lr: 0.000100  max_mem: 7782M    
[2026-01-21 12:23:48]   eta: 15:30:48  iter: 17440  progress: 4.2  loss: 1.7760  time: 0.180  data_time: 0.002  forward_time: 0.094  backward_time: 0.025  lr: 0.000100  max_mem: 7782M    
[2026-01-21 12:24:30]   eta: 16:05:41  iter: 17450  progress: 4.2  loss: 2.0090  time: 0.120  data_time: 0.002  forward_time: 0.021  backward_time: 0.027  lr: 0.000100  max_mem: 7782M    
[2026-01-21 12:25:08]   eta: 16:25:17  iter: 17460  progress: 4.2  loss: 1.6627  time: 0.179  data_time: 0.002  forward_time: 0.096  backward_time: 0.020  lr: 0.000100  max_mem: 7782M    
[2026-01-21 12:25:43]   eta: 16:12:03  iter: 17470  progress: 4.2  loss: 1.7167  time: 0.174  data_time: 0.002  forward_time: 0.087  backward_time: 0.022  lr: 0.000100  max_mem: 7782M    
[2026-01-21 12:26:21]   eta: 16:11:58  iter: 17480  progress: 4.2  loss: 2.0075  time: 0.118  data_time: 0.002  forward_time: 0.016  backward_time: 0.028  lr: 0.000100  max_mem: 7782M    
[2026-01-21 12:26:50]   eta: 16:00:45  iter: 17490  progress: 4.2  loss: 1.8139  time: 0.125  data_time: 0.003  forward_time: 0.029  backward_time: 0.022  lr: 0.000100  max_mem: 7782M    
[2026-01-21 12:27:25]   eta: 15:52:10  iter: 17500  progress: 4.2  loss: 2.0186  time: 0.159  data_time: 0.002  forward_time: 0.023  backward_time: 0.082  lr: 0.000100  max_mem: 7782M    
[2026-01-21 12:28:00]   eta: 15:50:13  iter: 17510  progress: 4.2  loss: 1.9454  time: 0.200  data_time: 0.002  forward_time: 0.101  backward_time: 0.026  lr: 0.000100  max_mem: 7782M    
[2026-01-21 12:28:31]   eta: 15:47:05  iter: 17520  progress: 4.2  loss: 2.2445  time: 0.120  data_time: 0.002  forward_time: 0.023  backward_time: 0.023  lr: 0.000100  max_mem: 7782M    
[2026-01-21 12:29:05]   eta: 15:48:46  iter: 17530  progress: 4.2  loss: 2.0389  time: 0.198  data_time: 0.004  forward_time: 0.111  backward_time: 0.023  lr: 0.000100  max_mem: 7782M    
[2026-01-21 12:29:35]   eta: 15:28:20  iter: 17540  progress: 4.2  loss: 2.0649  time: 0.121  data_time: 0.002  forward_time: 0.021  backward_time: 0.026  lr: 0.000100  max_mem: 7782M    
[2026-01-21 12:30:03]   eta: 14:51:26  iter: 17550  progress: 4.2  loss: 1.6343  time: 0.120  data_time: 0.002  forward_time: 0.019  backward_time: 0.027  lr: 0.000100  max_mem: 7782M    
[2026-01-21 12:30:34]   eta: 14:30:23  iter: 17560  progress: 4.2  loss: 2.6010  time: 0.119  data_time: 0.002  forward_time: 0.016  backward_time: 0.028  lr: 0.000100  max_mem: 7782M    
[2026-01-21 12:31:09]   eta: 14:38:33  iter: 17570  progress: 4.2  loss: 2.0626  time: 0.162  data_time: 0.002  forward_time: 0.020  backward_time: 0.086  lr: 0.000100  max_mem: 7782M    
[2026-01-21 12:31:44]   eta: 14:30:20  iter: 17580  progress: 4.2  loss: 2.2963  time: 0.203  data_time: 0.085  forward_time: 0.021  backward_time: 0.025  lr: 0.000100  max_mem: 7782M    
[2026-01-21 12:32:09]   eta: 15:15:41  iter: 17590  progress: 4.2  loss: 2.0148  time: 0.119  data_time: 0.002  forward_time: 0.020  backward_time: 0.025  lr: 0.000100  max_mem: 7782M    
[2026-01-21 12:32:38]   eta: 15:55:36  iter: 17600  progress: 4.2  loss: 1.7697  time: 0.189  data_time: 0.002  forward_time: 0.101  backward_time: 0.021  lr: 0.000100  max_mem: 7782M    
[2026-01-21 12:33:08]   eta: 16:48:03  iter: 17610  progress: 4.2  loss: 1.7814  time: 0.139  data_time: 0.002  forward_time: 0.022  backward_time: 0.080  lr: 0.000100  max_mem: 7782M    
[2026-01-21 12:33:40]   eta: 17:15:02  iter: 17620  progress: 4.2  loss: 1.9195  time: 0.190  data_time: 0.002  forward_time: 0.094  backward_time: 0.021  lr: 0.000100  max_mem: 7782M    
[2026-01-21 12:34:23]   eta: 17:31:05  iter: 17630  progress: 4.2  loss: 2.0763  time: 0.191  data_time: 0.002  forward_time: 0.105  backward_time: 0.026  lr: 0.000100  max_mem: 7782M    
[2026-01-21 12:34:55]   eta: 17:02:41  iter: 17640  progress: 4.2  loss: 1.8998  time: 0.119  data_time: 0.002  forward_time: 0.019  backward_time: 0.028  lr: 0.000100  max_mem: 7782M    
[2026-01-21 12:35:35]   eta: 16:51:21  iter: 17650  progress: 4.2  loss: 2.2053  time: 0.120  data_time: 0.002  forward_time: 0.019  backward_time: 0.027  lr: 0.000100  max_mem: 7782M    
[2026-01-21 12:36:05]   eta: 16:23:42  iter: 17660  progress: 4.3  loss: 1.7084  time: 0.206  data_time: 0.002  forward_time: 0.112  backward_time: 0.026  lr: 0.000100  max_mem: 7782M    
[2026-01-21 12:36:41]   eta: 15:47:04  iter: 17670  progress: 4.3  loss: 1.8309  time: 0.167  data_time: 0.002  forward_time: 0.082  backward_time: 0.022  lr: 0.000100  max_mem: 7782M    
[2026-01-21 12:37:14]   eta: 15:43:53  iter: 17680  progress: 4.3  loss: 2.2025  time: 0.178  data_time: 0.003  forward_time: 0.095  backward_time: 0.023  lr: 0.000100  max_mem: 7782M    
[2026-01-21 12:37:53]   eta: 16:09:37  iter: 17690  progress: 4.3  loss: 1.6934  time: 0.120  data_time: 0.002  forward_time: 0.019  backward_time: 0.027  lr: 0.000100  max_mem: 7782M    
[2026-01-21 12:38:28]   eta: 15:53:15  iter: 17700  progress: 4.3  loss: 2.0504  time: 0.120  data_time: 0.002  forward_time: 0.023  backward_time: 0.025  lr: 0.000100  max_mem: 7782M    
[2026-01-21 12:38:58]   eta: 15:44:07  iter: 17710  progress: 4.3  loss: 2.3103  time: 0.195  data_time: 0.002  forward_time: 0.106  backward_time: 0.020  lr: 0.000100  max_mem: 7782M    
[2026-01-21 12:39:31]   eta: 16:12:34  iter: 17720  progress: 4.3  loss: 2.0894  time: 0.121  data_time: 0.002  forward_time: 0.020  backward_time: 0.027  lr: 0.000100  max_mem: 7782M    
[2026-01-21 12:40:08]   eta: 15:56:09  iter: 17730  progress: 4.3  loss: 2.1243  time: 0.120  data_time: 0.002  forward_time: 0.020  backward_time: 0.027  lr: 0.000100  max_mem: 7782M    
[2026-01-21 12:40:44]   eta: 15:44:06  iter: 17740  progress: 4.3  loss: 2.1421  time: 0.176  data_time: 0.002  forward_time: 0.084  backward_time: 0.022  lr: 0.000100  max_mem: 7782M    
[2026-01-21 12:41:18]   eta: 15:54:08  iter: 17750  progress: 4.3  loss: 1.8898  time: 0.163  data_time: 0.002  forward_time: 0.081  backward_time: 0.021  lr: 0.000100  max_mem: 7782M    
[2026-01-21 12:41:50]   eta: 16:12:34  iter: 17760  progress: 4.3  loss: 2.2661  time: 0.124  data_time: 0.004  forward_time: 0.025  backward_time: 0.024  lr: 0.000100  max_mem: 7782M    
[2026-01-21 12:42:24]   eta: 15:52:38  iter: 17770  progress: 4.3  loss: 2.0166  time: 0.119  data_time: 0.002  forward_time: 0.017  backward_time: 0.029  lr: 0.000100  max_mem: 7782M    
[2026-01-21 12:42:58]   eta: 16:09:51  iter: 17780  progress: 4.3  loss: 1.3113  time: 0.180  data_time: 0.002  forward_time: 0.017  backward_time: 0.028  lr: 0.000100  max_mem: 7782M    
[2026-01-21 12:43:33]   eta: 15:49:00  iter: 17790  progress: 4.3  loss: 1.9756  time: 0.167  data_time: 0.002  forward_time: 0.076  backward_time: 0.021  lr: 0.000100  max_mem: 7782M    
[2026-01-21 12:44:10]   eta: 16:09:46  iter: 17800  progress: 4.3  loss: 1.5293  time: 0.206  data_time: 0.085  forward_time: 0.030  backward_time: 0.031  lr: 0.000100  max_mem: 7782M    
[2026-01-21 12:44:54]   eta: 16:12:25  iter: 17810  progress: 4.3  loss: 2.1403  time: 0.182  data_time: 0.004  forward_time: 0.094  backward_time: 0.022  lr: 0.000100  max_mem: 7782M    
[2026-01-21 12:45:29]   eta: 16:10:04  iter: 17820  progress: 4.3  loss: 1.6220  time: 0.119  data_time: 0.002  forward_time: 0.017  backward_time: 0.030  lr: 0.000100  max_mem: 7782M    
[2026-01-21 12:46:06]   eta: 16:03:11  iter: 17830  progress: 4.3  loss: 1.5724  time: 0.139  data_time: 0.002  forward_time: 0.019  backward_time: 0.085  lr: 0.000100  max_mem: 7782M    
[2026-01-21 12:46:38]   eta: 16:17:33  iter: 17840  progress: 4.3  loss: 1.8904  time: 0.204  data_time: 0.087  forward_time: 0.017  backward_time: 0.028  lr: 0.000100  max_mem: 7782M    
[2026-01-21 12:47:11]   eta: 15:52:53  iter: 17850  progress: 4.3  loss: 1.8138  time: 0.204  data_time: 0.083  forward_time: 0.035  backward_time: 0.025  lr: 0.000100  max_mem: 7782M    
[2026-01-21 12:47:44]   eta: 15:25:48  iter: 17860  progress: 4.3  loss: 1.9879  time: 0.119  data_time: 0.002  forward_time: 0.017  backward_time: 0.028  lr: 0.000100  max_mem: 7782M    
[2026-01-21 12:48:18]   eta: 15:17:51  iter: 17870  progress: 4.3  loss: 2.2982  time: 0.120  data_time: 0.002  forward_time: 0.026  backward_time: 0.023  lr: 0.000100  max_mem: 7782M    
[2026-01-21 12:48:52]   eta: 15:27:56  iter: 17880  progress: 4.3  loss: 2.0338  time: 0.119  data_time: 0.002  forward_time: 0.017  backward_time: 0.028  lr: 0.000100  max_mem: 7782M    
[2026-01-21 12:49:29]   eta: 15:14:28  iter: 17890  progress: 4.3  loss: 1.6831  time: 0.188  data_time: 0.002  forward_time: 0.092  backward_time: 0.022  lr: 0.000100  max_mem: 7782M    
[2026-01-21 12:50:01]   eta: 15:29:43  iter: 17900  progress: 4.3  loss: 1.5676  time: 0.200  data_time: 0.003  forward_time: 0.099  backward_time: 0.026  lr: 0.000100  max_mem: 7782M    
[2026-01-21 12:50:33]   eta: 15:26:49  iter: 17910  progress: 4.3  loss: 1.6697  time: 0.188  data_time: 0.002  forward_time: 0.093  backward_time: 0.022  lr: 0.000100  max_mem: 7782M    
[2026-01-21 12:51:05]   eta: 15:34:22  iter: 17920  progress: 4.3  loss: 2.8322  time: 0.119  data_time: 0.002  forward_time: 0.025  backward_time: 0.024  lr: 0.000100  max_mem: 7782M    
[2026-01-21 12:51:36]   eta: 15:28:49  iter: 17930  progress: 4.3  loss: 2.0510  time: 0.119  data_time: 0.002  forward_time: 0.017  backward_time: 0.028  lr: 0.000100  max_mem: 7782M    
[2026-01-21 12:52:08]   eta: 15:30:41  iter: 17940  progress: 4.3  loss: 1.8408  time: 0.170  data_time: 0.002  forward_time: 0.086  backward_time: 0.022  lr: 0.000100  max_mem: 7782M    
[2026-01-21 12:52:43]   eta: 15:06:49  iter: 17950  progress: 4.3  loss: 1.9823  time: 0.145  data_time: 0.002  forward_time: 0.018  backward_time: 0.083  lr: 0.000100  max_mem: 7782M    
[2026-01-21 12:53:19]   eta: 15:15:30  iter: 17960  progress: 4.3  loss: 1.5089  time: 0.119  data_time: 0.002  forward_time: 0.018  backward_time: 0.029  lr: 0.000100  max_mem: 7782M    
[2026-01-21 12:53:50]   eta: 15:37:31  iter: 17970  progress: 4.3  loss: 2.1417  time: 0.119  data_time: 0.002  forward_time: 0.021  backward_time: 0.026  lr: 0.000100  max_mem: 7782M    
[2026-01-21 12:54:41]   eta: 15:23:23  iter: 17980  progress: 4.3  loss: 2.2878  time: 0.122  data_time: 0.002  forward_time: 0.027  backward_time: 0.023  lr: 0.000100  max_mem: 7782M    
[2026-01-21 12:55:24]   eta: 15:15:31  iter: 17990  progress: 4.3  loss: 1.3663  time: 0.117  data_time: 0.002  forward_time: 0.017  backward_time: 0.027  lr: 0.000100  max_mem: 7782M    
[2026-01-21 12:55:53]   eta: 15:23:41  iter: 18000  progress: 4.3  loss: 1.2585  time: 0.119  data_time: 0.002  forward_time: 0.017  backward_time: 0.028  lr: 0.000100  max_mem: 7782M    
[2026-01-21 12:56:20]   eta: 15:15:30  iter: 18010  progress: 4.3  loss: 1.7097  time: 0.117  data_time: 0.002  forward_time: 0.017  backward_time: 0.028  lr: 0.000100  max_mem: 7782M    
[2026-01-21 12:57:15]   eta: 15:05:20  iter: 18020  progress: 4.3  loss: 1.7307  time: 0.197  data_time: 0.080  forward_time: 0.016  backward_time: 0.029  lr: 0.000100  max_mem: 7782M    
[2026-01-21 12:58:08]   eta: 15:19:21  iter: 18030  progress: 4.3  loss: 1.8934  time: 0.134  data_time: 0.002  forward_time: 0.029  backward_time: 0.064  lr: 0.000100  max_mem: 7782M    
[2026-01-21 12:58:58]   eta: 15:34:33  iter: 18040  progress: 4.3  loss: 2.2026  time: 0.120  data_time: 0.003  forward_time: 0.019  backward_time: 0.028  lr: 0.000100  max_mem: 7782M    
[2026-01-21 12:59:40]   eta: 15:39:18  iter: 18050  progress: 4.3  loss: 1.8736  time: 0.203  data_time: 0.002  forward_time: 0.101  backward_time: 0.028  lr: 0.000100  max_mem: 7782M    
[2026-01-21 13:00:31]   eta: 15:48:19  iter: 18060  progress: 4.3  loss: 1.6435  time: 0.125  data_time: 0.003  forward_time: 0.028  backward_time: 0.024  lr: 0.000100  max_mem: 7782M    
[2026-01-21 13:01:24]   eta: 16:19:32  iter: 18070  progress: 4.3  loss: 1.5755  time: 0.203  data_time: 0.085  forward_time: 0.020  backward_time: 0.027  lr: 0.000100  max_mem: 7782M    
[2026-01-21 13:02:20]   eta: 16:17:29  iter: 18080  progress: 4.4  loss: 1.7640  time: 0.119  data_time: 0.002  forward_time: 0.018  backward_time: 0.072  lr: 0.000100  max_mem: 7782M    
[2026-01-21 13:03:18]   eta: 16:21:54  iter: 18090  progress: 4.4  loss: 2.6949  time: 0.119  data_time: 0.002  forward_time: 0.017  backward_time: 0.028  lr: 0.000100  max_mem: 7782M    
[2026-01-21 13:04:17]   eta: 16:07:59  iter: 18100  progress: 4.4  loss: 2.2427  time: 0.185  data_time: 0.002  forward_time: 0.097  backward_time: 0.023  lr: 0.000100  max_mem: 7782M    
[2026-01-21 13:05:01]   eta: 16:00:16  iter: 18110  progress: 4.4  loss: 2.0522  time: 0.120  data_time: 0.003  forward_time: 0.022  backward_time: 0.023  lr: 0.000100  max_mem: 7782M    
[2026-01-21 13:05:48]   eta: 15:35:27  iter: 18120  progress: 4.4  loss: 2.0341  time: 0.119  data_time: 0.002  forward_time: 0.020  backward_time: 0.026  lr: 0.000100  max_mem: 7782M    
[2026-01-21 13:06:38]   eta: 15:29:33  iter: 18130  progress: 4.4  loss: 1.8945  time: 0.188  data_time: 0.002  forward_time: 0.095  backward_time: 0.019  lr: 0.000100  max_mem: 7782M    
[2026-01-21 13:07:31]   eta: 15:33:08  iter: 18140  progress: 4.4  loss: 1.8389  time: 0.126  data_time: 0.005  forward_time: 0.028  backward_time: 0.023  lr: 0.000100  max_mem: 7782M    
[2026-01-21 13:08:23]   eta: 15:33:41  iter: 18150  progress: 4.4  loss: 1.8771  time: 0.120  data_time: 0.002  forward_time: 0.018  backward_time: 0.073  lr: 0.000100  max_mem: 7782M    
[2026-01-21 13:09:19]   eta: 15:31:39  iter: 18160  progress: 4.4  loss: 1.9030  time: 0.179  data_time: 0.002  forward_time: 0.089  backward_time: 0.022  lr: 0.000100  max_mem: 7782M    
[2026-01-21 13:10:25]   eta: 15:21:45  iter: 18170  progress: 4.4  loss: 2.0038  time: 0.199  data_time: 0.003  forward_time: 0.104  backward_time: 0.025  lr: 0.000100  max_mem: 7782M    
[2026-01-21 13:11:20]   eta: 15:14:37  iter: 18180  progress: 4.4  loss: 2.1609  time: 0.176  data_time: 0.002  forward_time: 0.094  backward_time: 0.029  lr: 0.000100  max_mem: 7782M    
[2026-01-21 13:12:08]   eta: 15:19:06  iter: 18190  progress: 4.4  loss: 1.6184  time: 0.119  data_time: 0.002  forward_time: 0.017  backward_time: 0.028  lr: 0.000100  max_mem: 7782M    
[2026-01-21 13:12:57]   eta: 15:26:15  iter: 18200  progress: 4.4  loss: 1.8935  time: 0.183  data_time: 0.002  forward_time: 0.093  backward_time: 0.020  lr: 0.000100  max_mem: 7782M    
[2026-01-21 13:13:53]   eta: 15:43:10  iter: 18210  progress: 4.4  loss: 2.0343  time: 0.120  data_time: 0.002  forward_time: 0.018  backward_time: 0.071  lr: 0.000100  max_mem: 7782M    
[2026-01-21 13:14:31]   eta: 15:12:20  iter: 18220  progress: 4.4  loss: 2.0812  time: 0.121  data_time: 0.002  forward_time: 0.026  backward_time: 0.023  lr: 0.000100  max_mem: 7782M    
[2026-01-21 13:15:16]   eta: 15:14:46  iter: 18230  progress: 4.4  loss: 1.6465  time: 0.119  data_time: 0.002  forward_time: 0.018  backward_time: 0.028  lr: 0.000100  max_mem: 7782M    
[2026-01-21 13:15:57]   eta: 14:47:07  iter: 18240  progress: 4.4  loss: 2.2280  time: 0.146  data_time: 0.002  forward_time: 0.018  backward_time: 0.079  lr: 0.000100  max_mem: 7782M    
[2026-01-21 13:16:28]   eta: 15:05:24  iter: 18250  progress: 4.4  loss: 2.4266  time: 0.116  data_time: 0.002  forward_time: 0.016  backward_time: 0.027  lr: 0.000100  max_mem: 7782M    
[2026-01-21 13:16:52]   eta: 14:35:33  iter: 18260  progress: 4.4  loss: 2.0350  time: 0.120  data_time: 0.003  forward_time: 0.019  backward_time: 0.027  lr: 0.000100  max_mem: 7782M    
[2026-01-21 13:17:18]   eta: 15:06:36  iter: 18270  progress: 4.4  loss: 1.9404  time: 0.201  data_time: 0.084  forward_time: 0.016  backward_time: 0.029  lr: 0.000100  max_mem: 7782M    
[2026-01-21 13:17:48]   eta: 15:15:18  iter: 18280  progress: 4.4  loss: 2.1599  time: 0.120  data_time: 0.002  forward_time: 0.018  backward_time: 0.029  lr: 0.000100  max_mem: 7782M    
[2026-01-21 13:18:18]   eta: 15:33:29  iter: 18290  progress: 4.4  loss: 1.9636  time: 0.200  data_time: 0.002  forward_time: 0.101  backward_time: 0.026  lr: 0.000100  max_mem: 7782M    
[2026-01-21 13:18:45]   eta: 15:08:11  iter: 18300  progress: 4.4  loss: 1.6491  time: 0.119  data_time: 0.002  forward_time: 0.018  backward_time: 0.027  lr: 0.000100  max_mem: 7782M    
[2026-01-21 13:19:20]   eta: 15:24:38  iter: 18310  progress: 4.4  loss: 2.2657  time: 0.120  data_time: 0.002  forward_time: 0.018  backward_time: 0.028  lr: 0.000100  max_mem: 7782M    
[2026-01-21 13:19:55]   eta: 15:26:11  iter: 18320  progress: 4.4  loss: 1.8560  time: 0.188  data_time: 0.002  forward_time: 0.097  backward_time: 0.021  lr: 0.000100  max_mem: 7782M    
[2026-01-21 13:20:28]   eta: 15:32:57  iter: 18330  progress: 4.4  loss: 1.8510  time: 0.120  data_time: 0.002  forward_time: 0.023  backward_time: 0.024  lr: 0.000100  max_mem: 7782M    
[2026-01-21 13:21:14]   eta: 15:26:06  iter: 18340  progress: 4.4  loss: 2.1465  time: 0.120  data_time: 0.002  forward_time: 0.019  backward_time: 0.027  lr: 0.000100  max_mem: 7782M    
[2026-01-21 13:21:53]   eta: 15:46:59  iter: 18350  progress: 4.4  loss: 1.6897  time: 0.177  data_time: 0.002  forward_time: 0.089  backward_time: 0.019  lr: 0.000100  max_mem: 7782M    
[2026-01-21 13:22:35]   eta: 15:57:18  iter: 18360  progress: 4.4  loss: 1.6563  time: 0.197  data_time: 0.002  forward_time: 0.102  backward_time: 0.022  lr: 0.000100  max_mem: 7782M    
[2026-01-21 13:23:10]   eta: 15:51:53  iter: 18370  progress: 4.4  loss: 1.9464  time: 0.119  data_time: 0.002  forward_time: 0.016  backward_time: 0.028  lr: 0.000100  max_mem: 7782M    
[2026-01-21 13:23:42]   eta: 15:41:30  iter: 18380  progress: 4.4  loss: 2.0475  time: 0.189  data_time: 0.002  forward_time: 0.093  backward_time: 0.022  lr: 0.000100  max_mem: 7782M    
[2026-01-21 13:24:18]   eta: 15:48:27  iter: 18390  progress: 4.4  loss: 2.0213  time: 0.119  data_time: 0.002  forward_time: 0.020  backward_time: 0.025  lr: 0.000100  max_mem: 7782M    
[2026-01-21 13:24:52]   eta: 15:32:53  iter: 18400  progress: 4.4  loss: 1.8504  time: 0.119  data_time: 0.002  forward_time: 0.019  backward_time: 0.027  lr: 0.000100  max_mem: 7782M    
[2026-01-21 13:26:02]   eta: 15:54:22  iter: 18410  progress: 4.4  loss: 1.5715  time: 0.120  data_time: 0.002  forward_time: 0.020  backward_time: 0.026  lr: 0.000100  max_mem: 7782M    
[2026-01-21 13:27:01]   eta: 16:07:21  iter: 18420  progress: 4.4  loss: 1.7696  time: 0.120  data_time: 0.002  forward_time: 0.022  backward_time: 0.025  lr: 0.000100  max_mem: 7782M    
[2026-01-21 13:28:34]   eta: 15:52:12  iter: 18430  progress: 4.4  loss: 2.2536  time: 0.119  data_time: 0.002  forward_time: 0.016  backward_time: 0.028  lr: 0.000100  max_mem: 7782M    
[2026-01-21 13:29:32]   eta: 16:12:43  iter: 18440  progress: 4.4  loss: 1.8344  time: 0.197  data_time: 0.002  forward_time: 0.099  backward_time: 0.024  lr: 0.000100  max_mem: 7782M    
[2026-01-21 13:30:13]   eta: 16:19:05  iter: 18450  progress: 4.4  loss: 1.9676  time: 0.205  data_time: 0.003  forward_time: 0.107  backward_time: 0.025  lr: 0.000100  max_mem: 7782M    
[2026-01-21 13:30:50]   eta: 15:41:48  iter: 18460  progress: 4.4  loss: 1.8613  time: 0.121  data_time: 0.002  forward_time: 0.022  backward_time: 0.029  lr: 0.000100  max_mem: 7782M    
[2026-01-21 13:31:16]   eta: 15:20:21  iter: 18470  progress: 4.4  loss: 2.2922  time: 0.203  data_time: 0.086  forward_time: 0.016  backward_time: 0.028  lr: 0.000100  max_mem: 7782M    
[2026-01-21 13:31:48]   eta: 15:55:31  iter: 18480  progress: 4.4  loss: 1.6782  time: 0.201  data_time: 0.001  forward_time: 0.099  backward_time: 0.031  lr: 0.000100  max_mem: 7782M    
[2026-01-21 13:32:36]   eta: 15:49:38  iter: 18490  progress: 4.5  loss: 1.7242  time: 0.200  data_time: 0.002  forward_time: 0.100  backward_time: 0.026  lr: 0.000100  max_mem: 7782M    
[2026-01-21 13:33:21]   eta: 15:37:18  iter: 18500  progress: 4.5  loss: 2.0713  time: 0.186  data_time: 0.002  forward_time: 0.100  backward_time: 0.022  lr: 0.000100  max_mem: 7782M    
[2026-01-21 13:34:26]   eta: 15:49:51  iter: 18510  progress: 4.5  loss: 2.0958  time: 0.182  data_time: 0.002  forward_time: 0.095  backward_time: 0.021  lr: 0.000100  max_mem: 7782M    
[2026-01-21 13:35:06]   eta: 15:45:42  iter: 18520  progress: 4.5  loss: 1.4510  time: 0.119  data_time: 0.002  forward_time: 0.025  backward_time: 0.022  lr: 0.000100  max_mem: 7782M    
[2026-01-21 13:36:10]   eta: 15:30:43  iter: 18530  progress: 4.5  loss: 2.1235  time: 0.182  data_time: 0.002  forward_time: 0.095  backward_time: 0.020  lr: 0.000100  max_mem: 7782M    
[2026-01-21 13:36:45]   eta: 15:11:32  iter: 18540  progress: 4.5  loss: 2.4635  time: 0.120  data_time: 0.002  forward_time: 0.020  backward_time: 0.026  lr: 0.000100  max_mem: 7782M    
[2026-01-21 13:37:13]   eta: 15:39:15  iter: 18550  progress: 4.5  loss: 1.4295  time: 0.119  data_time: 0.002  forward_time: 0.019  backward_time: 0.027  lr: 0.000100  max_mem: 7782M    
[2026-01-21 13:37:41]   eta: 15:29:11  iter: 18560  progress: 4.5  loss: 1.7200  time: 0.120  data_time: 0.002  forward_time: 0.018  backward_time: 0.027  lr: 0.000100  max_mem: 7782M    
[2026-01-21 13:38:08]   eta: 15:45:15  iter: 18570  progress: 4.5  loss: 2.0440  time: 0.121  data_time: 0.002  forward_time: 0.018  backward_time: 0.073  lr: 0.000100  max_mem: 7782M    
[2026-01-21 13:38:31]   eta: 15:51:40  iter: 18580  progress: 4.5  loss: 2.6972  time: 0.119  data_time: 0.002  forward_time: 0.018  backward_time: 0.028  lr: 0.000100  max_mem: 7782M    
[2026-01-21 13:38:53]   eta: 16:11:13  iter: 18590  progress: 4.5  loss: 2.1545  time: 0.177  data_time: 0.002  forward_time: 0.090  backward_time: 0.020  lr: 0.000100  max_mem: 7782M    
[2026-01-21 13:39:16]   eta: 15:46:34  iter: 18600  progress: 4.5  loss: 1.6802  time: 0.204  data_time: 0.087  forward_time: 0.017  backward_time: 0.028  lr: 0.000100  max_mem: 7782M    
[2026-01-21 13:39:40]   eta: 15:55:57  iter: 18610  progress: 4.5  loss: 1.9483  time: 0.118  data_time: 0.002  forward_time: 0.022  backward_time: 0.022  lr: 0.000100  max_mem: 7782M    
[2026-01-21 13:40:05]   eta: 15:59:46  iter: 18620  progress: 4.5  loss: 1.9105  time: 0.222  data_time: 0.101  forward_time: 0.027  backward_time: 0.023  lr: 0.000100  max_mem: 7782M    
[2026-01-21 13:40:27]   eta: 15:47:53  iter: 18630  progress: 4.5  loss: 1.8539  time: 0.188  data_time: 0.002  forward_time: 0.095  backward_time: 0.018  lr: 0.000100  max_mem: 7782M    
[2026-01-21 13:40:54]   eta: 15:38:33  iter: 18640  progress: 4.5  loss: 1.7836  time: 0.179  data_time: 0.002  forward_time: 0.092  backward_time: 0.027  lr: 0.000100  max_mem: 7782M    
[2026-01-21 13:41:17]   eta: 15:45:28  iter: 18650  progress: 4.5  loss: 1.8223  time: 0.185  data_time: 0.002  forward_time: 0.097  backward_time: 0.018  lr: 0.000100  max_mem: 7782M    
[2026-01-21 13:41:41]   eta: 15:52:07  iter: 18660  progress: 4.5  loss: 1.9177  time: 0.125  data_time: 0.003  forward_time: 0.029  backward_time: 0.022  lr: 0.000100  max_mem: 7782M    
[2026-01-21 13:42:05]   eta: 15:45:24  iter: 18670  progress: 4.5  loss: 1.9041  time: 0.182  data_time: 0.002  forward_time: 0.096  backward_time: 0.018  lr: 0.000100  max_mem: 7782M    
[2026-01-21 13:42:29]   eta: 15:48:10  iter: 18680  progress: 4.5  loss: 1.6074  time: 0.117  data_time: 0.002  forward_time: 0.021  backward_time: 0.024  lr: 0.000100  max_mem: 7782M    
[2026-01-21 13:42:53]   eta: 15:38:54  iter: 18690  progress: 4.5  loss: 1.6168  time: 0.121  data_time: 0.002  forward_time: 0.021  backward_time: 0.025  lr: 0.000100  max_mem: 7782M    
[2026-01-21 13:43:14]   eta: 15:09:50  iter: 18700  progress: 4.5  loss: 2.1508  time: 0.120  data_time: 0.003  forward_time: 0.028  backward_time: 0.024  lr: 0.000100  max_mem: 7782M    
[2026-01-21 13:43:36]   eta: 14:59:30  iter: 18710  progress: 4.5  loss: 1.5460  time: 0.119  data_time: 0.002  forward_time: 0.016  backward_time: 0.029  lr: 0.000100  max_mem: 7782M    
[2026-01-21 13:43:56]   eta: 14:57:14  iter: 18720  progress: 4.5  loss: 1.3176  time: 0.119  data_time: 0.002  forward_time: 0.020  backward_time: 0.026  lr: 0.000100  max_mem: 7782M    
[2026-01-21 13:44:19]   eta: 15:04:53  iter: 18730  progress: 4.5  loss: 1.9656  time: 0.118  data_time: 0.002  forward_time: 0.015  backward_time: 0.029  lr: 0.000100  max_mem: 7782M    
[2026-01-21 13:44:41]   eta: 14:51:26  iter: 18740  progress: 4.5  loss: 2.6643  time: 0.119  data_time: 0.002  forward_time: 0.024  backward_time: 0.023  lr: 0.000100  max_mem: 7782M    
[2026-01-21 13:45:01]   eta: 14:56:25  iter: 18750  progress: 4.5  loss: 1.9550  time: 0.117  data_time: 0.002  forward_time: 0.018  backward_time: 0.070  lr: 0.000100  max_mem: 7782M    
[2026-01-21 13:45:20]   eta: 14:52:19  iter: 18760  progress: 4.5  loss: 2.0079  time: 0.119  data_time: 0.002  forward_time: 0.021  backward_time: 0.026  lr: 0.000100  max_mem: 7782M    
[2026-01-21 13:45:42]   eta: 14:36:20  iter: 18770  progress: 4.5  loss: 2.3601  time: 0.116  data_time: 0.002  forward_time: 0.015  backward_time: 0.028  lr: 0.000100  max_mem: 7782M    
[2026-01-21 13:46:03]   eta: 14:17:52  iter: 18780  progress: 4.5  loss: 2.0083  time: 0.119  data_time: 0.002  forward_time: 0.018  backward_time: 0.027  lr: 0.000100  max_mem: 7782M    
[2026-01-21 13:46:28]   eta: 14:24:05  iter: 18790  progress: 4.5  loss: 1.5247  time: 0.118  data_time: 0.002  forward_time: 0.015  backward_time: 0.029  lr: 0.000100  max_mem: 7782M    
[2026-01-21 13:46:54]   eta: 14:48:42  iter: 18800  progress: 4.5  loss: 1.7059  time: 0.117  data_time: 0.002  forward_time: 0.024  backward_time: 0.024  lr: 0.000100  max_mem: 7782M    
[2026-01-21 13:47:17]   eta: 14:51:55  iter: 18810  progress: 4.5  loss: 2.1059  time: 0.118  data_time: 0.002  forward_time: 0.017  backward_time: 0.028  lr: 0.000100  max_mem: 7782M    
[2026-01-21 13:47:38]   eta: 15:24:26  iter: 18820  progress: 4.5  loss: 1.9235  time: 0.119  data_time: 0.002  forward_time: 0.016  backward_time: 0.029  lr: 0.000100  max_mem: 7782M    
[2026-01-21 13:47:58]   eta: 15:41:23  iter: 18830  progress: 4.5  loss: 2.1338  time: 0.172  data_time: 0.002  forward_time: 0.087  backward_time: 0.030  lr: 0.000100  max_mem: 7782M    
[2026-01-21 13:48:17]   eta: 15:50:08  iter: 18840  progress: 4.5  loss: 2.3036  time: 0.116  data_time: 0.002  forward_time: 0.016  backward_time: 0.028  lr: 0.000100  max_mem: 7782M    
[2026-01-21 13:48:38]   eta: 15:32:36  iter: 18850  progress: 4.5  loss: 2.6154  time: 0.117  data_time: 0.002  forward_time: 0.016  backward_time: 0.029  lr: 0.000100  max_mem: 7782M    
[2026-01-21 13:49:02]   eta: 15:15:14  iter: 18860  progress: 4.5  loss: 1.8394  time: 0.183  data_time: 0.002  forward_time: 0.090  backward_time: 0.018  lr: 0.000100  max_mem: 7782M    
[2026-01-21 13:49:23]   eta: 15:10:23  iter: 18870  progress: 4.5  loss: 2.3980  time: 0.202  data_time: 0.084  forward_time: 0.020  backward_time: 0.027  lr: 0.000100  max_mem: 7782M    
[2026-01-21 13:49:44]   eta: 15:09:30  iter: 18880  progress: 4.5  loss: 1.7491  time: 0.118  data_time: 0.002  forward_time: 0.016  backward_time: 0.028  lr: 0.000100  max_mem: 7782M    
[2026-01-21 13:50:07]   eta: 14:59:43  iter: 18890  progress: 4.5  loss: 1.3032  time: 0.119  data_time: 0.002  forward_time: 0.017  backward_time: 0.030  lr: 0.000100  max_mem: 7782M    
[2026-01-21 13:50:31]   eta: 15:17:23  iter: 18900  progress: 4.5  loss: 1.8175  time: 0.202  data_time: 0.002  forward_time: 0.099  backward_time: 0.028  lr: 0.000100  max_mem: 7782M    
[2026-01-21 13:50:57]   eta: 15:29:56  iter: 18910  progress: 4.6  loss: 2.0289  time: 0.200  data_time: 0.082  forward_time: 0.021  backward_time: 0.026  lr: 0.000100  max_mem: 7782M    
[2026-01-21 13:51:23]   eta: 15:33:33  iter: 18920  progress: 4.6  loss: 1.3478  time: 0.120  data_time: 0.002  forward_time: 0.026  backward_time: 0.024  lr: 0.000100  max_mem: 7782M    
[2026-01-21 13:51:43]   eta: 15:13:30  iter: 18930  progress: 4.6  loss: 2.0534  time: 0.118  data_time: 0.002  forward_time: 0.017  backward_time: 0.030  lr: 0.000100  max_mem: 7782M    
[2026-01-21 13:52:07]   eta: 15:12:22  iter: 18940  progress: 4.6  loss: 1.5144  time: 0.119  data_time: 0.002  forward_time: 0.020  backward_time: 0.027  lr: 0.000100  max_mem: 7782M    
[2026-01-21 13:52:27]   eta: 14:57:35  iter: 18950  progress: 4.6  loss: 1.3802  time: 0.126  data_time: 0.002  forward_time: 0.041  backward_time: 0.018  lr: 0.000100  max_mem: 7782M    
[2026-01-21 13:52:52]   eta: 14:48:55  iter: 18960  progress: 4.6  loss: 1.6336  time: 0.118  data_time: 0.002  forward_time: 0.017  backward_time: 0.027  lr: 0.000100  max_mem: 7782M    
[2026-01-21 13:53:13]   eta: 14:24:35  iter: 18970  progress: 4.6  loss: 1.8821  time: 0.173  data_time: 0.002  forward_time: 0.073  backward_time: 0.026  lr: 0.000100  max_mem: 7782M    
[2026-01-21 13:53:38]   eta: 14:17:51  iter: 18980  progress: 4.6  loss: 1.6512  time: 0.118  data_time: 0.002  forward_time: 0.015  backward_time: 0.029  lr: 0.000100  max_mem: 7782M    
[2026-01-21 13:53:59]   eta: 14:19:44  iter: 18990  progress: 4.6  loss: 2.4916  time: 0.185  data_time: 0.002  forward_time: 0.096  backward_time: 0.022  lr: 0.000100  max_mem: 7782M    
[2026-01-21 13:54:22]   eta: 14:26:02  iter: 19000  progress: 4.6  loss: 2.1262  time: 0.120  data_time: 0.002  forward_time: 0.018  backward_time: 0.028  lr: 0.000100  max_mem: 7782M    
[2026-01-21 13:54:48]   eta: 14:35:37  iter: 19010  progress: 4.6  loss: 1.8936  time: 0.202  data_time: 0.002  forward_time: 0.101  backward_time: 0.028  lr: 0.000100  max_mem: 7782M    
[2026-01-21 13:55:12]   eta: 14:30:18  iter: 19020  progress: 4.6  loss: 1.5589  time: 0.123  data_time: 0.003  forward_time: 0.028  backward_time: 0.022  lr: 0.000100  max_mem: 7782M    
[2026-01-21 13:55:37]   eta: 14:44:13  iter: 19030  progress: 4.6  loss: 2.3446  time: 0.119  data_time: 0.002  forward_time: 0.018  backward_time: 0.027  lr: 0.000100  max_mem: 7782M    
[2026-01-21 13:55:58]   eta: 14:55:35  iter: 19040  progress: 4.6  loss: 1.3557  time: 0.149  data_time: 0.002  forward_time: 0.018  backward_time: 0.083  lr: 0.000100  max_mem: 7782M    
[2026-01-21 13:56:20]   eta: 14:50:20  iter: 19050  progress: 4.6  loss: 1.9584  time: 0.119  data_time: 0.002  forward_time: 0.018  backward_time: 0.028  lr: 0.000100  max_mem: 7782M    
[2026-01-21 13:56:43]   eta: 14:51:23  iter: 19060  progress: 4.6  loss: 1.9728  time: 0.176  data_time: 0.002  forward_time: 0.092  backward_time: 0.018  lr: 0.000100  max_mem: 7782M    
[2026-01-21 13:57:09]   eta: 14:58:35  iter: 19070  progress: 4.6  loss: 1.6519  time: 0.124  data_time: 0.003  forward_time: 0.028  backward_time: 0.024  lr: 0.000100  max_mem: 7782M    
[2026-01-21 13:57:31]   eta: 14:54:03  iter: 19080  progress: 4.6  loss: 2.1071  time: 0.195  data_time: 0.002  forward_time: 0.098  backward_time: 0.025  lr: 0.000100  max_mem: 7782M    
[2026-01-21 13:57:53]   eta: 14:39:21  iter: 19090  progress: 4.6  loss: 2.0252  time: 0.118  data_time: 0.001  forward_time: 0.015  backward_time: 0.029  lr: 0.000100  max_mem: 7782M    
[2026-01-21 13:58:19]   eta: 14:45:19  iter: 19100  progress: 4.6  loss: 1.7807  time: 0.119  data_time: 0.002  forward_time: 0.016  backward_time: 0.029  lr: 0.000100  max_mem: 7782M    
[2026-01-21 13:58:43]   eta: 14:44:12  iter: 19110  progress: 4.6  loss: 2.1461  time: 0.123  data_time: 0.003  forward_time: 0.024  backward_time: 0.025  lr: 0.000100  max_mem: 7782M    
[2026-01-21 13:59:03]   eta: 14:43:32  iter: 19120  progress: 4.6  loss: 1.9908  time: 0.118  data_time: 0.002  forward_time: 0.015  backward_time: 0.029  lr: 0.000100  max_mem: 7782M    
[2026-01-21 13:59:25]   eta: 14:45:18  iter: 19130  progress: 4.6  loss: 1.7074  time: 0.117  data_time: 0.002  forward_time: 0.016  backward_time: 0.028  lr: 0.000100  max_mem: 7782M    
[2026-01-21 13:59:53]   eta: 14:47:21  iter: 19140  progress: 4.6  loss: 1.9212  time: 0.173  data_time: 0.002  forward_time: 0.085  backward_time: 0.018  lr: 0.000100  max_mem: 7782M    
[2026-01-21 14:00:16]   eta: 14:48:02  iter: 19150  progress: 4.6  loss: 2.0307  time: 0.119  data_time: 0.002  forward_time: 0.022  backward_time: 0.026  lr: 0.000100  max_mem: 7782M    
[2026-01-21 14:00:38]   eta: 15:00:26  iter: 19160  progress: 4.6  loss: 1.7469  time: 0.198  data_time: 0.002  forward_time: 0.100  backward_time: 0.025  lr: 0.000100  max_mem: 7782M    
[2026-01-21 14:01:02]   eta: 15:00:39  iter: 19170  progress: 4.6  loss: 1.7753  time: 0.174  data_time: 0.002  forward_time: 0.089  backward_time: 0.017  lr: 0.000100  max_mem: 7782M    
