[2026-01-28 13:11:24]   ROOT_DIR: /dataset/songzhang/SMore_dev/learning/MedViTV2    
[2026-01-28 13:11:24]   LOG_PATH: /dataset/songzhang/SMore_dev/learning/MedViTV2/logs/2026-01-28_13-11-24.log    
[2026-01-28 13:11:25]   Using cuda:0 device.    
[2026-01-28 13:11:25]   
========== Configuration Parameters ==========    
[2026-01-28 13:11:25]   model_name: MedViT_large_hrnet    
[2026-01-28 13:11:25]   dataset: fabric    
[2026-01-28 13:11:25]   pretrained: False    
[2026-01-28 13:11:25]   batch_size: 48    
[2026-01-28 13:11:25]   lr: 0.0001    
[2026-01-28 13:11:25]   epochs: 70    
[2026-01-28 13:11:25]   ============================================
    
[2026-01-28 13:11:29]   Dataset is available at: /dataset/songzhang/SMore_dev/learning/MedViTV2/temp/fabric    
[2026-01-28 13:11:29]   Number of classes: 27    
[2026-01-28 13:11:29]   Class names: ['canvas', 'chambray', 'chenille', 'chiffon', 'corduroy', 'crepe', 'denim', 'faux_fur', 'faux_leather', 'flannel', 'fleece', 'gingham', 'jersey', 'knit', 'lace', 'lawn', 'neoprene', 'organza', 'plush', 'satin', 'serge', 'taffeta', 'tulle', 'tweed', 'twill', 'velvet', 'vinyl']    
[2026-01-28 13:11:30]   initialize_weights...    
[2026-01-28 13:11:36]   (ImageFolder) Dataset ImageFolder
    Number of datapoints: 99716
    Root location: /dataset/songzhang/SMore_dev/learning/MedViTV2/temp/fabric/train
    StandardTransform
Transform: Compose(
               RandomResizedCrop(size=(224, 224), scale=(0.08, 1.0), ratio=(0.75, 1.3333), interpolation=bilinear, antialias=True)
               AugMix(severity=3, mixture_width=3, chain_depth=-1, alpha=0.4, all_ops=True, interpolation=InterpolationMode.BILINEAR, fill=None)
               RandomHorizontalFlip(p=0.4)
               ToTensor()
               Normalize(mean=[0.5], std=[0.5])
           )    
[2026-01-28 13:11:36]   ===================    
[2026-01-28 13:11:36]   (ImageFolder) Dataset ImageFolder
    Number of datapoints: 24629
    Root location: /dataset/songzhang/SMore_dev/learning/MedViTV2/temp/fabric/test
    StandardTransform
Transform: Compose(
               Resize(size=(224, 224), interpolation=bilinear, max_size=None, antialias=True)
               ToTensor()
               Normalize(mean=[0.5], std=[0.5])
           )    
[2026-01-28 13:11:46]   epoch: [1/70]  step: [10/2078] (0.5%)  eta_epoch: 31:24  eta_total: 36:49:50  loss: 3.2243  time: 0.246  data_time: 0.001  forward_time: 0.012  backward_time: 0.069  lr: 0.000100  max_mem: 11181M      
[2026-01-28 13:11:52]   epoch: [1/70]  step: [20/2078] (1.0%)  eta_epoch: 23:13  eta_total: 27:22:03  loss: 3.2722  time: 0.246  data_time: 0.001  forward_time: 0.016  backward_time: 0.064  lr: 0.000100  max_mem: 11181M      
[2026-01-28 13:11:58]   epoch: [1/70]  step: [30/2078] (1.4%)  eta_epoch: 21:30  eta_total: 25:27:39  loss: 3.2014  time: 0.247  data_time: 0.001  forward_time: 0.041  backward_time: 0.052  lr: 0.000100  max_mem: 11181M      
[2026-01-28 13:12:03]   epoch: [1/70]  step: [40/2078] (1.9%)  eta_epoch: 19:30  eta_total: 23:11:45  loss: 3.2294  time: 0.246  data_time: 0.002  forward_time: 0.017  backward_time: 0.063  lr: 0.000100  max_mem: 11181M      
[2026-01-28 13:12:09]   epoch: [1/70]  step: [50/2078] (2.4%)  eta_epoch: 18:58  eta_total: 22:40:18  loss: 3.1279  time: 0.247  data_time: 0.001  forward_time: 0.039  backward_time: 0.051  lr: 0.000100  max_mem: 11181M      
[2026-01-28 13:12:14]   epoch: [1/70]  step: [60/2078] (2.9%)  eta_epoch: 17:28  eta_total: 20:59:31  loss: 3.1802  time: 0.246  data_time: 0.001  forward_time: 0.012  backward_time: 0.069  lr: 0.000100  max_mem: 11181M      
[2026-01-28 13:12:20]   epoch: [1/70]  step: [70/2078] (3.4%)  eta_epoch: 17:15  eta_total: 20:50:00  loss: 3.0638  time: 0.248  data_time: 0.001  forward_time: 0.043  backward_time: 0.058  lr: 0.000100  max_mem: 11181M      
[2026-01-28 13:12:26]   epoch: [1/70]  step: [80/2078] (3.8%)  eta_epoch: 17:00  eta_total: 20:37:25  loss: 3.2547  time: 0.247  data_time: 0.002  forward_time: 0.013  backward_time: 0.064  lr: 0.000100  max_mem: 11181M      
[2026-01-28 13:12:32]   epoch: [1/70]  step: [90/2078] (4.3%)  eta_epoch: 16:43  eta_total: 20:22:52  loss: 2.9505  time: 0.246  data_time: 0.001  forward_time: 0.015  backward_time: 0.071  lr: 0.000100  max_mem: 11181M      
[2026-01-28 13:12:38]   epoch: [1/70]  step: [100/2078] (4.8%)  eta_epoch: 16:37  eta_total: 20:21:33  loss: 3.0753  time: 0.246  data_time: 0.001  forward_time: 0.016  backward_time: 0.064  lr: 0.000100  max_mem: 11181M      
[2026-01-28 13:12:43]   epoch: [1/70]  step: [110/2078] (5.3%)  eta_epoch: 16:24  eta_total: 20:12:09  loss: 3.0971  time: 0.248  data_time: 0.001  forward_time: 0.040  backward_time: 0.053  lr: 0.000100  max_mem: 11181M      
[2026-01-28 13:12:49]   epoch: [1/70]  step: [120/2078] (5.8%)  eta_epoch: 16:15  eta_total: 20:06:20  loss: 3.1377  time: 0.247  data_time: 0.001  forward_time: 0.017  backward_time: 0.063  lr: 0.000100  max_mem: 11181M      
[2026-01-28 13:12:54]   epoch: [1/70]  step: [130/2078] (6.3%)  eta_epoch: 15:59  eta_total: 19:52:32  loss: 3.2585  time: 0.248  data_time: 0.001  forward_time: 0.040  backward_time: 0.052  lr: 0.000100  max_mem: 11181M      
[2026-01-28 13:13:00]   epoch: [1/70]  step: [140/2078] (6.7%)  eta_epoch: 15:56  eta_total: 19:54:55  loss: 3.1566  time: 0.247  data_time: 0.001  forward_time: 0.017  backward_time: 0.064  lr: 0.000100  max_mem: 11181M      
[2026-01-28 13:13:06]   epoch: [1/70]  step: [150/2078] (7.2%)  eta_epoch: 15:47  eta_total: 19:49:56  loss: 3.1262  time: 0.249  data_time: 0.002  forward_time: 0.038  backward_time: 0.046  lr: 0.000100  max_mem: 11181M      
[2026-01-28 13:13:11]   epoch: [1/70]  step: [160/2078] (7.7%)  eta_epoch: 15:41  eta_total: 19:48:56  loss: 3.1264  time: 0.247  data_time: 0.001  forward_time: 0.017  backward_time: 0.064  lr: 0.000100  max_mem: 11181M      
[2026-01-28 13:13:17]   epoch: [1/70]  step: [170/2078] (8.2%)  eta_epoch: 15:32  eta_total: 19:43:40  loss: 2.9444  time: 0.248  data_time: 0.001  forward_time: 0.038  backward_time: 0.051  lr: 0.000100  max_mem: 11181M      
[2026-01-28 13:13:22]   epoch: [1/70]  step: [180/2078] (8.7%)  eta_epoch: 15:25  eta_total: 19:40:14  loss: 2.9995  time: 0.247  data_time: 0.001  forward_time: 0.016  backward_time: 0.067  lr: 0.000100  max_mem: 11181M      
[2026-01-28 13:13:28]   epoch: [1/70]  step: [190/2078] (9.1%)  eta_epoch: 15:19  eta_total: 19:39:11  loss: 3.1195  time: 0.248  data_time: 0.001  forward_time: 0.041  backward_time: 0.041  lr: 0.000100  max_mem: 11181M      
[2026-01-28 13:13:33]   epoch: [1/70]  step: [200/2078] (9.6%)  eta_epoch: 15:10  eta_total: 19:34:20  loss: 2.9155  time: 0.247  data_time: 0.001  forward_time: 0.016  backward_time: 0.066  lr: 0.000100  max_mem: 11181M      
[2026-01-28 13:13:39]   epoch: [1/70]  step: [210/2078] (10.1%)  eta_epoch: 15:01  eta_total: 19:28:35  loss: 2.7385  time: 0.248  data_time: 0.001  forward_time: 0.038  backward_time: 0.055  lr: 0.000100  max_mem: 11181M      
[2026-01-28 13:13:45]   epoch: [1/70]  step: [220/2078] (10.6%)  eta_epoch: 14:58  eta_total: 19:31:13  loss: 3.0654  time: 0.247  data_time: 0.001  forward_time: 0.016  backward_time: 0.065  lr: 0.000100  max_mem: 11181M      
[2026-01-28 13:13:50]   epoch: [1/70]  step: [230/2078] (11.1%)  eta_epoch: 14:50  eta_total: 19:26:55  loss: 3.0848  time: 0.248  data_time: 0.001  forward_time: 0.038  backward_time: 0.052  lr: 0.000100  max_mem: 11181M      
[2026-01-28 13:13:56]   epoch: [1/70]  step: [240/2078] (11.5%)  eta_epoch: 14:46  eta_total: 19:28:03  loss: 2.8998  time: 0.247  data_time: 0.001  forward_time: 0.017  backward_time: 0.064  lr: 0.000100  max_mem: 11181M      
[2026-01-28 13:14:01]   epoch: [1/70]  step: [250/2078] (12.0%)  eta_epoch: 14:39  eta_total: 19:24:57  loss: 2.9851  time: 0.248  data_time: 0.001  forward_time: 0.018  backward_time: 0.063  lr: 0.000100  max_mem: 11181M      
[2026-01-28 13:14:08]   epoch: [1/70]  step: [260/2078] (12.5%)  eta_epoch: 14:36  eta_total: 19:27:02  loss: 2.8156  time: 0.247  data_time: 0.001  forward_time: 0.018  backward_time: 0.062  lr: 0.000100  max_mem: 11181M      
[2026-01-28 13:14:12]   epoch: [1/70]  step: [270/2078] (13.0%)  eta_epoch: 14:25  eta_total: 19:17:53  loss: 2.8554  time: 0.247  data_time: 0.001  forward_time: 0.019  backward_time: 0.062  lr: 0.000100  max_mem: 11181M      
[2026-01-28 13:14:18]   epoch: [1/70]  step: [280/2078] (13.5%)  eta_epoch: 14:20  eta_total: 19:18:14  loss: 3.0158  time: 0.247  data_time: 0.001  forward_time: 0.020  backward_time: 0.064  lr: 0.000100  max_mem: 11181M      
[2026-01-28 13:14:23]   epoch: [1/70]  step: [290/2078] (14.0%)  eta_epoch: 14:11  eta_total: 19:11:44  loss: 3.0470  time: 0.247  data_time: 0.001  forward_time: 0.016  backward_time: 0.065  lr: 0.000100  max_mem: 11181M      
[2026-01-28 13:14:28]   epoch: [1/70]  step: [300/2078] (14.4%)  eta_epoch: 14:05  eta_total: 19:10:59  loss: 2.9237  time: 0.247  data_time: 0.001  forward_time: 0.016  backward_time: 0.064  lr: 0.000100  max_mem: 11181M      
[2026-01-28 13:14:33]   epoch: [1/70]  step: [310/2078] (14.9%)  eta_epoch: 13:56  eta_total: 19:04:41  loss: 3.0742  time: 0.248  data_time: 0.002  forward_time: 0.016  backward_time: 0.067  lr: 0.000100  max_mem: 11181M      
[2026-01-28 13:14:38]   epoch: [1/70]  step: [320/2078] (15.4%)  eta_epoch: 13:52  eta_total: 19:04:51  loss: 2.7829  time: 0.248  data_time: 0.001  forward_time: 0.016  backward_time: 0.063  lr: 0.000100  max_mem: 11181M      
[2026-01-28 13:14:43]   epoch: [1/70]  step: [330/2078] (15.9%)  eta_epoch: 13:43  eta_total: 18:59:21  loss: 2.7558  time: 0.248  data_time: 0.001  forward_time: 0.015  backward_time: 0.066  lr: 0.000100  max_mem: 11181M      
[2026-01-28 13:14:49]   epoch: [1/70]  step: [340/2078] (16.4%)  eta_epoch: 13:38  eta_total: 18:59:36  loss: 2.9854  time: 0.247  data_time: 0.001  forward_time: 0.018  backward_time: 0.063  lr: 0.000100  max_mem: 11181M      
[2026-01-28 13:14:53]   epoch: [1/70]  step: [350/2078] (16.8%)  eta_epoch: 13:30  eta_total: 18:54:06  loss: 2.9610  time: 0.248  data_time: 0.002  forward_time: 0.017  backward_time: 0.064  lr: 0.000100  max_mem: 11181M      
[2026-01-28 13:14:59]   epoch: [1/70]  step: [360/2078] (17.3%)  eta_epoch: 13:26  eta_total: 18:54:57  loss: 2.7999  time: 0.247  data_time: 0.001  forward_time: 0.041  backward_time: 0.061  lr: 0.000100  max_mem: 11181M      
[2026-01-28 13:15:04]   epoch: [1/70]  step: [370/2078] (17.8%)  eta_epoch: 13:18  eta_total: 18:50:22  loss: 2.7165  time: 0.248  data_time: 0.002  forward_time: 0.016  backward_time: 0.065  lr: 0.000100  max_mem: 11181M      
[2026-01-28 13:15:10]   epoch: [1/70]  step: [380/2078] (18.3%)  eta_epoch: 13:15  eta_total: 18:52:49  loss: 2.8100  time: 0.247  data_time: 0.001  forward_time: 0.016  backward_time: 0.067  lr: 0.000100  max_mem: 11181M      
[2026-01-28 13:15:15]   epoch: [1/70]  step: [390/2078] (18.8%)  eta_epoch: 13:09  eta_total: 18:51:08  loss: 2.6526  time: 0.247  data_time: 0.001  forward_time: 0.015  backward_time: 0.068  lr: 0.000100  max_mem: 11181M      
[2026-01-28 13:15:21]   epoch: [1/70]  step: [400/2078] (19.2%)  eta_epoch: 13:06  eta_total: 18:53:16  loss: 2.6199  time: 0.247  data_time: 0.001  forward_time: 0.017  backward_time: 0.064  lr: 0.000100  max_mem: 11181M      
[2026-01-28 13:15:26]   epoch: [1/70]  step: [410/2078] (19.7%)  eta_epoch: 12:58  eta_total: 18:48:57  loss: 2.6986  time: 0.250  data_time: 0.001  forward_time: 0.020  backward_time: 0.063  lr: 0.000100  max_mem: 11181M      
[2026-01-28 13:15:31]   epoch: [1/70]  step: [420/2078] (20.2%)  eta_epoch: 12:53  eta_total: 18:47:28  loss: 2.5851  time: 0.247  data_time: 0.001  forward_time: 0.016  backward_time: 0.065  lr: 0.000100  max_mem: 11181M      
[2026-01-28 13:15:36]   epoch: [1/70]  step: [430/2078] (20.7%)  eta_epoch: 12:45  eta_total: 18:42:06  loss: 2.7406  time: 0.248  data_time: 0.001  forward_time: 0.015  backward_time: 0.065  lr: 0.000100  max_mem: 11181M      
[2026-01-28 13:15:41]   epoch: [1/70]  step: [440/2078] (21.2%)  eta_epoch: 12:40  eta_total: 18:41:53  loss: 2.6283  time: 0.247  data_time: 0.001  forward_time: 0.017  backward_time: 0.064  lr: 0.000100  max_mem: 11181M      
[2026-01-28 13:15:45]   epoch: [1/70]  step: [450/2078] (21.7%)  eta_epoch: 12:32  eta_total: 18:37:01  loss: 2.7735  time: 0.248  data_time: 0.002  forward_time: 0.018  backward_time: 0.063  lr: 0.000100  max_mem: 11181M      
[2026-01-28 13:15:51]   epoch: [1/70]  step: [460/2078] (22.1%)  eta_epoch: 12:27  eta_total: 18:37:13  loss: 2.6230  time: 0.247  data_time: 0.001  forward_time: 0.016  backward_time: 0.064  lr: 0.000100  max_mem: 11181M      
[2026-01-28 13:15:56]   epoch: [1/70]  step: [470/2078] (22.6%)  eta_epoch: 12:20  eta_total: 18:33:30  loss: 2.7564  time: 0.247  data_time: 0.001  forward_time: 0.011  backward_time: 0.069  lr: 0.000100  max_mem: 11181M      
[2026-01-28 13:16:01]   epoch: [1/70]  step: [480/2078] (23.1%)  eta_epoch: 12:16  eta_total: 18:34:07  loss: 2.5452  time: 0.247  data_time: 0.001  forward_time: 0.017  backward_time: 0.065  lr: 0.000100  max_mem: 11181M      
[2026-01-28 13:16:06]   epoch: [1/70]  step: [490/2078] (23.6%)  eta_epoch: 12:11  eta_total: 18:32:15  loss: 2.6817  time: 0.247  data_time: 0.001  forward_time: 0.016  backward_time: 0.065  lr: 0.000100  max_mem: 11181M      
[2026-01-28 13:16:13]   epoch: [1/70]  step: [500/2078] (24.1%)  eta_epoch: 12:07  eta_total: 18:34:26  loss: 2.3767  time: 0.247  data_time: 0.001  forward_time: 0.016  backward_time: 0.064  lr: 0.000100  max_mem: 11181M      
[2026-01-28 13:16:17]   epoch: [1/70]  step: [510/2078] (24.5%)  eta_epoch: 12:00  eta_total: 18:30:36  loss: 2.2565  time: 0.248  data_time: 0.001  forward_time: 0.015  backward_time: 0.065  lr: 0.000100  max_mem: 11181M      
[2026-01-28 13:16:23]   epoch: [1/70]  step: [520/2078] (25.0%)  eta_epoch: 11:56  eta_total: 18:30:55  loss: 2.5066  time: 0.247  data_time: 0.001  forward_time: 0.016  backward_time: 0.069  lr: 0.000100  max_mem: 11181M      
[2026-01-28 13:16:27]   epoch: [1/70]  step: [530/2078] (25.5%)  eta_epoch: 11:49  eta_total: 18:27:38  loss: 2.5923  time: 0.248  data_time: 0.001  forward_time: 0.016  backward_time: 0.065  lr: 0.000100  max_mem: 11181M      
[2026-01-28 13:16:33]   epoch: [1/70]  step: [540/2078] (26.0%)  eta_epoch: 11:45  eta_total: 18:28:06  loss: 2.3448  time: 0.247  data_time: 0.001  forward_time: 0.012  backward_time: 0.068  lr: 0.000100  max_mem: 11181M      
[2026-01-28 13:16:37]   epoch: [1/70]  step: [550/2078] (26.5%)  eta_epoch: 11:39  eta_total: 18:24:56  loss: 2.3907  time: 0.248  data_time: 0.002  forward_time: 0.040  backward_time: 0.066  lr: 0.000100  max_mem: 11181M      
[2026-01-28 13:16:42]   epoch: [1/70]  step: [560/2078] (26.9%)  eta_epoch: 11:33  eta_total: 18:24:05  loss: 2.3411  time: 0.248  data_time: 0.001  forward_time: 0.017  backward_time: 0.069  lr: 0.000100  max_mem: 11181M      
[2026-01-28 13:16:47]   epoch: [1/70]  step: [570/2078] (27.4%)  eta_epoch: 11:28  eta_total: 18:22:23  loss: 2.5854  time: 0.249  data_time: 0.001  forward_time: 0.038  backward_time: 0.067  lr: 0.000100  max_mem: 11181M      
[2026-01-28 13:16:53]   epoch: [1/70]  step: [580/2078] (27.9%)  eta_epoch: 11:24  eta_total: 18:22:34  loss: 2.5570  time: 0.248  data_time: 0.001  forward_time: 0.018  backward_time: 0.063  lr: 0.000100  max_mem: 11181M      
[2026-01-28 13:16:58]   epoch: [1/70]  step: [590/2078] (28.4%)  eta_epoch: 11:19  eta_total: 18:22:27  loss: 2.5542  time: 0.247  data_time: 0.001  forward_time: 0.017  backward_time: 0.064  lr: 0.000100  max_mem: 11181M      
[2026-01-28 13:17:04]   epoch: [1/70]  step: [600/2078] (28.9%)  eta_epoch: 11:15  eta_total: 18:23:09  loss: 2.4053  time: 0.248  data_time: 0.002  forward_time: 0.016  backward_time: 0.065  lr: 0.000100  max_mem: 11181M      
[2026-01-28 13:17:09]   epoch: [1/70]  step: [610/2078] (29.4%)  eta_epoch: 11:09  eta_total: 18:21:06  loss: 2.1015  time: 0.247  data_time: 0.001  forward_time: 0.015  backward_time: 0.065  lr: 0.000100  max_mem: 11181M      
[2026-01-28 13:17:14]   epoch: [1/70]  step: [620/2078] (29.8%)  eta_epoch: 11:05  eta_total: 18:21:25  loss: 2.4274  time: 0.250  data_time: 0.002  forward_time: 0.057  backward_time: 0.070  lr: 0.000100  max_mem: 11181M      
[2026-01-28 13:17:19]   epoch: [1/70]  step: [630/2078] (30.3%)  eta_epoch: 10:59  eta_total: 18:18:40  loss: 2.4139  time: 0.248  data_time: 0.001  forward_time: 0.016  backward_time: 0.064  lr: 0.000100  max_mem: 11181M      
[2026-01-28 13:17:24]   epoch: [1/70]  step: [640/2078] (30.8%)  eta_epoch: 10:54  eta_total: 18:18:32  loss: 2.4580  time: 0.248  data_time: 0.001  forward_time: 0.016  backward_time: 0.066  lr: 0.000100  max_mem: 11181M      
[2026-01-28 13:17:29]   epoch: [1/70]  step: [650/2078] (31.3%)  eta_epoch: 10:48  eta_total: 18:16:27  loss: 2.1677  time: 0.247  data_time: 0.001  forward_time: 0.016  backward_time: 0.065  lr: 0.000100  max_mem: 11181M      
[2026-01-28 13:17:34]   epoch: [1/70]  step: [660/2078] (31.8%)  eta_epoch: 10:44  eta_total: 18:16:29  loss: 2.5594  time: 0.247  data_time: 0.001  forward_time: 0.016  backward_time: 0.065  lr: 0.000100  max_mem: 11181M      
[2026-01-28 13:17:39]   epoch: [1/70]  step: [670/2078] (32.2%)  eta_epoch: 10:38  eta_total: 18:14:25  loss: 2.2079  time: 0.249  data_time: 0.001  forward_time: 0.038  backward_time: 0.052  lr: 0.000100  max_mem: 11181M      
[2026-01-28 13:17:45]   epoch: [1/70]  step: [680/2078] (32.7%)  eta_epoch: 10:34  eta_total: 18:14:35  loss: 2.3158  time: 0.248  data_time: 0.001  forward_time: 0.016  backward_time: 0.064  lr: 0.000100  max_mem: 11181M      
[2026-01-28 13:17:49]   epoch: [1/70]  step: [690/2078] (33.2%)  eta_epoch: 10:28  eta_total: 18:12:34  loss: 2.2985  time: 0.247  data_time: 0.001  forward_time: 0.017  backward_time: 0.064  lr: 0.000100  max_mem: 11181M      
[2026-01-28 13:17:55]   epoch: [1/70]  step: [700/2078] (33.7%)  eta_epoch: 10:24  eta_total: 18:13:20  loss: 2.3894  time: 0.248  data_time: 0.001  forward_time: 0.017  backward_time: 0.064  lr: 0.000100  max_mem: 11181M      
[2026-01-28 13:18:00]   epoch: [1/70]  step: [710/2078] (34.2%)  eta_epoch: 10:19  eta_total: 18:12:12  loss: 2.6259  time: 0.248  data_time: 0.001  forward_time: 0.015  backward_time: 0.065  lr: 0.000100  max_mem: 11181M      
[2026-01-28 13:18:06]   epoch: [1/70]  step: [720/2078] (34.6%)  eta_epoch: 10:15  eta_total: 18:14:11  loss: 2.0499  time: 0.247  data_time: 0.001  forward_time: 0.016  backward_time: 0.067  lr: 0.000100  max_mem: 11181M      
[2026-01-28 13:18:11]   epoch: [1/70]  step: [730/2078] (35.1%)  eta_epoch: 10:10  eta_total: 18:13:12  loss: 2.2180  time: 0.247  data_time: 0.001  forward_time: 0.016  backward_time: 0.065  lr: 0.000100  max_mem: 11181M      
[2026-01-28 13:18:18]   epoch: [1/70]  step: [740/2078] (35.6%)  eta_epoch: 10:07  eta_total: 18:15:12  loss: 2.3790  time: 0.247  data_time: 0.001  forward_time: 0.016  backward_time: 0.069  lr: 0.000100  max_mem: 11181M      
[2026-01-28 13:18:22]   epoch: [1/70]  step: [750/2078] (36.1%)  eta_epoch: 10:01  eta_total: 18:13:05  loss: 2.2170  time: 0.248  data_time: 0.001  forward_time: 0.016  backward_time: 0.064  lr: 0.000100  max_mem: 11181M      
[2026-01-28 13:18:28]   epoch: [1/70]  step: [760/2078] (36.6%)  eta_epoch: 9:58  eta_total: 18:14:42  loss: 2.2391  time: 0.247  data_time: 0.001  forward_time: 0.016  backward_time: 0.065  lr: 0.000100  max_mem: 11181M      
[2026-01-28 13:18:33]   epoch: [1/70]  step: [770/2078] (37.1%)  eta_epoch: 9:52  eta_total: 18:12:30  loss: 2.2985  time: 0.248  data_time: 0.001  forward_time: 0.015  backward_time: 0.065  lr: 0.000100  max_mem: 11181M      
[2026-01-28 13:18:38]   epoch: [1/70]  step: [780/2078] (37.5%)  eta_epoch: 9:48  eta_total: 18:12:59  loss: 2.3271  time: 0.247  data_time: 0.001  forward_time: 0.016  backward_time: 0.065  lr: 0.000100  max_mem: 11181M      
[2026-01-28 13:18:43]   epoch: [1/70]  step: [790/2078] (38.0%)  eta_epoch: 9:42  eta_total: 18:10:45  loss: 2.1423  time: 0.247  data_time: 0.001  forward_time: 0.015  backward_time: 0.065  lr: 0.000100  max_mem: 11181M      
[2026-01-28 13:18:49]   epoch: [1/70]  step: [800/2078] (38.5%)  eta_epoch: 9:38  eta_total: 18:11:30  loss: 2.3655  time: 0.247  data_time: 0.001  forward_time: 0.016  backward_time: 0.065  lr: 0.000100  max_mem: 11181M      
[2026-01-28 13:18:53]   epoch: [1/70]  step: [810/2078] (39.0%)  eta_epoch: 9:33  eta_total: 18:10:09  loss: 2.3661  time: 0.249  data_time: 0.001  forward_time: 0.041  backward_time: 0.048  lr: 0.000100  max_mem: 11181M      
[2026-01-28 13:18:58]   epoch: [1/70]  step: [820/2078] (39.5%)  eta_epoch: 9:28  eta_total: 18:09:39  loss: 2.5225  time: 0.247  data_time: 0.001  forward_time: 0.018  backward_time: 0.062  lr: 0.000100  max_mem: 11181M      
[2026-01-28 13:19:03]   epoch: [1/70]  step: [830/2078] (39.9%)  eta_epoch: 9:23  eta_total: 18:08:26  loss: 2.3675  time: 0.251  data_time: 0.002  forward_time: 0.043  backward_time: 0.054  lr: 0.000100  max_mem: 11181M      
[2026-01-28 13:19:08]   epoch: [1/70]  step: [840/2078] (40.4%)  eta_epoch: 9:18  eta_total: 18:07:35  loss: 2.4801  time: 0.248  data_time: 0.002  forward_time: 0.020  backward_time: 0.063  lr: 0.000100  max_mem: 11181M      
[2026-01-28 13:19:13]   epoch: [1/70]  step: [850/2078] (40.9%)  eta_epoch: 9:13  eta_total: 18:06:22  loss: 2.5470  time: 0.248  data_time: 0.001  forward_time: 0.038  backward_time: 0.057  lr: 0.000100  max_mem: 11181M      
[2026-01-28 13:19:18]   epoch: [1/70]  step: [860/2078] (41.4%)  eta_epoch: 9:08  eta_total: 18:05:45  loss: 2.1890  time: 0.248  data_time: 0.001  forward_time: 0.016  backward_time: 0.065  lr: 0.000100  max_mem: 11181M      
[2026-01-28 13:19:23]   epoch: [1/70]  step: [870/2078] (41.9%)  eta_epoch: 9:04  eta_total: 18:05:30  loss: 2.3298  time: 0.248  data_time: 0.001  forward_time: 0.043  backward_time: 0.040  lr: 0.000100  max_mem: 11181M      
[2026-01-28 13:19:28]   epoch: [1/70]  step: [880/2078] (42.3%)  eta_epoch: 8:58  eta_total: 18:03:26  loss: 2.4670  time: 0.248  data_time: 0.002  forward_time: 0.018  backward_time: 0.063  lr: 0.000100  max_mem: 11181M      
[2026-01-28 13:19:33]   epoch: [1/70]  step: [890/2078] (42.8%)  eta_epoch: 8:54  eta_total: 18:03:17  loss: 2.3261  time: 0.248  data_time: 0.001  forward_time: 0.040  backward_time: 0.051  lr: 0.000100  max_mem: 11181M      
[2026-01-28 13:19:37]   epoch: [1/70]  step: [900/2078] (43.3%)  eta_epoch: 8:48  eta_total: 18:01:09  loss: 2.0135  time: 0.248  data_time: 0.001  forward_time: 0.017  backward_time: 0.064  lr: 0.000100  max_mem: 11181M      
[2026-01-28 13:19:43]   epoch: [1/70]  step: [910/2078] (43.8%)  eta_epoch: 8:44  eta_total: 18:01:35  loss: 2.4844  time: 0.252  data_time: 0.001  forward_time: 0.042  backward_time: 0.043  lr: 0.000100  max_mem: 11181M      
[2026-01-28 13:19:48]   epoch: [1/70]  step: [920/2078] (44.3%)  eta_epoch: 8:39  eta_total: 18:00:43  loss: 2.3188  time: 0.248  data_time: 0.001  forward_time: 0.015  backward_time: 0.065  lr: 0.000100  max_mem: 11181M      
[2026-01-28 13:19:54]   epoch: [1/70]  step: [930/2078] (44.8%)  eta_epoch: 8:35  eta_total: 18:01:41  loss: 2.3202  time: 0.249  data_time: 0.002  forward_time: 0.044  backward_time: 0.057  lr: 0.000100  max_mem: 11181M      
[2026-01-28 13:19:58]   epoch: [1/70]  step: [940/2078] (45.2%)  eta_epoch: 8:30  eta_total: 17:59:47  loss: 2.3176  time: 0.248  data_time: 0.001  forward_time: 0.016  backward_time: 0.064  lr: 0.000100  max_mem: 11181M      
[2026-01-28 13:20:04]   epoch: [1/70]  step: [950/2078] (45.7%)  eta_epoch: 8:25  eta_total: 18:00:05  loss: 2.0794  time: 0.248  data_time: 0.001  forward_time: 0.037  backward_time: 0.052  lr: 0.000100  max_mem: 11181M      
[2026-01-28 13:20:08]   epoch: [1/70]  step: [960/2078] (46.2%)  eta_epoch: 8:20  eta_total: 17:58:40  loss: 2.3892  time: 0.247  data_time: 0.001  forward_time: 0.013  backward_time: 0.067  lr: 0.000100  max_mem: 11181M      
[2026-01-28 13:20:14]   epoch: [1/70]  step: [970/2078] (46.7%)  eta_epoch: 8:16  eta_total: 17:59:10  loss: 2.2697  time: 0.249  data_time: 0.001  forward_time: 0.043  backward_time: 0.054  lr: 0.000100  max_mem: 11181M      
[2026-01-28 13:20:18]   epoch: [1/70]  step: [980/2078] (47.2%)  eta_epoch: 8:11  eta_total: 17:57:35  loss: 2.3163  time: 0.247  data_time: 0.001  forward_time: 0.015  backward_time: 0.065  lr: 0.000100  max_mem: 11181M      
[2026-01-28 13:20:24]   epoch: [1/70]  step: [990/2078] (47.6%)  eta_epoch: 8:07  eta_total: 17:58:24  loss: 2.3872  time: 0.249  data_time: 0.001  forward_time: 0.040  backward_time: 0.053  lr: 0.000100  max_mem: 11181M      
[2026-01-28 13:20:28]   epoch: [1/70]  step: [1000/2078] (48.1%)  eta_epoch: 8:01  eta_total: 17:56:15  loss: 2.1706  time: 0.248  data_time: 0.001  forward_time: 0.016  backward_time: 0.069  lr: 0.000100  max_mem: 11181M      
[2026-01-28 13:20:34]   epoch: [1/70]  step: [1010/2078] (48.6%)  eta_epoch: 7:57  eta_total: 17:57:08  loss: 2.1878  time: 0.248  data_time: 0.001  forward_time: 0.039  backward_time: 0.052  lr: 0.000100  max_mem: 11181M      
[2026-01-28 13:20:39]   epoch: [1/70]  step: [1020/2078] (49.1%)  eta_epoch: 7:52  eta_total: 17:55:35  loss: 2.0642  time: 0.248  data_time: 0.001  forward_time: 0.018  backward_time: 0.063  lr: 0.000100  max_mem: 11181M      
[2026-01-28 13:20:44]   epoch: [1/70]  step: [1030/2078] (49.6%)  eta_epoch: 7:48  eta_total: 17:55:28  loss: 2.3300  time: 0.249  data_time: 0.002  forward_time: 0.039  backward_time: 0.052  lr: 0.000100  max_mem: 11181M      
[2026-01-28 13:20:48]   epoch: [1/70]  step: [1040/2078] (50.0%)  eta_epoch: 7:43  eta_total: 17:53:42  loss: 2.5705  time: 0.248  data_time: 0.001  forward_time: 0.015  backward_time: 0.065  lr: 0.000100  max_mem: 11181M      
[2026-01-28 13:20:54]   epoch: [1/70]  step: [1050/2078] (50.5%)  eta_epoch: 7:38  eta_total: 17:53:32  loss: 2.2096  time: 0.249  data_time: 0.001  forward_time: 0.039  backward_time: 0.063  lr: 0.000100  max_mem: 11181M      
[2026-01-28 13:20:58]   epoch: [1/70]  step: [1060/2078] (51.0%)  eta_epoch: 7:33  eta_total: 17:51:54  loss: 1.9026  time: 0.248  data_time: 0.001  forward_time: 0.015  backward_time: 0.067  lr: 0.000100  max_mem: 11181M      
[2026-01-28 13:21:04]   epoch: [1/70]  step: [1070/2078] (51.5%)  eta_epoch: 7:29  eta_total: 17:52:18  loss: 2.1020  time: 0.248  data_time: 0.001  forward_time: 0.038  backward_time: 0.060  lr: 0.000100  max_mem: 11181M      
[2026-01-28 13:21:08]   epoch: [1/70]  step: [1080/2078] (52.0%)  eta_epoch: 7:24  eta_total: 17:50:43  loss: 2.2546  time: 0.248  data_time: 0.001  forward_time: 0.014  backward_time: 0.066  lr: 0.000100  max_mem: 11181M      
[2026-01-28 13:21:13]   epoch: [1/70]  step: [1090/2078] (52.5%)  eta_epoch: 7:19  eta_total: 17:50:37  loss: 2.7096  time: 0.249  data_time: 0.001  forward_time: 0.039  backward_time: 0.053  lr: 0.000100  max_mem: 11181M      
[2026-01-28 13:21:18]   epoch: [1/70]  step: [1100/2078] (52.9%)  eta_epoch: 7:14  eta_total: 17:50:07  loss: 2.1083  time: 0.247  data_time: 0.001  forward_time: 0.016  backward_time: 0.065  lr: 0.000100  max_mem: 11181M      
[2026-01-28 13:21:23]   epoch: [1/70]  step: [1110/2078] (53.4%)  eta_epoch: 7:10  eta_total: 17:50:04  loss: 2.1237  time: 0.249  data_time: 0.001  forward_time: 0.042  backward_time: 0.053  lr: 0.000100  max_mem: 11181M      
[2026-01-28 13:21:28]   epoch: [1/70]  step: [1120/2078] (53.9%)  eta_epoch: 7:05  eta_total: 17:49:09  loss: 2.4005  time: 0.248  data_time: 0.001  forward_time: 0.016  backward_time: 0.065  lr: 0.000100  max_mem: 11181M      
[2026-01-28 13:21:34]   epoch: [1/70]  step: [1130/2078] (54.4%)  eta_epoch: 7:01  eta_total: 17:50:00  loss: 2.2638  time: 0.248  data_time: 0.001  forward_time: 0.038  backward_time: 0.052  lr: 0.000100  max_mem: 11181M      
[2026-01-28 13:21:39]   epoch: [1/70]  step: [1140/2078] (54.9%)  eta_epoch: 6:56  eta_total: 17:48:39  loss: 2.1982  time: 0.248  data_time: 0.001  forward_time: 0.016  backward_time: 0.067  lr: 0.000100  max_mem: 11181M      
[2026-01-28 13:21:44]   epoch: [1/70]  step: [1150/2078] (55.3%)  eta_epoch: 6:52  eta_total: 17:49:22  loss: 2.0992  time: 0.248  data_time: 0.001  forward_time: 0.039  backward_time: 0.040  lr: 0.000100  max_mem: 11181M      
[2026-01-28 13:21:49]   epoch: [1/70]  step: [1160/2078] (55.8%)  eta_epoch: 6:47  eta_total: 17:48:11  loss: 2.2163  time: 0.247  data_time: 0.001  forward_time: 0.015  backward_time: 0.065  lr: 0.000100  max_mem: 11181M      
[2026-01-28 13:21:55]   epoch: [1/70]  step: [1170/2078] (56.3%)  eta_epoch: 6:43  eta_total: 17:48:42  loss: 2.1707  time: 0.249  data_time: 0.002  forward_time: 0.039  backward_time: 0.050  lr: 0.000100  max_mem: 11181M      
[2026-01-28 13:21:59]   epoch: [1/70]  step: [1180/2078] (56.8%)  eta_epoch: 6:38  eta_total: 17:47:35  loss: 2.5235  time: 0.247  data_time: 0.001  forward_time: 0.017  backward_time: 0.063  lr: 0.000100  max_mem: 11181M      
[2026-01-28 13:22:05]   epoch: [1/70]  step: [1190/2078] (57.3%)  eta_epoch: 6:34  eta_total: 17:47:53  loss: 2.2983  time: 0.247  data_time: 0.001  forward_time: 0.013  backward_time: 0.069  lr: 0.000100  max_mem: 11181M      
[2026-01-28 13:22:09]   epoch: [1/70]  step: [1200/2078] (57.7%)  eta_epoch: 6:29  eta_total: 17:46:41  loss: 2.1826  time: 0.247  data_time: 0.001  forward_time: 0.016  backward_time: 0.065  lr: 0.000100  max_mem: 11181M      
[2026-01-28 13:22:14]   epoch: [1/70]  step: [1210/2078] (58.2%)  eta_epoch: 6:24  eta_total: 17:46:02  loss: 2.2947  time: 0.249  data_time: 0.001  forward_time: 0.043  backward_time: 0.052  lr: 0.000100  max_mem: 11181M      
[2026-01-28 13:22:19]   epoch: [1/70]  step: [1220/2078] (58.7%)  eta_epoch: 6:20  eta_total: 17:45:04  loss: 2.2116  time: 0.248  data_time: 0.001  forward_time: 0.016  backward_time: 0.065  lr: 0.000100  max_mem: 11181M      
[2026-01-28 13:22:24]   epoch: [1/70]  step: [1230/2078] (59.2%)  eta_epoch: 6:15  eta_total: 17:44:59  loss: 2.2570  time: 0.247  data_time: 0.001  forward_time: 0.016  backward_time: 0.065  lr: 0.000100  max_mem: 11181M      
[2026-01-28 13:22:29]   epoch: [1/70]  step: [1240/2078] (59.7%)  eta_epoch: 6:11  eta_total: 17:44:44  loss: 2.2096  time: 0.248  data_time: 0.001  forward_time: 0.016  backward_time: 0.065  lr: 0.000100  max_mem: 11181M      
[2026-01-28 13:22:34]   epoch: [1/70]  step: [1250/2078] (60.2%)  eta_epoch: 6:06  eta_total: 17:44:06  loss: 2.1208  time: 0.248  data_time: 0.001  forward_time: 0.015  backward_time: 0.065  lr: 0.000100  max_mem: 11181M      
[2026-01-28 13:22:39]   epoch: [1/70]  step: [1260/2078] (60.6%)  eta_epoch: 6:02  eta_total: 17:43:40  loss: 2.1615  time: 0.248  data_time: 0.001  forward_time: 0.017  backward_time: 0.065  lr: 0.000100  max_mem: 11181M      
[2026-01-28 13:22:44]   epoch: [1/70]  step: [1270/2078] (61.1%)  eta_epoch: 5:57  eta_total: 17:43:32  loss: 2.3563  time: 0.248  data_time: 0.001  forward_time: 0.039  backward_time: 0.051  lr: 0.000100  max_mem: 11181M      
[2026-01-28 13:22:49]   epoch: [1/70]  step: [1280/2078] (61.6%)  eta_epoch: 5:53  eta_total: 17:43:06  loss: 2.4429  time: 0.247  data_time: 0.001  forward_time: 0.016  backward_time: 0.064  lr: 0.000100  max_mem: 11181M      
[2026-01-28 13:22:55]   epoch: [1/70]  step: [1290/2078] (62.1%)  eta_epoch: 5:48  eta_total: 17:43:54  loss: 2.0006  time: 0.248  data_time: 0.001  forward_time: 0.039  backward_time: 0.054  lr: 0.000100  max_mem: 11181M      
[2026-01-28 13:22:59]   epoch: [1/70]  step: [1300/2078] (62.6%)  eta_epoch: 5:44  eta_total: 17:43:00  loss: 2.4767  time: 0.247  data_time: 0.001  forward_time: 0.015  backward_time: 0.065  lr: 0.000100  max_mem: 11181M      
[2026-01-28 13:23:05]   epoch: [1/70]  step: [1310/2078] (63.0%)  eta_epoch: 5:40  eta_total: 17:43:54  loss: 2.3971  time: 0.249  data_time: 0.001  forward_time: 0.042  backward_time: 0.058  lr: 0.000100  max_mem: 11181M      
[2026-01-28 13:23:10]   epoch: [1/70]  step: [1320/2078] (63.5%)  eta_epoch: 5:35  eta_total: 17:43:12  loss: 2.0247  time: 0.247  data_time: 0.001  forward_time: 0.016  backward_time: 0.065  lr: 0.000100  max_mem: 11181M      
[2026-01-28 13:23:16]   epoch: [1/70]  step: [1330/2078] (64.0%)  eta_epoch: 5:31  eta_total: 17:43:54  loss: 1.9327  time: 0.252  data_time: 0.001  forward_time: 0.045  backward_time: 0.057  lr: 0.000100  max_mem: 11181M      
[2026-01-28 13:23:21]   epoch: [1/70]  step: [1340/2078] (64.5%)  eta_epoch: 5:26  eta_total: 17:43:43  loss: 2.1832  time: 0.247  data_time: 0.001  forward_time: 0.016  backward_time: 0.065  lr: 0.000100  max_mem: 11181M      
[2026-01-28 13:23:27]   epoch: [1/70]  step: [1350/2078] (65.0%)  eta_epoch: 5:22  eta_total: 17:43:50  loss: 2.2767  time: 0.248  data_time: 0.001  forward_time: 0.038  backward_time: 0.054  lr: 0.000100  max_mem: 11181M      
[2026-01-28 13:23:32]   epoch: [1/70]  step: [1360/2078] (65.4%)  eta_epoch: 5:18  eta_total: 17:43:50  loss: 2.3951  time: 0.248  data_time: 0.001  forward_time: 0.016  backward_time: 0.065  lr: 0.000100  max_mem: 11181M      
[2026-01-28 13:23:38]   epoch: [1/70]  step: [1370/2078] (65.9%)  eta_epoch: 5:13  eta_total: 17:44:41  loss: 2.0092  time: 0.248  data_time: 0.001  forward_time: 0.040  backward_time: 0.051  lr: 0.000100  max_mem: 11181M      
[2026-01-28 13:23:43]   epoch: [1/70]  step: [1380/2078] (66.4%)  eta_epoch: 5:09  eta_total: 17:44:26  loss: 2.3008  time: 0.247  data_time: 0.001  forward_time: 0.016  backward_time: 0.065  lr: 0.000100  max_mem: 11181M      
[2026-01-28 13:23:49]   epoch: [1/70]  step: [1390/2078] (66.9%)  eta_epoch: 5:05  eta_total: 17:44:58  loss: 2.0802  time: 0.249  data_time: 0.001  forward_time: 0.040  backward_time: 0.052  lr: 0.000100  max_mem: 11181M      
[2026-01-28 13:23:54]   epoch: [1/70]  step: [1400/2078] (67.4%)  eta_epoch: 5:00  eta_total: 17:44:13  loss: 2.2523  time: 0.247  data_time: 0.001  forward_time: 0.015  backward_time: 0.065  lr: 0.000100  max_mem: 11181M      
[2026-01-28 13:24:00]   epoch: [1/70]  step: [1410/2078] (67.9%)  eta_epoch: 4:56  eta_total: 17:45:02  loss: 2.4054  time: 0.248  data_time: 0.001  forward_time: 0.039  backward_time: 0.057  lr: 0.000100  max_mem: 11181M      
[2026-01-28 13:24:05]   epoch: [1/70]  step: [1420/2078] (68.3%)  eta_epoch: 4:51  eta_total: 17:44:41  loss: 2.2037  time: 0.248  data_time: 0.001  forward_time: 0.015  backward_time: 0.065  lr: 0.000100  max_mem: 11181M      
[2026-01-28 13:24:11]   epoch: [1/70]  step: [1430/2078] (68.8%)  eta_epoch: 4:47  eta_total: 17:45:43  loss: 2.4124  time: 0.248  data_time: 0.001  forward_time: 0.039  backward_time: 0.051  lr: 0.000100  max_mem: 11181M      
[2026-01-28 13:24:16]   epoch: [1/70]  step: [1440/2078] (69.3%)  eta_epoch: 4:43  eta_total: 17:44:58  loss: 2.2819  time: 0.248  data_time: 0.001  forward_time: 0.016  backward_time: 0.065  lr: 0.000100  max_mem: 11181M      
[2026-01-28 13:24:22]   epoch: [1/70]  step: [1450/2078] (69.8%)  eta_epoch: 4:38  eta_total: 17:46:04  loss: 2.5494  time: 0.249  data_time: 0.001  forward_time: 0.041  backward_time: 0.051  lr: 0.000100  max_mem: 11181M      
[2026-01-28 13:24:27]   epoch: [1/70]  step: [1460/2078] (70.3%)  eta_epoch: 4:34  eta_total: 17:45:38  loss: 2.1661  time: 0.247  data_time: 0.001  forward_time: 0.018  backward_time: 0.063  lr: 0.000100  max_mem: 11181M      
[2026-01-28 13:24:33]   epoch: [1/70]  step: [1470/2078] (70.7%)  eta_epoch: 4:30  eta_total: 17:46:11  loss: 2.1987  time: 0.248  data_time: 0.001  forward_time: 0.038  backward_time: 0.051  lr: 0.000100  max_mem: 11181M      
[2026-01-28 13:24:38]   epoch: [1/70]  step: [1480/2078] (71.2%)  eta_epoch: 4:25  eta_total: 17:45:18  loss: 2.3099  time: 0.248  data_time: 0.001  forward_time: 0.016  backward_time: 0.064  lr: 0.000100  max_mem: 11181M      
[2026-01-28 13:24:44]   epoch: [1/70]  step: [1490/2078] (71.7%)  eta_epoch: 4:21  eta_total: 17:46:09  loss: 2.2354  time: 0.248  data_time: 0.001  forward_time: 0.027  backward_time: 0.056  lr: 0.000100  max_mem: 11181M      
[2026-01-28 13:24:49]   epoch: [1/70]  step: [1500/2078] (72.2%)  eta_epoch: 4:16  eta_total: 17:45:34  loss: 2.2557  time: 0.247  data_time: 0.001  forward_time: 0.015  backward_time: 0.068  lr: 0.000100  max_mem: 11181M      
[2026-01-28 13:24:55]   epoch: [1/70]  step: [1510/2078] (72.7%)  eta_epoch: 4:12  eta_total: 17:46:19  loss: 2.0496  time: 0.248  data_time: 0.001  forward_time: 0.042  backward_time: 0.050  lr: 0.000100  max_mem: 11181M      
[2026-01-28 13:25:00]   epoch: [1/70]  step: [1520/2078] (73.1%)  eta_epoch: 4:07  eta_total: 17:45:50  loss: 2.4203  time: 0.247  data_time: 0.001  forward_time: 0.017  backward_time: 0.066  lr: 0.000100  max_mem: 11181M      
[2026-01-28 13:25:06]   epoch: [1/70]  step: [1530/2078] (73.6%)  eta_epoch: 4:03  eta_total: 17:46:50  loss: 2.4328  time: 0.248  data_time: 0.001  forward_time: 0.038  backward_time: 0.051  lr: 0.000100  max_mem: 11181M      
[2026-01-28 13:25:11]   epoch: [1/70]  step: [1540/2078] (74.1%)  eta_epoch: 3:59  eta_total: 17:46:33  loss: 2.3416  time: 0.247  data_time: 0.001  forward_time: 0.015  backward_time: 0.065  lr: 0.000100  max_mem: 11181M      
[2026-01-28 13:25:17]   epoch: [1/70]  step: [1550/2078] (74.6%)  eta_epoch: 3:55  eta_total: 17:47:31  loss: 1.8818  time: 0.249  data_time: 0.001  forward_time: 0.040  backward_time: 0.042  lr: 0.000100  max_mem: 11181M      
[2026-01-28 13:25:22]   epoch: [1/70]  step: [1560/2078] (75.1%)  eta_epoch: 3:50  eta_total: 17:47:19  loss: 2.3350  time: 0.247  data_time: 0.001  forward_time: 0.016  backward_time: 0.065  lr: 0.000100  max_mem: 11181M      
[2026-01-28 13:25:28]   epoch: [1/70]  step: [1570/2078] (75.6%)  eta_epoch: 3:46  eta_total: 17:47:59  loss: 2.4676  time: 0.249  data_time: 0.001  forward_time: 0.040  backward_time: 0.074  lr: 0.000100  max_mem: 11181M      
[2026-01-28 13:25:33]   epoch: [1/70]  step: [1580/2078] (76.0%)  eta_epoch: 3:41  eta_total: 17:47:34  loss: 2.3557  time: 0.247  data_time: 0.001  forward_time: 0.016  backward_time: 0.066  lr: 0.000100  max_mem: 11181M      
[2026-01-28 13:25:39]   epoch: [1/70]  step: [1590/2078] (76.5%)  eta_epoch: 3:37  eta_total: 17:47:58  loss: 2.4814  time: 0.248  data_time: 0.001  forward_time: 0.037  backward_time: 0.055  lr: 0.000100  max_mem: 11181M      
[2026-01-28 13:25:44]   epoch: [1/70]  step: [1600/2078] (77.0%)  eta_epoch: 3:32  eta_total: 17:47:29  loss: 2.3628  time: 0.247  data_time: 0.001  forward_time: 0.015  backward_time: 0.065  lr: 0.000100  max_mem: 11181M      
[2026-01-28 13:25:50]   epoch: [1/70]  step: [1610/2078] (77.5%)  eta_epoch: 3:28  eta_total: 17:48:06  loss: 2.0368  time: 0.249  data_time: 0.001  forward_time: 0.044  backward_time: 0.052  lr: 0.000100  max_mem: 11181M      
[2026-01-28 13:25:55]   epoch: [1/70]  step: [1620/2078] (78.0%)  eta_epoch: 3:23  eta_total: 17:47:24  loss: 2.3298  time: 0.248  data_time: 0.001  forward_time: 0.016  backward_time: 0.065  lr: 0.000100  max_mem: 11181M      
[2026-01-28 13:26:01]   epoch: [1/70]  step: [1630/2078] (78.4%)  eta_epoch: 3:19  eta_total: 17:48:04  loss: 2.4614  time: 0.248  data_time: 0.001  forward_time: 0.016  backward_time: 0.066  lr: 0.000100  max_mem: 11181M      
[2026-01-28 13:26:06]   epoch: [1/70]  step: [1640/2078] (78.9%)  eta_epoch: 3:15  eta_total: 17:47:54  loss: 2.2897  time: 0.248  data_time: 0.001  forward_time: 0.017  backward_time: 0.064  lr: 0.000100  max_mem: 11181M      
[2026-01-28 13:26:12]   epoch: [1/70]  step: [1650/2078] (79.4%)  eta_epoch: 3:10  eta_total: 17:48:33  loss: 2.4509  time: 0.247  data_time: 0.001  forward_time: 0.023  backward_time: 0.056  lr: 0.000100  max_mem: 11181M      
[2026-01-28 13:26:17]   epoch: [1/70]  step: [1660/2078] (79.9%)  eta_epoch: 3:06  eta_total: 17:48:08  loss: 2.2622  time: 0.247  data_time: 0.001  forward_time: 0.015  backward_time: 0.066  lr: 0.000100  max_mem: 11181M      
[2026-01-28 13:26:22]   epoch: [1/70]  step: [1670/2078] (80.4%)  eta_epoch: 3:01  eta_total: 17:48:28  loss: 2.0738  time: 0.248  data_time: 0.001  forward_time: 0.038  backward_time: 0.056  lr: 0.000100  max_mem: 11181M      
[2026-01-28 13:26:28]   epoch: [1/70]  step: [1680/2078] (80.8%)  eta_epoch: 2:57  eta_total: 17:48:41  loss: 2.3020  time: 0.248  data_time: 0.001  forward_time: 0.020  backward_time: 0.062  lr: 0.000100  max_mem: 11181M      
[2026-01-28 13:26:33]   epoch: [1/70]  step: [1690/2078] (81.3%)  eta_epoch: 2:53  eta_total: 17:48:51  loss: 2.1925  time: 0.250  data_time: 0.001  forward_time: 0.044  backward_time: 0.053  lr: 0.000100  max_mem: 11181M      
[2026-01-28 13:26:39]   epoch: [1/70]  step: [1700/2078] (81.8%)  eta_epoch: 2:48  eta_total: 17:48:43  loss: 2.2432  time: 0.248  data_time: 0.001  forward_time: 0.016  backward_time: 0.064  lr: 0.000100  max_mem: 11181M      
[2026-01-28 13:26:44]   epoch: [1/70]  step: [1710/2078] (82.3%)  eta_epoch: 2:44  eta_total: 17:49:09  loss: 2.3286  time: 0.247  data_time: 0.001  forward_time: 0.015  backward_time: 0.064  lr: 0.000100  max_mem: 11181M      
[2026-01-28 13:26:49]   epoch: [1/70]  step: [1720/2078] (82.8%)  eta_epoch: 2:39  eta_total: 17:48:38  loss: 2.2579  time: 0.249  data_time: 0.002  forward_time: 0.017  backward_time: 0.064  lr: 0.000100  max_mem: 11181M      
[2026-01-28 13:26:55]   epoch: [1/70]  step: [1730/2078] (83.3%)  eta_epoch: 2:35  eta_total: 17:49:10  loss: 2.1084  time: 0.249  data_time: 0.001  forward_time: 0.049  backward_time: 0.052  lr: 0.000100  max_mem: 11181M      
[2026-01-28 13:27:00]   epoch: [1/70]  step: [1740/2078] (83.7%)  eta_epoch: 2:30  eta_total: 17:48:21  loss: 2.1946  time: 0.248  data_time: 0.001  forward_time: 0.016  backward_time: 0.066  lr: 0.000100  max_mem: 11181M      
[2026-01-28 13:27:06]   epoch: [1/70]  step: [1750/2078] (84.2%)  eta_epoch: 2:26  eta_total: 17:49:09  loss: 2.4122  time: 0.248  data_time: 0.001  forward_time: 0.041  backward_time: 0.054  lr: 0.000100  max_mem: 11181M      
[2026-01-28 13:27:11]   epoch: [1/70]  step: [1760/2078] (84.7%)  eta_epoch: 2:21  eta_total: 17:48:55  loss: 2.1098  time: 0.247  data_time: 0.001  forward_time: 0.016  backward_time: 0.068  lr: 0.000100  max_mem: 11181M      
[2026-01-28 13:27:17]   epoch: [1/70]  step: [1770/2078] (85.2%)  eta_epoch: 2:17  eta_total: 17:49:34  loss: 2.1532  time: 0.249  data_time: 0.001  forward_time: 0.044  backward_time: 0.052  lr: 0.000100  max_mem: 11181M      
[2026-01-28 13:27:22]   epoch: [1/70]  step: [1780/2078] (85.7%)  eta_epoch: 2:13  eta_total: 17:49:02  loss: 2.0687  time: 0.248  data_time: 0.001  forward_time: 0.015  backward_time: 0.070  lr: 0.000100  max_mem: 11181M      
[2026-01-28 13:27:28]   epoch: [1/70]  step: [1790/2078] (86.1%)  eta_epoch: 2:08  eta_total: 17:49:19  loss: 2.2662  time: 0.249  data_time: 0.001  forward_time: 0.040  backward_time: 0.052  lr: 0.000100  max_mem: 11181M      
[2026-01-28 13:27:33]   epoch: [1/70]  step: [1800/2078] (86.6%)  eta_epoch: 2:04  eta_total: 17:49:18  loss: 2.4255  time: 0.248  data_time: 0.001  forward_time: 0.015  backward_time: 0.065  lr: 0.000100  max_mem: 11181M      
[2026-01-28 13:27:40]   epoch: [1/70]  step: [1810/2078] (87.1%)  eta_epoch: 1:59  eta_total: 17:50:23  loss: 2.5342  time: 0.249  data_time: 0.001  forward_time: 0.040  backward_time: 0.051  lr: 0.000100  max_mem: 11181M      
[2026-01-28 13:27:45]   epoch: [1/70]  step: [1820/2078] (87.6%)  eta_epoch: 1:55  eta_total: 17:49:48  loss: 2.1005  time: 0.248  data_time: 0.001  forward_time: 0.017  backward_time: 0.063  lr: 0.000100  max_mem: 11181M      
[2026-01-28 13:27:51]   epoch: [1/70]  step: [1830/2078] (88.1%)  eta_epoch: 1:50  eta_total: 17:50:25  loss: 2.1456  time: 0.248  data_time: 0.001  forward_time: 0.040  backward_time: 0.050  lr: 0.000100  max_mem: 11181M      
[2026-01-28 13:27:56]   epoch: [1/70]  step: [1840/2078] (88.5%)  eta_epoch: 1:46  eta_total: 17:50:20  loss: 2.0564  time: 0.247  data_time: 0.001  forward_time: 0.015  backward_time: 0.065  lr: 0.000100  max_mem: 11181M      
[2026-01-28 13:28:02]   epoch: [1/70]  step: [1850/2078] (89.0%)  eta_epoch: 1:42  eta_total: 17:50:58  loss: 2.2290  time: 0.249  data_time: 0.001  forward_time: 0.038  backward_time: 0.053  lr: 0.000100  max_mem: 11181M      
[2026-01-28 13:28:07]   epoch: [1/70]  step: [1860/2078] (89.5%)  eta_epoch: 1:37  eta_total: 17:50:27  loss: 2.2027  time: 0.247  data_time: 0.001  forward_time: 0.016  backward_time: 0.065  lr: 0.000100  max_mem: 11181M      
[2026-01-28 13:28:13]   epoch: [1/70]  step: [1870/2078] (90.0%)  eta_epoch: 1:33  eta_total: 17:51:18  loss: 2.1756  time: 0.248  data_time: 0.001  forward_time: 0.045  backward_time: 0.051  lr: 0.000100  max_mem: 11181M      
[2026-01-28 13:28:19]   epoch: [1/70]  step: [1880/2078] (90.5%)  eta_epoch: 1:28  eta_total: 17:51:12  loss: 2.1955  time: 0.247  data_time: 0.001  forward_time: 0.016  backward_time: 0.065  lr: 0.000100  max_mem: 11181M      
[2026-01-28 13:28:25]   epoch: [1/70]  step: [1890/2078] (91.0%)  eta_epoch: 1:24  eta_total: 17:51:48  loss: 2.2593  time: 0.248  data_time: 0.001  forward_time: 0.040  backward_time: 0.052  lr: 0.000100  max_mem: 11181M      
[2026-01-28 13:28:30]   epoch: [1/70]  step: [1900/2078] (91.4%)  eta_epoch: 1:19  eta_total: 17:51:28  loss: 2.0070  time: 0.248  data_time: 0.002  forward_time: 0.019  backward_time: 0.062  lr: 0.000100  max_mem: 11181M      
[2026-01-28 13:28:35]   epoch: [1/70]  step: [1910/2078] (91.9%)  eta_epoch: 1:15  eta_total: 17:51:51  loss: 2.1848  time: 0.248  data_time: 0.001  forward_time: 0.040  backward_time: 0.059  lr: 0.000100  max_mem: 11181M      
[2026-01-28 13:28:41]   epoch: [1/70]  step: [1920/2078] (92.4%)  eta_epoch: 1:10  eta_total: 17:51:42  loss: 2.0590  time: 0.248  data_time: 0.001  forward_time: 0.015  backward_time: 0.065  lr: 0.000100  max_mem: 11181M      
[2026-01-28 13:28:47]   epoch: [1/70]  step: [1930/2078] (92.9%)  eta_epoch: 1:06  eta_total: 17:52:24  loss: 2.1624  time: 0.248  data_time: 0.001  forward_time: 0.038  backward_time: 0.051  lr: 0.000100  max_mem: 11181M      
[2026-01-28 13:28:52]   epoch: [1/70]  step: [1940/2078] (93.4%)  eta_epoch: 1:01  eta_total: 17:51:56  loss: 2.1724  time: 0.247  data_time: 0.001  forward_time: 0.015  backward_time: 0.065  lr: 0.000100  max_mem: 11181M      
[2026-01-28 13:28:58]   epoch: [1/70]  step: [1950/2078] (93.8%)  eta_epoch: 0:57  eta_total: 17:52:22  loss: 2.2886  time: 0.248  data_time: 0.001  forward_time: 0.039  backward_time: 0.052  lr: 0.000100  max_mem: 11181M      
[2026-01-28 13:29:03]   epoch: [1/70]  step: [1960/2078] (94.3%)  eta_epoch: 0:52  eta_total: 17:51:41  loss: 2.4980  time: 0.248  data_time: 0.002  forward_time: 0.016  backward_time: 0.066  lr: 0.000100  max_mem: 11181M      
[2026-01-28 13:29:09]   epoch: [1/70]  step: [1970/2078] (94.8%)  eta_epoch: 0:48  eta_total: 17:52:25  loss: 2.2805  time: 0.251  data_time: 0.002  forward_time: 0.049  backward_time: 0.057  lr: 0.000100  max_mem: 11181M      
[2026-01-28 13:29:14]   epoch: [1/70]  step: [1980/2078] (95.3%)  eta_epoch: 0:43  eta_total: 17:52:03  loss: 2.3498  time: 0.248  data_time: 0.002  forward_time: 0.017  backward_time: 0.064  lr: 0.000100  max_mem: 11181M      
[2026-01-28 13:29:20]   epoch: [1/70]  step: [1990/2078] (95.8%)  eta_epoch: 0:39  eta_total: 17:52:35  loss: 2.2403  time: 0.248  data_time: 0.001  forward_time: 0.040  backward_time: 0.069  lr: 0.000100  max_mem: 11181M      
[2026-01-28 13:29:25]   epoch: [1/70]  step: [2000/2078] (96.2%)  eta_epoch: 0:34  eta_total: 17:52:32  loss: 2.2637  time: 0.247  data_time: 0.001  forward_time: 0.015  backward_time: 0.065  lr: 0.000100  max_mem: 11181M      
[2026-01-28 13:29:31]   epoch: [1/70]  step: [2010/2078] (96.7%)  eta_epoch: 0:30  eta_total: 17:52:51  loss: 1.9766  time: 0.249  data_time: 0.001  forward_time: 0.040  backward_time: 0.055  lr: 0.000100  max_mem: 11181M      
[2026-01-28 13:29:36]   epoch: [1/70]  step: [2020/2078] (97.2%)  eta_epoch: 0:26  eta_total: 17:52:53  loss: 2.3579  time: 0.248  data_time: 0.001  forward_time: 0.037  backward_time: 0.053  lr: 0.000100  max_mem: 11181M      
[2026-01-28 13:29:43]   epoch: [1/70]  step: [2030/2078] (97.7%)  eta_epoch: 0:21  eta_total: 17:53:24  loss: 2.2927  time: 0.248  data_time: 0.001  forward_time: 0.039  backward_time: 0.052  lr: 0.000100  max_mem: 11181M      
[2026-01-28 13:29:47]   epoch: [1/70]  step: [2040/2078] (98.2%)  eta_epoch: 0:17  eta_total: 17:52:51  loss: 2.2287  time: 0.248  data_time: 0.001  forward_time: 0.016  backward_time: 0.065  lr: 0.000100  max_mem: 11181M      
[2026-01-28 13:29:53]   epoch: [1/70]  step: [2050/2078] (98.7%)  eta_epoch: 0:12  eta_total: 17:53:04  loss: 2.2880  time: 0.248  data_time: 0.001  forward_time: 0.039  backward_time: 0.044  lr: 0.000100  max_mem: 11181M      
[2026-01-28 13:29:58]   epoch: [1/70]  step: [2060/2078] (99.1%)  eta_epoch: 0:08  eta_total: 17:52:52  loss: 2.2158  time: 0.247  data_time: 0.001  forward_time: 0.016  backward_time: 0.066  lr: 0.000100  max_mem: 11181M      
[2026-01-28 13:30:04]   epoch: [1/70]  step: [2070/2078] (99.6%)  eta_epoch: 0:03  eta_total: 17:53:37  loss: 2.1353  time: 0.266  data_time: 0.002  forward_time: 0.098  backward_time: 0.056  lr: 0.000100  max_mem: 11181M      
[2026-01-28 13:30:08]   epoch: [1/70]  step: [2078/2078] (100.0%)  eta_epoch: 0:00  eta_total: 17:51:54  loss: 2.3879  time: 0.196  data_time: 0.001  forward_time: 0.092  backward_time: 0.097  lr: 0.000100  max_mem: 11181M      
[2026-01-28 13:30:08]   [epoch 1 training completed] avg_loss: 2.4223  epoch_time: 1111.50s  avg_data_time: 0.001s  avg_forward_time: 0.027s  avg_backward_time: 0.061s  avg_step_time: 0.247s  throughput: 89.7 samples/s    
[2026-01-28 13:30:08]   Validating epoch[1/70]...    
[2026-01-28 13:33:21]   
============================================================    
[2026-01-28 13:33:21]   [Epoch 1/70] Validation Results:    
[2026-01-28 13:33:21]     Train Loss:     2.4223    
[2026-01-28 13:33:21]     Top-1 Acc:       0.3542 (35.42%)    
[2026-01-28 13:33:21]     Top-5 Acc:       0.7610 (76.10%)    
[2026-01-28 13:33:21]     Precision:      0.2286    
[2026-01-28 13:33:21]     Recall:          0.3549    
[2026-01-28 13:33:21]     Specificity:     0.9680    
[2026-01-28 13:33:21]     F1-Score:        0.2600    
[2026-01-28 13:33:21]     AUC:             0.7172    
[2026-01-28 13:33:21]     Overall Acc:     0.3549    
[2026-01-28 13:33:21]   ============================================================
    
[2026-01-28 13:33:21]   
Saving checkpoint...    
[2026-01-28 13:33:38]   epoch: [2/70]  step: [10/2078] (0.5%)  eta_epoch: 19:54  eta_total: 20:36:13  loss: 2.4106  time: 0.247  data_time: 0.002  forward_time: 0.022  backward_time: 0.075  lr: 0.000100  max_mem: 11209M      
[2026-01-28 13:33:43]   epoch: [2/70]  step: [20/2078] (1.0%)  eta_epoch: 17:02  eta_total: 20:34:54  loss: 2.3434  time: 0.247  data_time: 0.002  forward_time: 0.017  backward_time: 0.069  lr: 0.000100  max_mem: 11209M      
[2026-01-28 13:33:49]   epoch: [2/70]  step: [30/2078] (1.4%)  eta_epoch: 17:04  eta_total: 20:34:32  loss: 2.0057  time: 0.247  data_time: 0.001  forward_time: 0.020  backward_time: 0.060  lr: 0.000100  max_mem: 11209M      
[2026-01-28 13:33:54]   epoch: [2/70]  step: [40/2078] (1.9%)  eta_epoch: 16:11  eta_total: 20:33:08  loss: 2.5258  time: 0.247  data_time: 0.001  forward_time: 0.016  backward_time: 0.066  lr: 0.000100  max_mem: 11209M      
[2026-01-28 13:34:00]   epoch: [2/70]  step: [50/2078] (2.4%)  eta_epoch: 16:13  eta_total: 20:33:13  loss: 2.1135  time: 0.247  data_time: 0.001  forward_time: 0.016  backward_time: 0.067  lr: 0.000100  max_mem: 11209M      
[2026-01-28 13:34:05]   epoch: [2/70]  step: [60/2078] (2.9%)  eta_epoch: 15:50  eta_total: 20:32:16  loss: 2.0757  time: 0.249  data_time: 0.002  forward_time: 0.015  backward_time: 0.066  lr: 0.000100  max_mem: 11209M      
[2026-01-28 13:34:11]   epoch: [2/70]  step: [70/2078] (3.4%)  eta_epoch: 15:49  eta_total: 20:31:53  loss: 2.4529  time: 0.247  data_time: 0.002  forward_time: 0.017  backward_time: 0.064  lr: 0.000100  max_mem: 11209M      
[2026-01-28 13:34:16]   epoch: [2/70]  step: [80/2078] (3.8%)  eta_epoch: 15:28  eta_total: 20:30:38  loss: 1.9477  time: 0.247  data_time: 0.001  forward_time: 0.016  backward_time: 0.065  lr: 0.000100  max_mem: 11209M      
[2026-01-28 13:34:22]   epoch: [2/70]  step: [90/2078] (4.3%)  eta_epoch: 15:37  eta_total: 20:30:49  loss: 2.4179  time: 0.248  data_time: 0.001  forward_time: 0.041  backward_time: 0.042  lr: 0.000100  max_mem: 11209M      
[2026-01-28 13:34:27]   epoch: [2/70]  step: [100/2078] (4.8%)  eta_epoch: 15:21  eta_total: 20:29:38  loss: 2.2913  time: 0.247  data_time: 0.001  forward_time: 0.016  backward_time: 0.065  lr: 0.000100  max_mem: 11209M      
[2026-01-28 13:34:32]   epoch: [2/70]  step: [110/2078] (5.3%)  eta_epoch: 15:12  eta_total: 20:28:41  loss: 2.0462  time: 0.247  data_time: 0.001  forward_time: 0.016  backward_time: 0.070  lr: 0.000100  max_mem: 11209M      
[2026-01-28 13:34:37]   epoch: [2/70]  step: [120/2078] (5.8%)  eta_epoch: 14:57  eta_total: 20:27:21  loss: 2.5210  time: 0.247  data_time: 0.002  forward_time: 0.016  backward_time: 0.065  lr: 0.000100  max_mem: 11209M      
[2026-01-28 13:34:42]   epoch: [2/70]  step: [130/2078] (6.3%)  eta_epoch: 14:53  eta_total: 20:26:46  loss: 2.3259  time: 0.247  data_time: 0.001  forward_time: 0.017  backward_time: 0.064  lr: 0.000100  max_mem: 11209M      
[2026-01-28 13:34:47]   epoch: [2/70]  step: [140/2078] (6.7%)  eta_epoch: 14:43  eta_total: 20:25:35  loss: 1.9715  time: 0.247  data_time: 0.001  forward_time: 0.017  backward_time: 0.065  lr: 0.000100  max_mem: 11209M      
[2026-01-28 13:34:53]   epoch: [2/70]  step: [150/2078] (7.2%)  eta_epoch: 14:40  eta_total: 20:25:03  loss: 2.2561  time: 0.247  data_time: 0.001  forward_time: 0.012  backward_time: 0.069  lr: 0.000100  max_mem: 11209M      
[2026-01-28 13:34:58]   epoch: [2/70]  step: [160/2078] (7.7%)  eta_epoch: 14:28  eta_total: 20:23:45  loss: 2.2955  time: 0.248  data_time: 0.001  forward_time: 0.017  backward_time: 0.065  lr: 0.000100  max_mem: 11209M      
[2026-01-28 13:35:04]   epoch: [2/70]  step: [170/2078] (8.2%)  eta_epoch: 14:28  eta_total: 20:23:32  loss: 2.1524  time: 0.248  data_time: 0.001  forward_time: 0.017  backward_time: 0.066  lr: 0.000100  max_mem: 11209M      
[2026-01-28 13:35:08]   epoch: [2/70]  step: [180/2078] (8.7%)  eta_epoch: 14:16  eta_total: 20:22:01  loss: 2.2510  time: 0.247  data_time: 0.002  forward_time: 0.016  backward_time: 0.065  lr: 0.000100  max_mem: 11209M      
[2026-01-28 13:35:14]   epoch: [2/70]  step: [190/2078] (9.1%)  eta_epoch: 14:15  eta_total: 20:21:38  loss: 2.5614  time: 0.247  data_time: 0.001  forward_time: 0.016  backward_time: 0.064  lr: 0.000100  max_mem: 11209M      
[2026-01-28 13:35:19]   epoch: [2/70]  step: [200/2078] (9.6%)  eta_epoch: 14:07  eta_total: 20:20:32  loss: 1.8608  time: 0.247  data_time: 0.001  forward_time: 0.016  backward_time: 0.065  lr: 0.000100  max_mem: 11209M      
[2026-01-28 13:35:25]   epoch: [2/70]  step: [210/2078] (10.1%)  eta_epoch: 14:08  eta_total: 20:20:31  loss: 2.3185  time: 0.249  data_time: 0.001  forward_time: 0.041  backward_time: 0.052  lr: 0.000100  max_mem: 11209M      
[2026-01-28 13:35:30]   epoch: [2/70]  step: [220/2078] (10.6%)  eta_epoch: 14:00  eta_total: 20:19:22  loss: 2.0182  time: 0.247  data_time: 0.001  forward_time: 0.016  backward_time: 0.064  lr: 0.000100  max_mem: 11209M      
[2026-01-28 13:35:36]   epoch: [2/70]  step: [230/2078] (11.1%)  eta_epoch: 13:59  eta_total: 20:19:10  loss: 2.0806  time: 0.248  data_time: 0.001  forward_time: 0.039  backward_time: 0.050  lr: 0.000100  max_mem: 11209M      
[2026-01-28 13:35:41]   epoch: [2/70]  step: [240/2078] (11.5%)  eta_epoch: 13:51  eta_total: 20:18:02  loss: 2.0954  time: 0.248  data_time: 0.002  forward_time: 0.017  backward_time: 0.064  lr: 0.000100  max_mem: 11209M      
[2026-01-28 13:35:46]   epoch: [2/70]  step: [250/2078] (12.0%)  eta_epoch: 13:47  eta_total: 20:17:31  loss: 1.9388  time: 0.248  data_time: 0.001  forward_time: 0.043  backward_time: 0.053  lr: 0.000100  max_mem: 11209M      
[2026-01-28 13:35:51]   epoch: [2/70]  step: [260/2078] (12.5%)  eta_epoch: 13:39  eta_total: 20:16:19  loss: 2.1952  time: 0.247  data_time: 0.001  forward_time: 0.016  backward_time: 0.067  lr: 0.000100  max_mem: 11209M      
[2026-01-28 13:35:56]   epoch: [2/70]  step: [270/2078] (13.0%)  eta_epoch: 13:34  eta_total: 20:15:34  loss: 2.0375  time: 0.248  data_time: 0.001  forward_time: 0.040  backward_time: 0.053  lr: 0.000100  max_mem: 11209M      
[2026-01-28 13:36:01]   epoch: [2/70]  step: [280/2078] (13.5%)  eta_epoch: 13:25  eta_total: 20:14:16  loss: 2.1188  time: 0.247  data_time: 0.001  forward_time: 0.016  backward_time: 0.065  lr: 0.000100  max_mem: 11209M      
[2026-01-28 13:36:06]   epoch: [2/70]  step: [290/2078] (14.0%)  eta_epoch: 13:22  eta_total: 20:13:56  loss: 2.3150  time: 0.248  data_time: 0.001  forward_time: 0.039  backward_time: 0.059  lr: 0.000100  max_mem: 11209M      
[2026-01-28 13:36:11]   epoch: [2/70]  step: [300/2078] (14.4%)  eta_epoch: 13:15  eta_total: 20:12:40  loss: 2.0186  time: 0.247  data_time: 0.001  forward_time: 0.016  backward_time: 0.065  lr: 0.000100  max_mem: 11209M      
[2026-01-28 13:36:16]   epoch: [2/70]  step: [310/2078] (14.9%)  eta_epoch: 13:11  eta_total: 20:12:09  loss: 2.0961  time: 0.249  data_time: 0.001  forward_time: 0.041  backward_time: 0.054  lr: 0.000100  max_mem: 11209M      
[2026-01-28 13:36:21]   epoch: [2/70]  step: [320/2078] (15.4%)  eta_epoch: 13:05  eta_total: 20:11:11  loss: 2.0699  time: 0.247  data_time: 0.001  forward_time: 0.016  backward_time: 0.065  lr: 0.000100  max_mem: 11209M      
[2026-01-28 13:36:27]   epoch: [2/70]  step: [330/2078] (15.9%)  eta_epoch: 13:02  eta_total: 20:10:43  loss: 2.1349  time: 0.248  data_time: 0.001  forward_time: 0.038  backward_time: 0.053  lr: 0.000100  max_mem: 11209M      
[2026-01-28 13:36:32]   epoch: [2/70]  step: [340/2078] (16.4%)  eta_epoch: 12:56  eta_total: 20:09:38  loss: 2.1906  time: 0.247  data_time: 0.001  forward_time: 0.015  backward_time: 0.065  lr: 0.000100  max_mem: 11209M      
[2026-01-28 13:36:38]   epoch: [2/70]  step: [350/2078] (16.8%)  eta_epoch: 12:52  eta_total: 20:09:15  loss: 2.3327  time: 0.248  data_time: 0.001  forward_time: 0.044  backward_time: 0.059  lr: 0.000100  max_mem: 11209M      
[2026-01-28 13:36:42]   epoch: [2/70]  step: [360/2078] (17.3%)  eta_epoch: 12:45  eta_total: 20:07:59  loss: 2.0260  time: 0.248  data_time: 0.001  forward_time: 0.016  backward_time: 0.065  lr: 0.000100  max_mem: 11209M      
[2026-01-28 13:36:48]   epoch: [2/70]  step: [370/2078] (17.8%)  eta_epoch: 12:41  eta_total: 20:07:27  loss: 1.9991  time: 0.248  data_time: 0.001  forward_time: 0.037  backward_time: 0.053  lr: 0.000100  max_mem: 11209M      
[2026-01-28 13:36:52]   epoch: [2/70]  step: [380/2078] (18.3%)  eta_epoch: 12:34  eta_total: 20:06:08  loss: 2.0121  time: 0.248  data_time: 0.001  forward_time: 0.016  backward_time: 0.065  lr: 0.000100  max_mem: 11209M      
[2026-01-28 13:36:57]   epoch: [2/70]  step: [390/2078] (18.8%)  eta_epoch: 12:30  eta_total: 20:05:31  loss: 2.3380  time: 0.248  data_time: 0.002  forward_time: 0.021  backward_time: 0.060  lr: 0.000100  max_mem: 11209M      
[2026-01-28 13:37:02]   epoch: [2/70]  step: [400/2078] (19.2%)  eta_epoch: 12:23  eta_total: 20:04:16  loss: 2.0301  time: 0.247  data_time: 0.001  forward_time: 0.018  backward_time: 0.062  lr: 0.000100  max_mem: 11209M      
[2026-01-28 13:37:07]   epoch: [2/70]  step: [410/2078] (19.7%)  eta_epoch: 12:19  eta_total: 20:03:41  loss: 2.2914  time: 0.251  data_time: 0.001  forward_time: 0.060  backward_time: 0.052  lr: 0.000100  max_mem: 11209M      
[2026-01-28 13:37:12]   epoch: [2/70]  step: [420/2078] (20.2%)  eta_epoch: 12:12  eta_total: 20:02:24  loss: 2.1675  time: 0.247  data_time: 0.001  forward_time: 0.016  backward_time: 0.065  lr: 0.000100  max_mem: 11209M      
[2026-01-28 13:37:17]   epoch: [2/70]  step: [430/2078] (20.7%)  eta_epoch: 12:08  eta_total: 20:01:46  loss: 2.6538  time: 0.249  data_time: 0.001  forward_time: 0.039  backward_time: 0.059  lr: 0.000100  max_mem: 11209M      
[2026-01-28 13:37:21]   epoch: [2/70]  step: [440/2078] (21.2%)  eta_epoch: 12:02  eta_total: 20:00:42  loss: 2.0457  time: 0.248  data_time: 0.001  forward_time: 0.016  backward_time: 0.065  lr: 0.000100  max_mem: 11209M      
[2026-01-28 13:37:27]   epoch: [2/70]  step: [450/2078] (21.7%)  eta_epoch: 11:57  eta_total: 19:59:59  loss: 2.2428  time: 0.249  data_time: 0.001  forward_time: 0.041  backward_time: 0.055  lr: 0.000100  max_mem: 11209M      
[2026-01-28 13:37:31]   epoch: [2/70]  step: [460/2078] (22.1%)  eta_epoch: 11:51  eta_total: 19:58:50  loss: 2.0924  time: 0.247  data_time: 0.001  forward_time: 0.016  backward_time: 0.065  lr: 0.000100  max_mem: 11209M      
[2026-01-28 13:37:37]   epoch: [2/70]  step: [470/2078] (22.6%)  eta_epoch: 11:48  eta_total: 19:58:36  loss: 2.4721  time: 0.248  data_time: 0.001  forward_time: 0.046  backward_time: 0.055  lr: 0.000100  max_mem: 11209M      
[2026-01-28 13:37:42]   epoch: [2/70]  step: [480/2078] (23.1%)  eta_epoch: 11:42  eta_total: 19:57:45  loss: 2.0633  time: 0.247  data_time: 0.001  forward_time: 0.017  backward_time: 0.063  lr: 0.000100  max_mem: 11209M      
[2026-01-28 13:37:47]   epoch: [2/70]  step: [490/2078] (23.6%)  eta_epoch: 11:39  eta_total: 19:57:27  loss: 2.4341  time: 0.248  data_time: 0.001  forward_time: 0.040  backward_time: 0.053  lr: 0.000100  max_mem: 11209M      
[2026-01-28 13:37:52]   epoch: [2/70]  step: [500/2078] (24.1%)  eta_epoch: 11:32  eta_total: 19:56:05  loss: 2.2279  time: 0.252  data_time: 0.002  forward_time: 0.046  backward_time: 0.053  lr: 0.000100  max_mem: 11209M      
[2026-01-28 13:37:57]   epoch: [2/70]  step: [510/2078] (24.5%)  eta_epoch: 11:28  eta_total: 19:55:27  loss: 2.2018  time: 0.249  data_time: 0.001  forward_time: 0.045  backward_time: 0.061  lr: 0.000100  max_mem: 11209M      
[2026-01-28 13:38:01]   epoch: [2/70]  step: [520/2078] (25.0%)  eta_epoch: 11:22  eta_total: 19:54:13  loss: 2.1709  time: 0.248  data_time: 0.001  forward_time: 0.015  backward_time: 0.067  lr: 0.000100  max_mem: 11209M      
[2026-01-28 13:38:07]   epoch: [2/70]  step: [530/2078] (25.5%)  eta_epoch: 11:19  eta_total: 19:53:44  loss: 2.4111  time: 0.248  data_time: 0.001  forward_time: 0.041  backward_time: 0.056  lr: 0.000100  max_mem: 11209M      
[2026-01-28 13:38:11]   epoch: [2/70]  step: [540/2078] (26.0%)  eta_epoch: 11:12  eta_total: 19:52:33  loss: 2.3143  time: 0.248  data_time: 0.001  forward_time: 0.017  backward_time: 0.069  lr: 0.000100  max_mem: 11209M      
[2026-01-28 13:38:18]   epoch: [2/70]  step: [550/2078] (26.5%)  eta_epoch: 11:10  eta_total: 19:52:48  loss: 1.9889  time: 0.249  data_time: 0.001  forward_time: 0.040  backward_time: 0.052  lr: 0.000100  max_mem: 11209M      
[2026-01-28 13:38:22]   epoch: [2/70]  step: [560/2078] (26.9%)  eta_epoch: 11:05  eta_total: 19:51:54  loss: 2.1629  time: 0.248  data_time: 0.002  forward_time: 0.016  backward_time: 0.065  lr: 0.000100  max_mem: 11209M      
[2026-01-28 13:38:28]   epoch: [2/70]  step: [570/2078] (27.4%)  eta_epoch: 11:02  eta_total: 19:51:42  loss: 2.5818  time: 0.249  data_time: 0.001  forward_time: 0.041  backward_time: 0.051  lr: 0.000100  max_mem: 11209M      
[2026-01-28 13:38:33]   epoch: [2/70]  step: [580/2078] (27.9%)  eta_epoch: 10:57  eta_total: 19:50:42  loss: 2.2114  time: 0.248  data_time: 0.001  forward_time: 0.016  backward_time: 0.065  lr: 0.000100  max_mem: 11209M      
[2026-01-28 13:38:39]   epoch: [2/70]  step: [590/2078] (28.4%)  eta_epoch: 10:53  eta_total: 19:50:23  loss: 2.2042  time: 0.249  data_time: 0.001  forward_time: 0.039  backward_time: 0.052  lr: 0.000100  max_mem: 11209M      
[2026-01-28 13:38:43]   epoch: [2/70]  step: [600/2078] (28.9%)  eta_epoch: 10:47  eta_total: 19:49:04  loss: 2.1141  time: 0.247  data_time: 0.001  forward_time: 0.016  backward_time: 0.065  lr: 0.000100  max_mem: 11209M      
[2026-01-28 13:38:49]   epoch: [2/70]  step: [610/2078] (29.4%)  eta_epoch: 10:45  eta_total: 19:49:10  loss: 2.2419  time: 0.249  data_time: 0.001  forward_time: 0.041  backward_time: 0.051  lr: 0.000100  max_mem: 11209M      
[2026-01-28 13:38:54]   epoch: [2/70]  step: [620/2078] (29.8%)  eta_epoch: 10:40  eta_total: 19:48:13  loss: 2.0471  time: 0.247  data_time: 0.001  forward_time: 0.016  backward_time: 0.065  lr: 0.000100  max_mem: 11209M      
[2026-01-28 13:39:00]   epoch: [2/70]  step: [630/2078] (30.3%)  eta_epoch: 10:36  eta_total: 19:47:51  loss: 2.4355  time: 0.253  data_time: 0.002  forward_time: 0.046  backward_time: 0.057  lr: 0.000100  max_mem: 11209M      
[2026-01-28 13:39:04]   epoch: [2/70]  step: [640/2078] (30.8%)  eta_epoch: 10:31  eta_total: 19:46:51  loss: 2.0348  time: 0.247  data_time: 0.001  forward_time: 0.016  backward_time: 0.065  lr: 0.000100  max_mem: 11209M      
[2026-01-28 13:39:10]   epoch: [2/70]  step: [650/2078] (31.3%)  eta_epoch: 10:27  eta_total: 19:46:28  loss: 1.7788  time: 0.248  data_time: 0.001  forward_time: 0.040  backward_time: 0.052  lr: 0.000100  max_mem: 11209M      
[2026-01-28 13:39:14]   epoch: [2/70]  step: [660/2078] (31.8%)  eta_epoch: 10:21  eta_total: 19:45:33  loss: 2.1908  time: 0.247  data_time: 0.001  forward_time: 0.016  backward_time: 0.064  lr: 0.000100  max_mem: 11209M      
[2026-01-28 13:39:20]   epoch: [2/70]  step: [670/2078] (32.2%)  eta_epoch: 10:18  eta_total: 19:45:26  loss: 1.9302  time: 0.248  data_time: 0.001  forward_time: 0.040  backward_time: 0.052  lr: 0.000100  max_mem: 11209M      
[2026-01-28 13:39:25]   epoch: [2/70]  step: [680/2078] (32.7%)  eta_epoch: 10:13  eta_total: 19:44:41  loss: 2.2108  time: 0.247  data_time: 0.001  forward_time: 0.016  backward_time: 0.065  lr: 0.000100  max_mem: 11209M      
[2026-01-28 13:39:31]   epoch: [2/70]  step: [690/2078] (33.2%)  eta_epoch: 10:10  eta_total: 19:44:31  loss: 2.4665  time: 0.248  data_time: 0.001  forward_time: 0.039  backward_time: 0.053  lr: 0.000100  max_mem: 11209M      
[2026-01-28 13:39:36]   epoch: [2/70]  step: [700/2078] (33.7%)  eta_epoch: 10:04  eta_total: 19:43:25  loss: 2.3092  time: 0.247  data_time: 0.001  forward_time: 0.015  backward_time: 0.065  lr: 0.000100  max_mem: 11209M      
[2026-01-28 13:39:42]   epoch: [2/70]  step: [710/2078] (34.2%)  eta_epoch: 10:01  eta_total: 19:43:11  loss: 2.2723  time: 0.248  data_time: 0.001  forward_time: 0.039  backward_time: 0.060  lr: 0.000100  max_mem: 11209M      
[2026-01-28 13:39:46]   epoch: [2/70]  step: [720/2078] (34.6%)  eta_epoch: 9:56  eta_total: 19:42:20  loss: 2.0891  time: 0.247  data_time: 0.001  forward_time: 0.016  backward_time: 0.065  lr: 0.000100  max_mem: 11209M      
[2026-01-28 13:39:52]   epoch: [2/70]  step: [730/2078] (35.1%)  eta_epoch: 9:53  eta_total: 19:42:14  loss: 2.1295  time: 0.248  data_time: 0.001  forward_time: 0.039  backward_time: 0.059  lr: 0.000100  max_mem: 11209M      
[2026-01-28 13:39:57]   epoch: [2/70]  step: [740/2078] (35.6%)  eta_epoch: 9:47  eta_total: 19:41:20  loss: 1.9069  time: 0.247  data_time: 0.001  forward_time: 0.017  backward_time: 0.064  lr: 0.000100  max_mem: 11209M      
[2026-01-28 13:40:03]   epoch: [2/70]  step: [750/2078] (36.1%)  eta_epoch: 9:44  eta_total: 19:41:09  loss: 2.0217  time: 0.248  data_time: 0.001  forward_time: 0.040  backward_time: 0.052  lr: 0.000100  max_mem: 11209M      
[2026-01-28 13:40:08]   epoch: [2/70]  step: [760/2078] (36.6%)  eta_epoch: 9:39  eta_total: 19:40:25  loss: 1.9437  time: 0.247  data_time: 0.001  forward_time: 0.016  backward_time: 0.065  lr: 0.000100  max_mem: 11209M      
[2026-01-28 13:40:13]   epoch: [2/70]  step: [770/2078] (37.1%)  eta_epoch: 9:35  eta_total: 19:40:18  loss: 2.3819  time: 0.253  data_time: 0.001  forward_time: 0.052  backward_time: 0.053  lr: 0.000100  max_mem: 11209M      
[2026-01-28 13:40:18]   epoch: [2/70]  step: [780/2078] (37.5%)  eta_epoch: 9:31  eta_total: 19:39:29  loss: 2.1974  time: 0.248  data_time: 0.002  forward_time: 0.022  backward_time: 0.062  lr: 0.000100  max_mem: 11209M      
[2026-01-28 13:40:24]   epoch: [2/70]  step: [790/2078] (38.0%)  eta_epoch: 9:27  eta_total: 19:39:16  loss: 2.0936  time: 0.248  data_time: 0.001  forward_time: 0.044  backward_time: 0.053  lr: 0.000100  max_mem: 11209M      
[2026-01-28 13:40:29]   epoch: [2/70]  step: [800/2078] (38.5%)  eta_epoch: 9:22  eta_total: 19:38:27  loss: 1.9305  time: 0.247  data_time: 0.001  forward_time: 0.017  backward_time: 0.063  lr: 0.000100  max_mem: 11209M      
[2026-01-28 13:40:35]   epoch: [2/70]  step: [810/2078] (39.0%)  eta_epoch: 9:18  eta_total: 19:38:14  loss: 2.2496  time: 0.250  data_time: 0.003  forward_time: 0.031  backward_time: 0.053  lr: 0.000100  max_mem: 11209M      
[2026-01-28 13:40:40]   epoch: [2/70]  step: [820/2078] (39.5%)  eta_epoch: 9:14  eta_total: 19:37:53  loss: 2.7343  time: 0.248  data_time: 0.001  forward_time: 0.016  backward_time: 0.064  lr: 0.000100  max_mem: 11209M      
[2026-01-28 13:40:46]   epoch: [2/70]  step: [830/2078] (39.9%)  eta_epoch: 9:10  eta_total: 19:37:33  loss: 2.1062  time: 0.249  data_time: 0.001  forward_time: 0.042  backward_time: 0.053  lr: 0.000100  max_mem: 11209M      
[2026-01-28 13:40:51]   epoch: [2/70]  step: [840/2078] (40.4%)  eta_epoch: 9:06  eta_total: 19:37:08  loss: 2.2971  time: 0.248  data_time: 0.001  forward_time: 0.017  backward_time: 0.064  lr: 0.000100  max_mem: 11209M      
[2026-01-28 13:40:57]   epoch: [2/70]  step: [850/2078] (40.9%)  eta_epoch: 9:02  eta_total: 19:36:55  loss: 2.1350  time: 0.248  data_time: 0.001  forward_time: 0.047  backward_time: 0.052  lr: 0.000100  max_mem: 11209M      
[2026-01-28 13:41:03]   epoch: [2/70]  step: [860/2078] (41.4%)  eta_epoch: 8:58  eta_total: 19:36:25  loss: 2.2502  time: 0.248  data_time: 0.001  forward_time: 0.017  backward_time: 0.064  lr: 0.000100  max_mem: 11209M      
[2026-01-28 13:41:09]   epoch: [2/70]  step: [870/2078] (41.9%)  eta_epoch: 8:55  eta_total: 19:36:35  loss: 1.9440  time: 0.249  data_time: 0.001  forward_time: 0.041  backward_time: 0.055  lr: 0.000100  max_mem: 11209M      
[2026-01-28 13:41:15]   epoch: [2/70]  step: [880/2078] (42.3%)  eta_epoch: 8:50  eta_total: 19:36:11  loss: 2.0913  time: 0.248  data_time: 0.002  forward_time: 0.017  backward_time: 0.064  lr: 0.000100  max_mem: 11209M      
[2026-01-28 13:41:21]   epoch: [2/70]  step: [890/2078] (42.8%)  eta_epoch: 8:47  eta_total: 19:36:25  loss: 2.2210  time: 0.247  data_time: 0.001  forward_time: 0.017  backward_time: 0.062  lr: 0.000100  max_mem: 11209M      
[2026-01-28 13:41:26]   epoch: [2/70]  step: [900/2078] (43.3%)  eta_epoch: 8:43  eta_total: 19:35:49  loss: 2.0540  time: 0.247  data_time: 0.001  forward_time: 0.015  backward_time: 0.065  lr: 0.000100  max_mem: 11209M      
[2026-01-28 13:41:33]   epoch: [2/70]  step: [910/2078] (43.8%)  eta_epoch: 8:39  eta_total: 19:36:05  loss: 2.3835  time: 0.248  data_time: 0.001  forward_time: 0.041  backward_time: 0.067  lr: 0.000100  max_mem: 11209M      
[2026-01-28 13:41:38]   epoch: [2/70]  step: [920/2078] (44.3%)  eta_epoch: 8:35  eta_total: 19:35:21  loss: 2.2250  time: 0.248  data_time: 0.001  forward_time: 0.016  backward_time: 0.066  lr: 0.000100  max_mem: 11209M      
[2026-01-28 13:41:44]   epoch: [2/70]  step: [930/2078] (44.8%)  eta_epoch: 8:31  eta_total: 19:35:22  loss: 2.3056  time: 0.248  data_time: 0.001  forward_time: 0.037  backward_time: 0.051  lr: 0.000100  max_mem: 11209M      
[2026-01-28 13:41:49]   epoch: [2/70]  step: [940/2078] (45.2%)  eta_epoch: 8:26  eta_total: 19:34:27  loss: 1.9699  time: 0.248  data_time: 0.001  forward_time: 0.015  backward_time: 0.066  lr: 0.000100  max_mem: 11209M      
[2026-01-28 13:41:55]   epoch: [2/70]  step: [950/2078] (45.7%)  eta_epoch: 8:22  eta_total: 19:34:28  loss: 2.1551  time: 0.248  data_time: 0.001  forward_time: 0.039  backward_time: 0.052  lr: 0.000100  max_mem: 11209M      
[2026-01-28 13:42:00]   epoch: [2/70]  step: [960/2078] (46.2%)  eta_epoch: 8:17  eta_total: 19:33:45  loss: 2.4238  time: 0.247  data_time: 0.002  forward_time: 0.018  backward_time: 0.062  lr: 0.000100  max_mem: 11209M      
[2026-01-28 13:42:05]   epoch: [2/70]  step: [970/2078] (46.7%)  eta_epoch: 8:13  eta_total: 19:33:36  loss: 2.0950  time: 0.249  data_time: 0.001  forward_time: 0.041  backward_time: 0.053  lr: 0.000100  max_mem: 11209M      
[2026-01-28 13:42:10]   epoch: [2/70]  step: [980/2078] (47.2%)  eta_epoch: 8:08  eta_total: 19:32:47  loss: 2.4167  time: 0.247  data_time: 0.001  forward_time: 0.019  backward_time: 0.062  lr: 0.000100  max_mem: 11209M      
[2026-01-28 13:42:16]   epoch: [2/70]  step: [990/2078] (47.6%)  eta_epoch: 8:05  eta_total: 19:32:50  loss: 2.2565  time: 0.248  data_time: 0.001  forward_time: 0.038  backward_time: 0.053  lr: 0.000100  max_mem: 11209M      
[2026-01-28 13:42:21]   epoch: [2/70]  step: [1000/2078] (48.1%)  eta_epoch: 8:00  eta_total: 19:32:08  loss: 1.9040  time: 0.247  data_time: 0.001  forward_time: 0.016  backward_time: 0.065  lr: 0.000100  max_mem: 11209M      
[2026-01-28 13:42:28]   epoch: [2/70]  step: [1010/2078] (48.6%)  eta_epoch: 7:56  eta_total: 19:32:16  loss: 2.5617  time: 0.248  data_time: 0.001  forward_time: 0.038  backward_time: 0.051  lr: 0.000100  max_mem: 11209M      
[2026-01-28 13:42:33]   epoch: [2/70]  step: [1020/2078] (49.1%)  eta_epoch: 7:51  eta_total: 19:31:32  loss: 2.0525  time: 0.247  data_time: 0.001  forward_time: 0.015  backward_time: 0.066  lr: 0.000100  max_mem: 11209M      
[2026-01-28 13:42:39]   epoch: [2/70]  step: [1030/2078] (49.6%)  eta_epoch: 7:47  eta_total: 19:31:30  loss: 2.3323  time: 0.249  data_time: 0.001  forward_time: 0.040  backward_time: 0.051  lr: 0.000100  max_mem: 11209M      
[2026-01-28 13:42:43]   epoch: [2/70]  step: [1040/2078] (50.0%)  eta_epoch: 7:42  eta_total: 19:30:35  loss: 2.4120  time: 0.247  data_time: 0.001  forward_time: 0.015  backward_time: 0.065  lr: 0.000100  max_mem: 11209M      
[2026-01-28 13:42:49]   epoch: [2/70]  step: [1050/2078] (50.5%)  eta_epoch: 7:38  eta_total: 19:30:24  loss: 2.1784  time: 0.249  data_time: 0.001  forward_time: 0.041  backward_time: 0.053  lr: 0.000100  max_mem: 11209M      
[2026-01-28 13:42:54]   epoch: [2/70]  step: [1060/2078] (51.0%)  eta_epoch: 7:33  eta_total: 19:29:45  loss: 2.1772  time: 0.247  data_time: 0.001  forward_time: 0.015  backward_time: 0.065  lr: 0.000100  max_mem: 11209M      
[2026-01-28 13:43:00]   epoch: [2/70]  step: [1070/2078] (51.5%)  eta_epoch: 7:30  eta_total: 19:30:03  loss: 2.3277  time: 0.248  data_time: 0.001  forward_time: 0.040  backward_time: 0.051  lr: 0.000100  max_mem: 11209M      
[2026-01-28 13:43:05]   epoch: [2/70]  step: [1080/2078] (52.0%)  eta_epoch: 7:25  eta_total: 19:29:31  loss: 2.6750  time: 0.250  data_time: 0.001  forward_time: 0.021  backward_time: 0.063  lr: 0.000100  max_mem: 11209M      
[2026-01-28 13:43:12]   epoch: [2/70]  step: [1090/2078] (52.5%)  eta_epoch: 7:21  eta_total: 19:29:40  loss: 2.5019  time: 0.248  data_time: 0.001  forward_time: 0.038  backward_time: 0.053  lr: 0.000100  max_mem: 11209M      
[2026-01-28 13:43:16]   epoch: [2/70]  step: [1100/2078] (52.9%)  eta_epoch: 7:16  eta_total: 19:28:50  loss: 2.6430  time: 0.247  data_time: 0.001  forward_time: 0.016  backward_time: 0.064  lr: 0.000100  max_mem: 11209M      
[2026-01-28 13:43:23]   epoch: [2/70]  step: [1110/2078] (53.4%)  eta_epoch: 7:13  eta_total: 19:28:56  loss: 2.2591  time: 0.249  data_time: 0.001  forward_time: 0.038  backward_time: 0.054  lr: 0.000100  max_mem: 11209M      
[2026-01-28 13:43:28]   epoch: [2/70]  step: [1120/2078] (53.9%)  eta_epoch: 7:08  eta_total: 19:28:32  loss: 2.5376  time: 0.247  data_time: 0.001  forward_time: 0.023  backward_time: 0.058  lr: 0.000100  max_mem: 11209M      
[2026-01-28 13:43:34]   epoch: [2/70]  step: [1130/2078] (54.4%)  eta_epoch: 7:04  eta_total: 19:28:29  loss: 2.1705  time: 0.249  data_time: 0.001  forward_time: 0.039  backward_time: 0.054  lr: 0.000100  max_mem: 11209M      
[2026-01-28 13:43:39]   epoch: [2/70]  step: [1140/2078] (54.9%)  eta_epoch: 7:00  eta_total: 19:27:51  loss: 2.2543  time: 0.247  data_time: 0.001  forward_time: 0.015  backward_time: 0.065  lr: 0.000100  max_mem: 11209M      
[2026-01-28 13:43:46]   epoch: [2/70]  step: [1150/2078] (55.3%)  eta_epoch: 6:56  eta_total: 19:28:08  loss: 2.1672  time: 0.249  data_time: 0.001  forward_time: 0.041  backward_time: 0.052  lr: 0.000100  max_mem: 11209M      
[2026-01-28 13:43:51]   epoch: [2/70]  step: [1160/2078] (55.8%)  eta_epoch: 6:51  eta_total: 19:27:51  loss: 2.2764  time: 0.247  data_time: 0.001  forward_time: 0.017  backward_time: 0.064  lr: 0.000100  max_mem: 11209M      
[2026-01-28 13:43:58]   epoch: [2/70]  step: [1170/2078] (56.3%)  eta_epoch: 6:48  eta_total: 19:28:12  loss: 1.9614  time: 0.248  data_time: 0.001  forward_time: 0.039  backward_time: 0.042  lr: 0.000100  max_mem: 11209M      
[2026-01-28 13:44:03]   epoch: [2/70]  step: [1180/2078] (56.8%)  eta_epoch: 6:43  eta_total: 19:27:40  loss: 2.2033  time: 0.249  data_time: 0.001  forward_time: 0.038  backward_time: 0.053  lr: 0.000100  max_mem: 11209M      
[2026-01-28 13:44:09]   epoch: [2/70]  step: [1190/2078] (57.3%)  eta_epoch: 6:39  eta_total: 19:27:42  loss: 2.1602  time: 0.248  data_time: 0.001  forward_time: 0.040  backward_time: 0.055  lr: 0.000100  max_mem: 11209M      
[2026-01-28 13:44:14]   epoch: [2/70]  step: [1200/2078] (57.7%)  eta_epoch: 6:34  eta_total: 19:26:55  loss: 2.1083  time: 0.247  data_time: 0.001  forward_time: 0.013  backward_time: 0.067  lr: 0.000100  max_mem: 11209M      
[2026-01-28 13:44:20]   epoch: [2/70]  step: [1210/2078] (58.2%)  eta_epoch: 6:30  eta_total: 19:26:48  loss: 1.9156  time: 0.249  data_time: 0.001  forward_time: 0.041  backward_time: 0.053  lr: 0.000100  max_mem: 11209M      
[2026-01-28 13:44:25]   epoch: [2/70]  step: [1220/2078] (58.7%)  eta_epoch: 6:25  eta_total: 19:26:06  loss: 2.0162  time: 0.247  data_time: 0.001  forward_time: 0.016  backward_time: 0.065  lr: 0.000100  max_mem: 11209M      
[2026-01-28 13:44:31]   epoch: [2/70]  step: [1230/2078] (59.2%)  eta_epoch: 6:21  eta_total: 19:25:48  loss: 2.1015  time: 0.248  data_time: 0.001  forward_time: 0.039  backward_time: 0.053  lr: 0.000100  max_mem: 11209M      
[2026-01-28 13:44:36]   epoch: [2/70]  step: [1240/2078] (59.7%)  eta_epoch: 6:16  eta_total: 19:25:29  loss: 2.0946  time: 0.247  data_time: 0.001  forward_time: 0.016  backward_time: 0.064  lr: 0.000100  max_mem: 11209M      
[2026-01-28 13:44:42]   epoch: [2/70]  step: [1250/2078] (60.2%)  eta_epoch: 6:12  eta_total: 19:25:19  loss: 1.8361  time: 0.249  data_time: 0.001  forward_time: 0.041  backward_time: 0.050  lr: 0.000100  max_mem: 11209M      
[2026-01-28 13:44:47]   epoch: [2/70]  step: [1260/2078] (60.6%)  eta_epoch: 6:07  eta_total: 19:24:59  loss: 2.1781  time: 0.247  data_time: 0.001  forward_time: 0.017  backward_time: 0.065  lr: 0.000100  max_mem: 11209M      
[2026-01-28 13:44:53]   epoch: [2/70]  step: [1270/2078] (61.1%)  eta_epoch: 6:03  eta_total: 19:24:50  loss: 2.1087  time: 0.249  data_time: 0.001  forward_time: 0.043  backward_time: 0.064  lr: 0.000100  max_mem: 11209M      
[2026-01-28 13:44:58]   epoch: [2/70]  step: [1280/2078] (61.6%)  eta_epoch: 5:59  eta_total: 19:24:31  loss: 2.2053  time: 0.248  data_time: 0.001  forward_time: 0.017  backward_time: 0.064  lr: 0.000100  max_mem: 11209M      
[2026-01-28 13:45:04]   epoch: [2/70]  step: [1290/2078] (62.1%)  eta_epoch: 5:54  eta_total: 19:24:13  loss: 1.8058  time: 0.248  data_time: 0.001  forward_time: 0.022  backward_time: 0.057  lr: 0.000100  max_mem: 11209M      
[2026-01-28 13:45:09]   epoch: [2/70]  step: [1300/2078] (62.6%)  eta_epoch: 5:50  eta_total: 19:23:55  loss: 2.1541  time: 0.247  data_time: 0.001  forward_time: 0.017  backward_time: 0.063  lr: 0.000100  max_mem: 11209M      
[2026-01-28 13:45:15]   epoch: [2/70]  step: [1310/2078] (63.0%)  eta_epoch: 5:45  eta_total: 19:23:45  loss: 1.9173  time: 0.248  data_time: 0.001  forward_time: 0.044  backward_time: 0.054  lr: 0.000100  max_mem: 11209M      
[2026-01-28 13:45:20]   epoch: [2/70]  step: [1320/2078] (63.5%)  eta_epoch: 5:41  eta_total: 19:23:26  loss: 1.9766  time: 0.248  data_time: 0.001  forward_time: 0.018  backward_time: 0.063  lr: 0.000100  max_mem: 11209M      
[2026-01-28 13:45:26]   epoch: [2/70]  step: [1330/2078] (64.0%)  eta_epoch: 5:36  eta_total: 19:23:05  loss: 2.2465  time: 0.248  data_time: 0.001  forward_time: 0.014  backward_time: 0.067  lr: 0.000100  max_mem: 11209M      
[2026-01-28 13:45:31]   epoch: [2/70]  step: [1340/2078] (64.5%)  eta_epoch: 5:32  eta_total: 19:22:44  loss: 2.1345  time: 0.249  data_time: 0.001  forward_time: 0.022  backward_time: 0.064  lr: 0.000100  max_mem: 11209M      
[2026-01-28 13:45:37]   epoch: [2/70]  step: [1350/2078] (65.0%)  eta_epoch: 5:28  eta_total: 19:22:27  loss: 2.1598  time: 0.248  data_time: 0.001  forward_time: 0.040  backward_time: 0.053  lr: 0.000100  max_mem: 11209M      
[2026-01-28 13:45:42]   epoch: [2/70]  step: [1360/2078] (65.4%)  eta_epoch: 5:23  eta_total: 19:22:11  loss: 2.4476  time: 0.251  data_time: 0.001  forward_time: 0.028  backward_time: 0.057  lr: 0.000100  max_mem: 11209M      
[2026-01-28 13:45:48]   epoch: [2/70]  step: [1370/2078] (65.9%)  eta_epoch: 5:19  eta_total: 19:21:57  loss: 2.0558  time: 0.249  data_time: 0.002  forward_time: 0.043  backward_time: 0.053  lr: 0.000100  max_mem: 11209M      
[2026-01-28 13:45:54]   epoch: [2/70]  step: [1380/2078] (66.4%)  eta_epoch: 5:14  eta_total: 19:21:47  loss: 2.3704  time: 0.248  data_time: 0.001  forward_time: 0.017  backward_time: 0.068  lr: 0.000100  max_mem: 11209M      
[2026-01-28 13:45:59]   epoch: [2/70]  step: [1390/2078] (66.9%)  eta_epoch: 5:10  eta_total: 19:21:08  loss: 2.0567  time: 0.247  data_time: 0.001  forward_time: 0.015  backward_time: 0.065  lr: 0.000100  max_mem: 11209M      
[2026-01-28 13:46:05]   epoch: [2/70]  step: [1400/2078] (67.4%)  eta_epoch: 5:05  eta_total: 19:21:08  loss: 2.2738  time: 0.247  data_time: 0.001  forward_time: 0.016  backward_time: 0.065  lr: 0.000100  max_mem: 11209M      
[2026-01-28 13:46:10]   epoch: [2/70]  step: [1410/2078] (67.9%)  eta_epoch: 5:01  eta_total: 19:20:30  loss: 2.0327  time: 0.248  data_time: 0.001  forward_time: 0.025  backward_time: 0.056  lr: 0.000100  max_mem: 11209M      
[2026-01-28 13:46:16]   epoch: [2/70]  step: [1420/2078] (68.3%)  eta_epoch: 4:57  eta_total: 19:20:36  loss: 2.1736  time: 0.248  data_time: 0.001  forward_time: 0.017  backward_time: 0.064  lr: 0.000100  max_mem: 11209M      
[2026-01-28 13:46:21]   epoch: [2/70]  step: [1430/2078] (68.8%)  eta_epoch: 4:52  eta_total: 19:20:06  loss: 2.2035  time: 0.248  data_time: 0.001  forward_time: 0.015  backward_time: 0.065  lr: 0.000100  max_mem: 11209M      
[2026-01-28 13:46:27]   epoch: [2/70]  step: [1440/2078] (69.3%)  eta_epoch: 4:48  eta_total: 19:20:04  loss: 1.8329  time: 0.247  data_time: 0.001  forward_time: 0.016  backward_time: 0.065  lr: 0.000100  max_mem: 11209M      
[2026-01-28 13:46:32]   epoch: [2/70]  step: [1450/2078] (69.8%)  eta_epoch: 4:43  eta_total: 19:19:38  loss: 2.0943  time: 0.247  data_time: 0.001  forward_time: 0.019  backward_time: 0.060  lr: 0.000100  max_mem: 11209M      
[2026-01-28 13:46:38]   epoch: [2/70]  step: [1460/2078] (70.3%)  eta_epoch: 4:39  eta_total: 19:19:35  loss: 2.3155  time: 0.248  data_time: 0.002  forward_time: 0.018  backward_time: 0.065  lr: 0.000100  max_mem: 11209M      
[2026-01-28 13:46:43]   epoch: [2/70]  step: [1470/2078] (70.7%)  eta_epoch: 4:34  eta_total: 19:18:59  loss: 2.3666  time: 0.247  data_time: 0.001  forward_time: 0.017  backward_time: 0.064  lr: 0.000100  max_mem: 11209M      
[2026-01-28 13:46:49]   epoch: [2/70]  step: [1480/2078] (71.2%)  eta_epoch: 4:30  eta_total: 19:18:59  loss: 2.2050  time: 0.247  data_time: 0.001  forward_time: 0.018  backward_time: 0.063  lr: 0.000100  max_mem: 11209M      
[2026-01-28 13:46:55]   epoch: [2/70]  step: [1490/2078] (71.7%)  eta_epoch: 4:25  eta_total: 19:18:38  loss: 1.9900  time: 0.247  data_time: 0.001  forward_time: 0.016  backward_time: 0.062  lr: 0.000100  max_mem: 11209M      
[2026-01-28 13:47:02]   epoch: [2/70]  step: [1500/2078] (72.2%)  eta_epoch: 4:21  eta_total: 19:19:08  loss: 2.4625  time: 0.247  data_time: 0.001  forward_time: 0.016  backward_time: 0.065  lr: 0.000100  max_mem: 11209M      
[2026-01-28 13:47:07]   epoch: [2/70]  step: [1510/2078] (72.7%)  eta_epoch: 4:17  eta_total: 19:18:54  loss: 1.9536  time: 0.247  data_time: 0.001  forward_time: 0.015  backward_time: 0.075  lr: 0.000100  max_mem: 11209M      
[2026-01-28 13:47:14]   epoch: [2/70]  step: [1520/2078] (73.1%)  eta_epoch: 4:12  eta_total: 19:19:09  loss: 2.1724  time: 0.247  data_time: 0.001  forward_time: 0.017  backward_time: 0.064  lr: 0.000100  max_mem: 11209M      
[2026-01-28 13:47:19]   epoch: [2/70]  step: [1530/2078] (73.6%)  eta_epoch: 4:08  eta_total: 19:18:37  loss: 2.1876  time: 0.247  data_time: 0.001  forward_time: 0.016  backward_time: 0.065  lr: 0.000100  max_mem: 11209M      
[2026-01-28 13:47:25]   epoch: [2/70]  step: [1540/2078] (74.1%)  eta_epoch: 4:03  eta_total: 19:18:36  loss: 2.0073  time: 0.248  data_time: 0.001  forward_time: 0.024  backward_time: 0.057  lr: 0.000100  max_mem: 11209M      
[2026-01-28 13:47:30]   epoch: [2/70]  step: [1550/2078] (74.6%)  eta_epoch: 3:59  eta_total: 19:18:07  loss: 2.1471  time: 0.247  data_time: 0.001  forward_time: 0.017  backward_time: 0.064  lr: 0.000100  max_mem: 11209M      
[2026-01-28 13:47:36]   epoch: [2/70]  step: [1560/2078] (75.1%)  eta_epoch: 3:54  eta_total: 19:18:04  loss: 2.0919  time: 0.247  data_time: 0.001  forward_time: 0.017  backward_time: 0.064  lr: 0.000100  max_mem: 11209M      
[2026-01-28 13:47:42]   epoch: [2/70]  step: [1570/2078] (75.6%)  eta_epoch: 3:50  eta_total: 19:17:43  loss: 2.2089  time: 0.247  data_time: 0.001  forward_time: 0.015  backward_time: 0.066  lr: 0.000100  max_mem: 11209M      
[2026-01-28 13:47:48]   epoch: [2/70]  step: [1580/2078] (76.0%)  eta_epoch: 3:46  eta_total: 19:17:50  loss: 2.0905  time: 0.247  data_time: 0.001  forward_time: 0.016  backward_time: 0.064  lr: 0.000100  max_mem: 11209M      
[2026-01-28 13:47:53]   epoch: [2/70]  step: [1590/2078] (76.5%)  eta_epoch: 3:41  eta_total: 19:17:22  loss: 1.8298  time: 0.248  data_time: 0.001  forward_time: 0.039  backward_time: 0.051  lr: 0.000100  max_mem: 11209M      
[2026-01-28 13:47:59]   epoch: [2/70]  step: [1600/2078] (77.0%)  eta_epoch: 3:37  eta_total: 19:17:31  loss: 2.1919  time: 0.247  data_time: 0.001  forward_time: 0.017  backward_time: 0.063  lr: 0.000100  max_mem: 11209M      
[2026-01-28 13:48:05]   epoch: [2/70]  step: [1610/2078] (77.5%)  eta_epoch: 3:32  eta_total: 19:17:18  loss: 2.2773  time: 0.248  data_time: 0.001  forward_time: 0.045  backward_time: 0.045  lr: 0.000100  max_mem: 11209M      
[2026-01-28 13:48:11]   epoch: [2/70]  step: [1620/2078] (78.0%)  eta_epoch: 3:28  eta_total: 19:17:08  loss: 2.2499  time: 0.247  data_time: 0.001  forward_time: 0.016  backward_time: 0.068  lr: 0.000100  max_mem: 11209M      
[2026-01-28 13:48:17]   epoch: [2/70]  step: [1630/2078] (78.4%)  eta_epoch: 3:23  eta_total: 19:17:10  loss: 2.1487  time: 0.248  data_time: 0.001  forward_time: 0.038  backward_time: 0.055  lr: 0.000100  max_mem: 11209M      
[2026-01-28 13:48:23]   epoch: [2/70]  step: [1640/2078] (78.9%)  eta_epoch: 3:19  eta_total: 19:17:02  loss: 1.9753  time: 0.247  data_time: 0.001  forward_time: 0.016  backward_time: 0.065  lr: 0.000100  max_mem: 11209M      
[2026-01-28 13:48:28]   epoch: [2/70]  step: [1650/2078] (79.4%)  eta_epoch: 3:14  eta_total: 19:16:57  loss: 2.2505  time: 0.249  data_time: 0.001  forward_time: 0.038  backward_time: 0.050  lr: 0.000100  max_mem: 11209M      
[2026-01-28 13:48:34]   epoch: [2/70]  step: [1660/2078] (79.9%)  eta_epoch: 3:10  eta_total: 19:16:44  loss: 2.0894  time: 0.248  data_time: 0.001  forward_time: 0.019  backward_time: 0.061  lr: 0.000100  max_mem: 11209M      
[2026-01-28 13:48:39]   epoch: [2/70]  step: [1670/2078] (80.4%)  eta_epoch: 3:05  eta_total: 19:16:20  loss: 2.0680  time: 0.249  data_time: 0.001  forward_time: 0.041  backward_time: 0.053  lr: 0.000100  max_mem: 11209M      
[2026-01-28 13:48:45]   epoch: [2/70]  step: [1680/2078] (80.8%)  eta_epoch: 3:01  eta_total: 19:16:11  loss: 2.0802  time: 0.247  data_time: 0.001  forward_time: 0.016  backward_time: 0.064  lr: 0.000100  max_mem: 11209M      
[2026-01-28 13:48:50]   epoch: [2/70]  step: [1690/2078] (81.3%)  eta_epoch: 2:56  eta_total: 19:15:38  loss: 2.3270  time: 0.249  data_time: 0.001  forward_time: 0.042  backward_time: 0.053  lr: 0.000100  max_mem: 11209M      
[2026-01-28 13:48:56]   epoch: [2/70]  step: [1700/2078] (81.8%)  eta_epoch: 2:52  eta_total: 19:15:35  loss: 2.0853  time: 0.247  data_time: 0.001  forward_time: 0.016  backward_time: 0.065  lr: 0.000100  max_mem: 11209M      
[2026-01-28 13:49:01]   epoch: [2/70]  step: [1710/2078] (82.3%)  eta_epoch: 2:47  eta_total: 19:14:59  loss: 2.1657  time: 0.247  data_time: 0.001  forward_time: 0.016  backward_time: 0.065  lr: 0.000100  max_mem: 11209M      
[2026-01-28 13:49:08]   epoch: [2/70]  step: [1720/2078] (82.8%)  eta_epoch: 2:43  eta_total: 19:15:23  loss: 2.5392  time: 0.248  data_time: 0.002  forward_time: 0.017  backward_time: 0.064  lr: 0.000100  max_mem: 11209M      
[2026-01-28 13:49:12]   epoch: [2/70]  step: [1730/2078] (83.3%)  eta_epoch: 2:38  eta_total: 19:14:40  loss: 2.3625  time: 0.247  data_time: 0.001  forward_time: 0.016  backward_time: 0.065  lr: 0.000100  max_mem: 11209M      
[2026-01-28 13:49:18]   epoch: [2/70]  step: [1740/2078] (83.7%)  eta_epoch: 2:33  eta_total: 19:14:46  loss: 2.6449  time: 0.249  data_time: 0.001  forward_time: 0.038  backward_time: 0.056  lr: 0.000100  max_mem: 11209M      
[2026-01-28 13:49:24]   epoch: [2/70]  step: [1750/2078] (84.2%)  eta_epoch: 2:29  eta_total: 19:14:37  loss: 2.3037  time: 0.248  data_time: 0.001  forward_time: 0.021  backward_time: 0.061  lr: 0.000100  max_mem: 11209M      
[2026-01-28 13:49:30]   epoch: [2/70]  step: [1760/2078] (84.7%)  eta_epoch: 2:24  eta_total: 19:14:40  loss: 2.0468  time: 0.248  data_time: 0.001  forward_time: 0.014  backward_time: 0.074  lr: 0.000100  max_mem: 11209M      
[2026-01-28 13:49:34]   epoch: [2/70]  step: [1770/2078] (85.2%)  eta_epoch: 2:20  eta_total: 19:14:12  loss: 2.1581  time: 0.249  data_time: 0.001  forward_time: 0.019  backward_time: 0.064  lr: 0.000100  max_mem: 11209M      
[2026-01-28 13:49:41]   epoch: [2/70]  step: [1780/2078] (85.7%)  eta_epoch: 2:15  eta_total: 19:14:25  loss: 2.3349  time: 0.249  data_time: 0.001  forward_time: 0.019  backward_time: 0.063  lr: 0.000100  max_mem: 11209M      
[2026-01-28 13:49:46]   epoch: [2/70]  step: [1790/2078] (86.1%)  eta_epoch: 2:11  eta_total: 19:13:58  loss: 1.9887  time: 0.249  data_time: 0.001  forward_time: 0.016  backward_time: 0.065  lr: 0.000100  max_mem: 11209M      
[2026-01-28 13:49:52]   epoch: [2/70]  step: [1800/2078] (86.6%)  eta_epoch: 2:06  eta_total: 19:13:41  loss: 2.1053  time: 0.247  data_time: 0.001  forward_time: 0.016  backward_time: 0.066  lr: 0.000100  max_mem: 11209M      
[2026-01-28 13:49:56]   epoch: [2/70]  step: [1810/2078] (87.1%)  eta_epoch: 2:02  eta_total: 19:12:53  loss: 2.0377  time: 0.247  data_time: 0.001  forward_time: 0.016  backward_time: 0.065  lr: 0.000100  max_mem: 11209M      
[2026-01-28 13:50:03]   epoch: [2/70]  step: [1820/2078] (87.6%)  eta_epoch: 1:57  eta_total: 19:12:42  loss: 2.1985  time: 0.247  data_time: 0.001  forward_time: 0.016  backward_time: 0.064  lr: 0.000100  max_mem: 11209M      
[2026-01-28 13:50:07]   epoch: [2/70]  step: [1830/2078] (88.1%)  eta_epoch: 1:52  eta_total: 19:12:00  loss: 2.4829  time: 0.247  data_time: 0.001  forward_time: 0.016  backward_time: 0.065  lr: 0.000100  max_mem: 11209M      
[2026-01-28 13:50:13]   epoch: [2/70]  step: [1840/2078] (88.5%)  eta_epoch: 1:48  eta_total: 19:12:00  loss: 1.9042  time: 0.247  data_time: 0.001  forward_time: 0.015  backward_time: 0.065  lr: 0.000100  max_mem: 11209M      
[2026-01-28 13:50:19]   epoch: [2/70]  step: [1850/2078] (89.0%)  eta_epoch: 1:43  eta_total: 19:11:34  loss: 2.3250  time: 0.248  data_time: 0.002  forward_time: 0.018  backward_time: 0.065  lr: 0.000100  max_mem: 11209M      
[2026-01-28 13:50:24]   epoch: [2/70]  step: [1860/2078] (89.5%)  eta_epoch: 1:39  eta_total: 19:11:33  loss: 2.0151  time: 0.248  data_time: 0.002  forward_time: 0.016  backward_time: 0.064  lr: 0.000100  max_mem: 11209M      
[2026-01-28 13:50:29]   epoch: [2/70]  step: [1870/2078] (90.0%)  eta_epoch: 1:34  eta_total: 19:11:02  loss: 2.1653  time: 0.247  data_time: 0.001  forward_time: 0.016  backward_time: 0.065  lr: 0.000100  max_mem: 11209M      
[2026-01-28 13:50:35]   epoch: [2/70]  step: [1880/2078] (90.5%)  eta_epoch: 1:30  eta_total: 19:11:02  loss: 1.8555  time: 0.247  data_time: 0.001  forward_time: 0.012  backward_time: 0.069  lr: 0.000100  max_mem: 11209M      
[2026-01-28 13:50:40]   epoch: [2/70]  step: [1890/2078] (91.0%)  eta_epoch: 1:25  eta_total: 19:10:29  loss: 2.1737  time: 0.248  data_time: 0.001  forward_time: 0.017  backward_time: 0.064  lr: 0.000100  max_mem: 11209M      
[2026-01-28 13:50:46]   epoch: [2/70]  step: [1900/2078] (91.4%)  eta_epoch: 1:21  eta_total: 19:10:35  loss: 2.2386  time: 0.247  data_time: 0.001  forward_time: 0.011  backward_time: 0.066  lr: 0.000100  max_mem: 11209M      
[2026-01-28 13:50:51]   epoch: [2/70]  step: [1910/2078] (91.9%)  eta_epoch: 1:16  eta_total: 19:10:01  loss: 2.0394  time: 0.247  data_time: 0.001  forward_time: 0.018  backward_time: 0.063  lr: 0.000100  max_mem: 11209M      
[2026-01-28 13:50:57]   epoch: [2/70]  step: [1920/2078] (92.4%)  eta_epoch: 1:12  eta_total: 19:10:12  loss: 2.4347  time: 0.248  data_time: 0.001  forward_time: 0.016  backward_time: 0.064  lr: 0.000100  max_mem: 11209M      
[2026-01-28 13:51:02]   epoch: [2/70]  step: [1930/2078] (92.9%)  eta_epoch: 1:07  eta_total: 19:09:40  loss: 2.4999  time: 0.247  data_time: 0.001  forward_time: 0.015  backward_time: 0.065  lr: 0.000100  max_mem: 11209M      
[2026-01-28 13:51:09]   epoch: [2/70]  step: [1940/2078] (93.4%)  eta_epoch: 1:02  eta_total: 19:09:38  loss: 2.3671  time: 0.247  data_time: 0.001  forward_time: 0.016  backward_time: 0.064  lr: 0.000100  max_mem: 11209M      
[2026-01-28 13:51:13]   epoch: [2/70]  step: [1950/2078] (93.8%)  eta_epoch: 0:58  eta_total: 19:09:00  loss: 2.0296  time: 0.247  data_time: 0.001  forward_time: 0.016  backward_time: 0.065  lr: 0.000100  max_mem: 11209M      
[2026-01-28 13:51:19]   epoch: [2/70]  step: [1960/2078] (94.3%)  eta_epoch: 0:53  eta_total: 19:09:00  loss: 1.9386  time: 0.247  data_time: 0.001  forward_time: 0.016  backward_time: 0.066  lr: 0.000100  max_mem: 11209M      
[2026-01-28 13:51:24]   epoch: [2/70]  step: [1970/2078] (94.8%)  eta_epoch: 0:49  eta_total: 19:08:31  loss: 2.3774  time: 0.247  data_time: 0.001  forward_time: 0.016  backward_time: 0.065  lr: 0.000100  max_mem: 11209M      
[2026-01-28 13:51:30]   epoch: [2/70]  step: [1980/2078] (95.3%)  eta_epoch: 0:44  eta_total: 19:08:37  loss: 2.1512  time: 0.248  data_time: 0.001  forward_time: 0.017  backward_time: 0.064  lr: 0.000100  max_mem: 11209M      
[2026-01-28 13:51:35]   epoch: [2/70]  step: [1990/2078] (95.8%)  eta_epoch: 0:40  eta_total: 19:08:14  loss: 2.1410  time: 0.248  data_time: 0.001  forward_time: 0.019  backward_time: 0.062  lr: 0.000100  max_mem: 11209M      
[2026-01-28 13:51:41]   epoch: [2/70]  step: [2000/2078] (96.2%)  eta_epoch: 0:35  eta_total: 19:08:08  loss: 2.4500  time: 0.247  data_time: 0.002  forward_time: 0.017  backward_time: 0.064  lr: 0.000100  max_mem: 11209M      
[2026-01-28 13:51:46]   epoch: [2/70]  step: [2010/2078] (96.7%)  eta_epoch: 0:30  eta_total: 19:07:38  loss: 2.2635  time: 0.248  data_time: 0.002  forward_time: 0.021  backward_time: 0.059  lr: 0.000100  max_mem: 11209M      
[2026-01-28 13:51:52]   epoch: [2/70]  step: [2020/2078] (97.2%)  eta_epoch: 0:26  eta_total: 19:07:29  loss: 2.1891  time: 0.247  data_time: 0.001  forward_time: 0.018  backward_time: 0.063  lr: 0.000100  max_mem: 11209M      
[2026-01-28 13:51:57]   epoch: [2/70]  step: [2030/2078] (97.7%)  eta_epoch: 0:21  eta_total: 19:07:00  loss: 2.4565  time: 0.247  data_time: 0.001  forward_time: 0.015  backward_time: 0.065  lr: 0.000100  max_mem: 11209M      
[2026-01-28 13:52:03]   epoch: [2/70]  step: [2040/2078] (98.2%)  eta_epoch: 0:17  eta_total: 19:07:05  loss: 2.5928  time: 0.248  data_time: 0.002  forward_time: 0.016  backward_time: 0.065  lr: 0.000100  max_mem: 11209M      
[2026-01-28 13:52:08]   epoch: [2/70]  step: [2050/2078] (98.7%)  eta_epoch: 0:12  eta_total: 19:06:32  loss: 2.0329  time: 0.248  data_time: 0.001  forward_time: 0.016  backward_time: 0.065  lr: 0.000100  max_mem: 11209M      
[2026-01-28 13:52:14]   epoch: [2/70]  step: [2060/2078] (99.1%)  eta_epoch: 0:08  eta_total: 19:06:26  loss: 2.0987  time: 0.247  data_time: 0.001  forward_time: 0.016  backward_time: 0.068  lr: 0.000100  max_mem: 11209M      
[2026-01-28 13:52:19]   epoch: [2/70]  step: [2070/2078] (99.6%)  eta_epoch: 0:03  eta_total: 19:06:36  loss: 2.4096  time: 0.288  data_time: 0.001  forward_time: 0.087  backward_time: 0.048  lr: 0.000100  max_mem: 11209M      
[2026-01-28 13:52:24]   epoch: [2/70]  step: [2078/2078] (100.0%)  eta_epoch: 0:00  eta_total: 19:04:32  loss: 2.2782  time: 0.110  data_time: 0.001  forward_time: 0.015  backward_time: 0.052  lr: 0.000100  max_mem: 11209M      
[2026-01-28 13:52:24]   [epoch 2 training completed] avg_loss: 2.1734  epoch_time: 1132.68s  avg_data_time: 0.001s  avg_forward_time: 0.027s  avg_backward_time: 0.060s  avg_step_time: 0.246s  throughput: 88.0 samples/s    
[2026-01-28 13:52:24]   Validating epoch[2/70]...    
[2026-01-28 13:55:35]   
============================================================    
[2026-01-28 13:55:35]   [Epoch 2/70] Validation Results:    
[2026-01-28 13:55:35]     Train Loss:     2.1734    
[2026-01-28 13:55:35]     Top-1 Acc:       0.3691 (36.91%)    
[2026-01-28 13:55:35]     Top-5 Acc:       0.7859 (78.59%)    
[2026-01-28 13:55:35]     Precision:      0.2910    
[2026-01-28 13:55:35]     Recall:          0.3697    
[2026-01-28 13:55:35]     Specificity:     0.9692    
[2026-01-28 13:55:35]     F1-Score:        0.2849    
[2026-01-28 13:55:35]     AUC:             0.7556    
[2026-01-28 13:55:35]     Overall Acc:     0.3697    
[2026-01-28 13:55:35]   ============================================================
    
[2026-01-28 13:55:35]   
Saving checkpoint...    
[2026-01-28 13:55:52]   epoch: [3/70]  step: [10/2078] (0.5%)  eta_epoch: 19:45  eta_total: 20:24:19  loss: 2.2705  time: 0.247  data_time: 0.001  forward_time: 0.013  backward_time: 0.068  lr: 0.000100  max_mem: 11209M      
[2026-01-28 13:55:57]   epoch: [3/70]  step: [20/2078] (1.0%)  eta_epoch: 17:01  eta_total: 20:23:35  loss: 2.1471  time: 0.247  data_time: 0.001  forward_time: 0.016  backward_time: 0.065  lr: 0.000100  max_mem: 11209M      
[2026-01-28 13:56:03]   epoch: [3/70]  step: [30/2078] (1.4%)  eta_epoch: 17:28  eta_total: 20:23:35  loss: 2.1795  time: 0.248  data_time: 0.001  forward_time: 0.023  backward_time: 0.057  lr: 0.000100  max_mem: 11209M      
[2026-01-28 13:56:08]   epoch: [3/70]  step: [40/2078] (1.9%)  eta_epoch: 16:32  eta_total: 20:22:51  loss: 2.1967  time: 0.248  data_time: 0.002  forward_time: 0.037  backward_time: 0.050  lr: 0.000100  max_mem: 11209M      
[2026-01-28 13:56:14]   epoch: [3/70]  step: [50/2078] (2.4%)  eta_epoch: 16:33  eta_total: 20:24:01  loss: 2.3108  time: 0.248  data_time: 0.002  forward_time: 0.020  backward_time: 0.061  lr: 0.000100  max_mem: 11209M      
[2026-01-28 13:56:19]   epoch: [3/70]  step: [60/2078] (2.9%)  eta_epoch: 16:09  eta_total: 20:23:31  loss: 2.0867  time: 0.248  data_time: 0.001  forward_time: 0.039  backward_time: 0.042  lr: 0.000100  max_mem: 11209M      
[2026-01-28 13:56:25]   epoch: [3/70]  step: [70/2078] (3.4%)  eta_epoch: 15:53  eta_total: 20:23:02  loss: 2.2738  time: 0.247  data_time: 0.001  forward_time: 0.017  backward_time: 0.064  lr: 0.000100  max_mem: 11209M      
[2026-01-28 13:56:30]   epoch: [3/70]  step: [80/2078] (3.8%)  eta_epoch: 15:38  eta_total: 20:22:32  loss: 2.0965  time: 0.247  data_time: 0.001  forward_time: 0.016  backward_time: 0.064  lr: 0.000100  max_mem: 11209M      
[2026-01-28 13:56:36]   epoch: [3/70]  step: [90/2078] (4.3%)  eta_epoch: 15:37  eta_total: 20:22:25  loss: 1.6803  time: 0.248  data_time: 0.001  forward_time: 0.039  backward_time: 0.052  lr: 0.000100  max_mem: 11209M      
[2026-01-28 13:56:41]   epoch: [3/70]  step: [100/2078] (4.8%)  eta_epoch: 15:25  eta_total: 20:21:53  loss: 2.0805  time: 0.247  data_time: 0.001  forward_time: 0.015  backward_time: 0.065  lr: 0.000100  max_mem: 11209M      
[2026-01-28 13:56:47]   epoch: [3/70]  step: [110/2078] (5.3%)  eta_epoch: 15:23  eta_total: 20:21:34  loss: 2.2995  time: 0.249  data_time: 0.001  forward_time: 0.040  backward_time: 0.060  lr: 0.000100  max_mem: 11209M      
[2026-01-28 13:56:52]   epoch: [3/70]  step: [120/2078] (5.8%)  eta_epoch: 15:11  eta_total: 20:20:58  loss: 2.1225  time: 0.247  data_time: 0.001  forward_time: 0.016  backward_time: 0.065  lr: 0.000100  max_mem: 11209M      
[2026-01-28 13:56:58]   epoch: [3/70]  step: [130/2078] (6.3%)  eta_epoch: 15:17  eta_total: 20:20:57  loss: 1.9072  time: 0.248  data_time: 0.001  forward_time: 0.039  backward_time: 0.052  lr: 0.000100  max_mem: 11209M      
[2026-01-28 13:57:03]   epoch: [3/70]  step: [140/2078] (6.7%)  eta_epoch: 15:04  eta_total: 20:20:06  loss: 2.4631  time: 0.247  data_time: 0.001  forward_time: 0.016  backward_time: 0.066  lr: 0.000100  max_mem: 11209M      
[2026-01-28 13:57:09]   epoch: [3/70]  step: [150/2078] (7.2%)  eta_epoch: 15:01  eta_total: 20:19:51  loss: 2.1640  time: 0.249  data_time: 0.001  forward_time: 0.040  backward_time: 0.052  lr: 0.000100  max_mem: 11209M      
[2026-01-28 13:57:13]   epoch: [3/70]  step: [160/2078] (7.7%)  eta_epoch: 14:47  eta_total: 20:19:03  loss: 1.9151  time: 0.247  data_time: 0.001  forward_time: 0.015  backward_time: 0.065  lr: 0.000100  max_mem: 11209M      
[2026-01-28 13:57:19]   epoch: [3/70]  step: [170/2078] (8.2%)  eta_epoch: 14:46  eta_total: 20:18:52  loss: 2.0224  time: 0.248  data_time: 0.001  forward_time: 0.039  backward_time: 0.051  lr: 0.000100  max_mem: 11209M      
[2026-01-28 13:57:24]   epoch: [3/70]  step: [180/2078] (8.7%)  eta_epoch: 14:37  eta_total: 20:18:17  loss: 2.4182  time: 0.247  data_time: 0.001  forward_time: 0.016  backward_time: 0.065  lr: 0.000100  max_mem: 11209M      
[2026-01-28 13:57:30]   epoch: [3/70]  step: [190/2078] (9.1%)  eta_epoch: 14:34  eta_total: 20:18:06  loss: 2.3126  time: 0.248  data_time: 0.001  forward_time: 0.038  backward_time: 0.051  lr: 0.000100  max_mem: 11209M      
[2026-01-28 13:57:35]   epoch: [3/70]  step: [200/2078] (9.6%)  eta_epoch: 14:23  eta_total: 20:17:21  loss: 2.2000  time: 0.248  data_time: 0.002  forward_time: 0.019  backward_time: 0.063  lr: 0.000100  max_mem: 11209M      
[2026-01-28 13:57:41]   epoch: [3/70]  step: [210/2078] (10.1%)  eta_epoch: 14:21  eta_total: 20:17:04  loss: 2.1040  time: 0.247  data_time: 0.001  forward_time: 0.032  backward_time: 0.052  lr: 0.000100  max_mem: 11209M      
[2026-01-28 13:57:46]   epoch: [3/70]  step: [220/2078] (10.6%)  eta_epoch: 14:14  eta_total: 20:16:27  loss: 1.9938  time: 0.247  data_time: 0.001  forward_time: 0.015  backward_time: 0.065  lr: 0.000100  max_mem: 11209M      
[2026-01-28 13:57:52]   epoch: [3/70]  step: [230/2078] (11.1%)  eta_epoch: 14:12  eta_total: 20:16:14  loss: 2.1886  time: 0.248  data_time: 0.001  forward_time: 0.016  backward_time: 0.064  lr: 0.000100  max_mem: 11209M      
[2026-01-28 13:57:56]   epoch: [3/70]  step: [240/2078] (11.5%)  eta_epoch: 14:03  eta_total: 20:15:33  loss: 1.8950  time: 0.247  data_time: 0.001  forward_time: 0.018  backward_time: 0.063  lr: 0.000100  max_mem: 11209M      
[2026-01-28 13:58:02]   epoch: [3/70]  step: [250/2078] (12.0%)  eta_epoch: 14:01  eta_total: 20:15:20  loss: 1.9786  time: 0.247  data_time: 0.001  forward_time: 0.016  backward_time: 0.065  lr: 0.000100  max_mem: 11209M      
[2026-01-28 13:58:07]   epoch: [3/70]  step: [260/2078] (12.5%)  eta_epoch: 13:53  eta_total: 20:14:38  loss: 2.5354  time: 0.247  data_time: 0.001  forward_time: 0.016  backward_time: 0.067  lr: 0.000100  max_mem: 11209M      
[2026-01-28 13:58:13]   epoch: [3/70]  step: [270/2078] (13.0%)  eta_epoch: 13:51  eta_total: 20:14:30  loss: 2.2531  time: 0.247  data_time: 0.001  forward_time: 0.018  backward_time: 0.063  lr: 0.000100  max_mem: 11209M      
[2026-01-28 13:58:18]   epoch: [3/70]  step: [280/2078] (13.5%)  eta_epoch: 13:44  eta_total: 20:13:53  loss: 1.9866  time: 0.248  data_time: 0.001  forward_time: 0.019  backward_time: 0.060  lr: 0.000100  max_mem: 11209M      
[2026-01-28 13:58:24]   epoch: [3/70]  step: [290/2078] (14.0%)  eta_epoch: 13:41  eta_total: 20:13:37  loss: 2.4620  time: 0.247  data_time: 0.001  forward_time: 0.016  backward_time: 0.064  lr: 0.000100  max_mem: 11209M      
[2026-01-28 13:58:29]   epoch: [3/70]  step: [300/2078] (14.4%)  eta_epoch: 13:34  eta_total: 20:13:06  loss: 2.1712  time: 0.247  data_time: 0.001  forward_time: 0.016  backward_time: 0.065  lr: 0.000100  max_mem: 11209M      
[2026-01-28 13:58:35]   epoch: [3/70]  step: [310/2078] (14.9%)  eta_epoch: 13:31  eta_total: 20:12:48  loss: 2.1475  time: 0.248  data_time: 0.001  forward_time: 0.038  backward_time: 0.042  lr: 0.000100  max_mem: 11209M      
[2026-01-28 13:58:40]   epoch: [3/70]  step: [320/2078] (15.4%)  eta_epoch: 13:25  eta_total: 20:12:19  loss: 1.8748  time: 0.247  data_time: 0.001  forward_time: 0.019  backward_time: 0.062  lr: 0.000100  max_mem: 11209M      
[2026-01-28 13:58:46]   epoch: [3/70]  step: [330/2078] (15.9%)  eta_epoch: 13:23  eta_total: 20:12:19  loss: 2.3216  time: 0.251  data_time: 0.002  forward_time: 0.049  backward_time: 0.062  lr: 0.000100  max_mem: 11209M      
[2026-01-28 13:58:51]   epoch: [3/70]  step: [340/2078] (16.4%)  eta_epoch: 13:16  eta_total: 20:11:44  loss: 2.4328  time: 0.248  data_time: 0.001  forward_time: 0.015  backward_time: 0.065  lr: 0.000100  max_mem: 11209M      
[2026-01-28 13:58:57]   epoch: [3/70]  step: [350/2078] (16.8%)  eta_epoch: 13:13  eta_total: 20:11:39  loss: 1.6976  time: 0.249  data_time: 0.001  forward_time: 0.038  backward_time: 0.052  lr: 0.000100  max_mem: 11209M      
[2026-01-28 13:59:02]   epoch: [3/70]  step: [360/2078] (17.3%)  eta_epoch: 13:06  eta_total: 20:11:03  loss: 2.1236  time: 0.247  data_time: 0.001  forward_time: 0.012  backward_time: 0.069  lr: 0.000100  max_mem: 11209M      
[2026-01-28 13:59:08]   epoch: [3/70]  step: [370/2078] (17.8%)  eta_epoch: 13:06  eta_total: 20:11:06  loss: 2.2782  time: 0.248  data_time: 0.001  forward_time: 0.039  backward_time: 0.054  lr: 0.000100  max_mem: 11209M      
[2026-01-28 13:59:13]   epoch: [3/70]  step: [380/2078] (18.3%)  eta_epoch: 12:59  eta_total: 20:10:18  loss: 2.2085  time: 0.247  data_time: 0.001  forward_time: 0.016  backward_time: 0.065  lr: 0.000100  max_mem: 11209M      
[2026-01-28 13:59:19]   epoch: [3/70]  step: [390/2078] (18.8%)  eta_epoch: 12:55  eta_total: 20:09:58  loss: 2.2277  time: 0.248  data_time: 0.001  forward_time: 0.038  backward_time: 0.055  lr: 0.000100  max_mem: 11209M      
[2026-01-28 13:59:23]   epoch: [3/70]  step: [400/2078] (19.2%)  eta_epoch: 12:47  eta_total: 20:09:08  loss: 2.1955  time: 0.247  data_time: 0.001  forward_time: 0.017  backward_time: 0.063  lr: 0.000100  max_mem: 11209M      
[2026-01-28 13:59:30]   epoch: [3/70]  step: [410/2078] (19.7%)  eta_epoch: 12:44  eta_total: 20:09:00  loss: 2.0650  time: 0.249  data_time: 0.001  forward_time: 0.038  backward_time: 0.051  lr: 0.000100  max_mem: 11209M      
[2026-01-28 13:59:34]   epoch: [3/70]  step: [420/2078] (20.2%)  eta_epoch: 12:38  eta_total: 20:08:21  loss: 2.3433  time: 0.247  data_time: 0.001  forward_time: 0.016  backward_time: 0.068  lr: 0.000100  max_mem: 11209M      
[2026-01-28 13:59:41]   epoch: [3/70]  step: [430/2078] (20.7%)  eta_epoch: 12:35  eta_total: 20:08:17  loss: 2.4763  time: 0.248  data_time: 0.001  forward_time: 0.041  backward_time: 0.055  lr: 0.000100  max_mem: 11209M      
[2026-01-28 13:59:46]   epoch: [3/70]  step: [440/2078] (21.2%)  eta_epoch: 12:29  eta_total: 20:07:42  loss: 2.3770  time: 0.248  data_time: 0.001  forward_time: 0.016  backward_time: 0.065  lr: 0.000100  max_mem: 11209M      
[2026-01-28 13:59:52]   epoch: [3/70]  step: [450/2078] (21.7%)  eta_epoch: 12:28  eta_total: 20:07:45  loss: 2.1101  time: 0.248  data_time: 0.001  forward_time: 0.039  backward_time: 0.053  lr: 0.000100  max_mem: 11209M      
[2026-01-28 13:59:57]   epoch: [3/70]  step: [460/2078] (22.1%)  eta_epoch: 12:21  eta_total: 20:07:08  loss: 2.2313  time: 0.247  data_time: 0.001  forward_time: 0.016  backward_time: 0.068  lr: 0.000100  max_mem: 11209M      
[2026-01-28 14:00:03]   epoch: [3/70]  step: [470/2078] (22.6%)  eta_epoch: 12:19  eta_total: 20:07:07  loss: 1.8325  time: 0.250  data_time: 0.001  forward_time: 0.043  backward_time: 0.055  lr: 0.000100  max_mem: 11209M      
[2026-01-28 14:00:08]   epoch: [3/70]  step: [480/2078] (23.1%)  eta_epoch: 12:13  eta_total: 20:06:31  loss: 1.9701  time: 0.247  data_time: 0.001  forward_time: 0.016  backward_time: 0.065  lr: 0.000100  max_mem: 11209M      
[2026-01-28 14:00:14]   epoch: [3/70]  step: [490/2078] (23.6%)  eta_epoch: 12:10  eta_total: 20:06:27  loss: 2.2686  time: 0.248  data_time: 0.001  forward_time: 0.038  backward_time: 0.045  lr: 0.000100  max_mem: 11209M      
[2026-01-28 14:00:19]   epoch: [3/70]  step: [500/2078] (24.1%)  eta_epoch: 12:04  eta_total: 20:05:53  loss: 1.7881  time: 0.247  data_time: 0.001  forward_time: 0.016  backward_time: 0.065  lr: 0.000100  max_mem: 11209M      
[2026-01-28 14:00:25]   epoch: [3/70]  step: [510/2078] (24.5%)  eta_epoch: 12:00  eta_total: 20:05:42  loss: 2.2847  time: 0.248  data_time: 0.001  forward_time: 0.039  backward_time: 0.052  lr: 0.000100  max_mem: 11209M      
[2026-01-28 14:00:30]   epoch: [3/70]  step: [520/2078] (25.0%)  eta_epoch: 11:55  eta_total: 20:05:07  loss: 2.2170  time: 0.247  data_time: 0.001  forward_time: 0.016  backward_time: 0.065  lr: 0.000100  max_mem: 11209M      
[2026-01-28 14:00:36]   epoch: [3/70]  step: [530/2078] (25.5%)  eta_epoch: 11:51  eta_total: 20:04:56  loss: 1.9790  time: 0.248  data_time: 0.001  forward_time: 0.038  backward_time: 0.051  lr: 0.000100  max_mem: 11209M      
[2026-01-28 14:00:41]   epoch: [3/70]  step: [540/2078] (26.0%)  eta_epoch: 11:45  eta_total: 20:04:20  loss: 1.9616  time: 0.247  data_time: 0.001  forward_time: 0.016  backward_time: 0.070  lr: 0.000100  max_mem: 11209M      
[2026-01-28 14:00:47]   epoch: [3/70]  step: [550/2078] (26.5%)  eta_epoch: 11:42  eta_total: 20:04:23  loss: 2.0249  time: 0.247  data_time: 0.001  forward_time: 0.017  backward_time: 0.064  lr: 0.000100  max_mem: 11209M      
[2026-01-28 14:00:52]   epoch: [3/70]  step: [560/2078] (26.9%)  eta_epoch: 11:37  eta_total: 20:03:48  loss: 2.3964  time: 0.247  data_time: 0.001  forward_time: 0.015  backward_time: 0.066  lr: 0.000100  max_mem: 11209M      
[2026-01-28 14:00:59]   epoch: [3/70]  step: [570/2078] (27.4%)  eta_epoch: 11:33  eta_total: 20:03:40  loss: 2.0326  time: 0.248  data_time: 0.001  forward_time: 0.039  backward_time: 0.051  lr: 0.000100  max_mem: 11209M      
[2026-01-28 14:01:04]   epoch: [3/70]  step: [580/2078] (27.9%)  eta_epoch: 11:28  eta_total: 20:03:07  loss: 2.4283  time: 0.247  data_time: 0.001  forward_time: 0.016  backward_time: 0.065  lr: 0.000100  max_mem: 11209M      
[2026-01-28 14:01:10]   epoch: [3/70]  step: [590/2078] (28.4%)  eta_epoch: 11:25  eta_total: 20:03:05  loss: 2.5125  time: 0.247  data_time: 0.001  forward_time: 0.017  backward_time: 0.065  lr: 0.000100  max_mem: 11209M      
[2026-01-28 14:01:16]   epoch: [3/70]  step: [600/2078] (28.9%)  eta_epoch: 11:20  eta_total: 20:02:35  loss: 2.4136  time: 0.247  data_time: 0.001  forward_time: 0.016  backward_time: 0.065  lr: 0.000100  max_mem: 11209M      
[2026-01-28 14:01:22]   epoch: [3/70]  step: [610/2078] (29.4%)  eta_epoch: 11:17  eta_total: 20:02:30  loss: 2.2391  time: 0.248  data_time: 0.001  forward_time: 0.039  backward_time: 0.052  lr: 0.000100  max_mem: 11209M      
[2026-01-28 14:01:27]   epoch: [3/70]  step: [620/2078] (29.8%)  eta_epoch: 11:11  eta_total: 20:02:01  loss: 2.3026  time: 0.247  data_time: 0.001  forward_time: 0.017  backward_time: 0.063  lr: 0.000100  max_mem: 11209M      
[2026-01-28 14:01:33]   epoch: [3/70]  step: [630/2078] (30.3%)  eta_epoch: 11:08  eta_total: 20:01:56  loss: 2.5704  time: 0.248  data_time: 0.001  forward_time: 0.028  backward_time: 0.051  lr: 0.000100  max_mem: 11209M      
[2026-01-28 14:01:38]   epoch: [3/70]  step: [640/2078] (30.8%)  eta_epoch: 11:02  eta_total: 20:01:23  loss: 2.2093  time: 0.247  data_time: 0.001  forward_time: 0.016  backward_time: 0.065  lr: 0.000100  max_mem: 11209M      
[2026-01-28 14:01:44]   epoch: [3/70]  step: [650/2078] (31.3%)  eta_epoch: 10:59  eta_total: 20:01:18  loss: 2.1034  time: 0.249  data_time: 0.001  forward_time: 0.039  backward_time: 0.052  lr: 0.000100  max_mem: 11209M      
[2026-01-28 14:01:49]   epoch: [3/70]  step: [660/2078] (31.8%)  eta_epoch: 10:53  eta_total: 20:00:51  loss: 1.9719  time: 0.248  data_time: 0.002  forward_time: 0.016  backward_time: 0.065  lr: 0.000100  max_mem: 11209M      
[2026-01-28 14:01:56]   epoch: [3/70]  step: [670/2078] (32.2%)  eta_epoch: 10:50  eta_total: 20:00:49  loss: 2.0232  time: 0.247  data_time: 0.001  forward_time: 0.021  backward_time: 0.060  lr: 0.000100  max_mem: 11209M      
[2026-01-28 14:02:01]   epoch: [3/70]  step: [680/2078] (32.7%)  eta_epoch: 10:45  eta_total: 20:00:18  loss: 2.0458  time: 0.247  data_time: 0.001  forward_time: 0.016  backward_time: 0.066  lr: 0.000100  max_mem: 11209M      
[2026-01-28 14:02:07]   epoch: [3/70]  step: [690/2078] (33.2%)  eta_epoch: 10:41  eta_total: 20:00:08  loss: 2.1717  time: 0.249  data_time: 0.001  forward_time: 0.039  backward_time: 0.059  lr: 0.000100  max_mem: 11209M      
[2026-01-28 14:02:12]   epoch: [3/70]  step: [700/2078] (33.7%)  eta_epoch: 10:36  eta_total: 19:59:53  loss: 1.9453  time: 0.247  data_time: 0.001  forward_time: 0.016  backward_time: 0.065  lr: 0.000100  max_mem: 11209M      
[2026-01-28 14:02:18]   epoch: [3/70]  step: [710/2078] (34.2%)  eta_epoch: 10:32  eta_total: 19:59:41  loss: 1.9712  time: 0.248  data_time: 0.001  forward_time: 0.034  backward_time: 0.051  lr: 0.000100  max_mem: 11209M      
[2026-01-28 14:02:23]   epoch: [3/70]  step: [720/2078] (34.6%)  eta_epoch: 10:27  eta_total: 19:59:10  loss: 2.0361  time: 0.248  data_time: 0.001  forward_time: 0.019  backward_time: 0.074  lr: 0.000100  max_mem: 11209M      
[2026-01-28 14:02:29]   epoch: [3/70]  step: [730/2078] (35.1%)  eta_epoch: 10:23  eta_total: 19:59:02  loss: 2.2716  time: 0.248  data_time: 0.001  forward_time: 0.039  backward_time: 0.052  lr: 0.000100  max_mem: 11209M      
[2026-01-28 14:02:34]   epoch: [3/70]  step: [740/2078] (35.6%)  eta_epoch: 10:17  eta_total: 19:58:24  loss: 2.2266  time: 0.248  data_time: 0.001  forward_time: 0.017  backward_time: 0.064  lr: 0.000100  max_mem: 11209M      
[2026-01-28 14:02:40]   epoch: [3/70]  step: [750/2078] (36.1%)  eta_epoch: 10:14  eta_total: 19:58:20  loss: 2.4366  time: 0.249  data_time: 0.001  forward_time: 0.042  backward_time: 0.052  lr: 0.000100  max_mem: 11209M      
[2026-01-28 14:02:45]   epoch: [3/70]  step: [760/2078] (36.6%)  eta_epoch: 10:08  eta_total: 19:57:47  loss: 2.0975  time: 0.247  data_time: 0.001  forward_time: 0.017  backward_time: 0.064  lr: 0.000100  max_mem: 11209M      
[2026-01-28 14:02:51]   epoch: [3/70]  step: [770/2078] (37.1%)  eta_epoch: 10:04  eta_total: 19:57:37  loss: 2.0619  time: 0.248  data_time: 0.001  forward_time: 0.039  backward_time: 0.053  lr: 0.000100  max_mem: 11209M      
[2026-01-28 14:02:57]   epoch: [3/70]  step: [780/2078] (37.5%)  eta_epoch: 9:59  eta_total: 19:57:12  loss: 2.0918  time: 0.248  data_time: 0.001  forward_time: 0.016  backward_time: 0.065  lr: 0.000100  max_mem: 11209M      
[2026-01-28 14:03:02]   epoch: [3/70]  step: [790/2078] (38.0%)  eta_epoch: 9:55  eta_total: 19:57:04  loss: 2.0679  time: 0.248  data_time: 0.001  forward_time: 0.040  backward_time: 0.052  lr: 0.000100  max_mem: 11209M      
[2026-01-28 14:03:07]   epoch: [3/70]  step: [800/2078] (38.5%)  eta_epoch: 9:50  eta_total: 19:56:32  loss: 2.1201  time: 0.247  data_time: 0.001  forward_time: 0.016  backward_time: 0.066  lr: 0.000100  max_mem: 11209M      
[2026-01-28 14:03:14]   epoch: [3/70]  step: [810/2078] (39.0%)  eta_epoch: 9:46  eta_total: 19:56:30  loss: 2.2173  time: 0.248  data_time: 0.002  forward_time: 0.017  backward_time: 0.063  lr: 0.000100  max_mem: 11209M      
[2026-01-28 14:03:19]   epoch: [3/70]  step: [820/2078] (39.5%)  eta_epoch: 9:41  eta_total: 19:56:06  loss: 2.2640  time: 0.247  data_time: 0.001  forward_time: 0.016  backward_time: 0.064  lr: 0.000100  max_mem: 11209M      
[2026-01-28 14:03:25]   epoch: [3/70]  step: [830/2078] (39.9%)  eta_epoch: 9:37  eta_total: 19:55:58  loss: 1.9543  time: 0.247  data_time: 0.001  forward_time: 0.016  backward_time: 0.065  lr: 0.000100  max_mem: 11209M      
[2026-01-28 14:03:30]   epoch: [3/70]  step: [840/2078] (40.4%)  eta_epoch: 9:32  eta_total: 19:55:29  loss: 2.2609  time: 0.247  data_time: 0.001  forward_time: 0.015  backward_time: 0.065  lr: 0.000100  max_mem: 11209M      
[2026-01-28 14:03:37]   epoch: [3/70]  step: [850/2078] (40.9%)  eta_epoch: 9:28  eta_total: 19:55:25  loss: 2.2243  time: 0.247  data_time: 0.001  forward_time: 0.016  backward_time: 0.065  lr: 0.000100  max_mem: 11209M      
[2026-01-28 14:03:42]   epoch: [3/70]  step: [860/2078] (41.4%)  eta_epoch: 9:23  eta_total: 19:54:56  loss: 2.0180  time: 0.247  data_time: 0.001  forward_time: 0.016  backward_time: 0.065  lr: 0.000100  max_mem: 11209M      
[2026-01-28 14:03:48]   epoch: [3/70]  step: [870/2078] (41.9%)  eta_epoch: 9:19  eta_total: 19:54:50  loss: 2.3802  time: 0.247  data_time: 0.001  forward_time: 0.017  backward_time: 0.064  lr: 0.000100  max_mem: 11209M      
[2026-01-28 14:03:53]   epoch: [3/70]  step: [880/2078] (42.3%)  eta_epoch: 9:14  eta_total: 19:54:20  loss: 2.1106  time: 0.247  data_time: 0.001  forward_time: 0.015  backward_time: 0.066  lr: 0.000100  max_mem: 11209M      
[2026-01-28 14:04:00]   epoch: [3/70]  step: [890/2078] (42.8%)  eta_epoch: 9:10  eta_total: 19:54:21  loss: 2.1666  time: 0.248  data_time: 0.002  forward_time: 0.014  backward_time: 0.070  lr: 0.000100  max_mem: 11209M      
[2026-01-28 14:04:04]   epoch: [3/70]  step: [900/2078] (43.3%)  eta_epoch: 9:05  eta_total: 19:53:51  loss: 2.0482  time: 0.247  data_time: 0.001  forward_time: 0.016  backward_time: 0.065  lr: 0.000100  max_mem: 11209M      
[2026-01-28 14:04:11]   epoch: [3/70]  step: [910/2078] (43.8%)  eta_epoch: 9:01  eta_total: 19:53:53  loss: 2.1102  time: 0.248  data_time: 0.001  forward_time: 0.017  backward_time: 0.069  lr: 0.000100  max_mem: 11209M      
[2026-01-28 14:04:16]   epoch: [3/70]  step: [920/2078] (44.3%)  eta_epoch: 8:56  eta_total: 19:53:27  loss: 1.9820  time: 0.247  data_time: 0.001  forward_time: 0.016  backward_time: 0.065  lr: 0.000100  max_mem: 11209M      
[2026-01-28 14:04:22]   epoch: [3/70]  step: [930/2078] (44.8%)  eta_epoch: 8:52  eta_total: 19:53:31  loss: 2.1578  time: 0.248  data_time: 0.001  forward_time: 0.018  backward_time: 0.063  lr: 0.000100  max_mem: 11209M      
[2026-01-28 14:04:27]   epoch: [3/70]  step: [940/2078] (45.2%)  eta_epoch: 8:47  eta_total: 19:52:56  loss: 1.9555  time: 0.248  data_time: 0.001  forward_time: 0.018  backward_time: 0.065  lr: 0.000100  max_mem: 11209M      
[2026-01-28 14:04:33]   epoch: [3/70]  step: [950/2078] (45.7%)  eta_epoch: 8:43  eta_total: 19:52:50  loss: 2.2823  time: 0.247  data_time: 0.001  forward_time: 0.017  backward_time: 0.064  lr: 0.000100  max_mem: 11209M      
[2026-01-28 14:04:38]   epoch: [3/70]  step: [960/2078] (46.2%)  eta_epoch: 8:38  eta_total: 19:52:12  loss: 1.8815  time: 0.247  data_time: 0.001  forward_time: 0.016  backward_time: 0.065  lr: 0.000100  max_mem: 11209M      
[2026-01-28 14:04:44]   epoch: [3/70]  step: [970/2078] (46.7%)  eta_epoch: 8:33  eta_total: 19:52:04  loss: 2.3409  time: 0.248  data_time: 0.001  forward_time: 0.018  backward_time: 0.063  lr: 0.000100  max_mem: 11209M      
[2026-01-28 14:04:49]   epoch: [3/70]  step: [980/2078] (47.2%)  eta_epoch: 8:28  eta_total: 19:51:29  loss: 2.0872  time: 0.247  data_time: 0.001  forward_time: 0.016  backward_time: 0.065  lr: 0.000100  max_mem: 11209M      
[2026-01-28 14:04:55]   epoch: [3/70]  step: [990/2078] (47.6%)  eta_epoch: 8:24  eta_total: 19:51:29  loss: 1.9649  time: 0.247  data_time: 0.001  forward_time: 0.017  backward_time: 0.064  lr: 0.000100  max_mem: 11209M      
[2026-01-28 14:05:00]   epoch: [3/70]  step: [1000/2078] (48.1%)  eta_epoch: 8:19  eta_total: 19:51:01  loss: 2.0610  time: 0.247  data_time: 0.002  forward_time: 0.016  backward_time: 0.065  lr: 0.000100  max_mem: 11209M      
[2026-01-28 14:05:07]   epoch: [3/70]  step: [1010/2078] (48.6%)  eta_epoch: 8:15  eta_total: 19:51:02  loss: 2.1492  time: 0.247  data_time: 0.001  forward_time: 0.016  backward_time: 0.065  lr: 0.000100  max_mem: 11209M      
[2026-01-28 14:05:12]   epoch: [3/70]  step: [1020/2078] (49.1%)  eta_epoch: 8:10  eta_total: 19:50:26  loss: 2.2547  time: 0.247  data_time: 0.001  forward_time: 0.016  backward_time: 0.067  lr: 0.000100  max_mem: 11209M      
[2026-01-28 14:05:18]   epoch: [3/70]  step: [1030/2078] (49.6%)  eta_epoch: 8:06  eta_total: 19:50:23  loss: 2.4072  time: 0.247  data_time: 0.001  forward_time: 0.015  backward_time: 0.066  lr: 0.000100  max_mem: 11209M      
[2026-01-28 14:05:23]   epoch: [3/70]  step: [1040/2078] (50.0%)  eta_epoch: 8:00  eta_total: 19:49:49  loss: 2.0207  time: 0.247  data_time: 0.001  forward_time: 0.016  backward_time: 0.065  lr: 0.000100  max_mem: 11209M      
[2026-01-28 14:05:29]   epoch: [3/70]  step: [1050/2078] (50.5%)  eta_epoch: 7:56  eta_total: 19:49:52  loss: 2.0269  time: 0.247  data_time: 0.001  forward_time: 0.016  backward_time: 0.065  lr: 0.000100  max_mem: 11209M      
[2026-01-28 14:05:34]   epoch: [3/70]  step: [1060/2078] (51.0%)  eta_epoch: 7:51  eta_total: 19:49:18  loss: 2.1112  time: 0.247  data_time: 0.001  forward_time: 0.016  backward_time: 0.065  lr: 0.000100  max_mem: 11209M      
[2026-01-28 14:05:40]   epoch: [3/70]  step: [1070/2078] (51.5%)  eta_epoch: 7:47  eta_total: 19:49:14  loss: 2.4523  time: 0.248  data_time: 0.001  forward_time: 0.039  backward_time: 0.052  lr: 0.000100  max_mem: 11209M      
[2026-01-28 14:05:44]   epoch: [3/70]  step: [1080/2078] (52.0%)  eta_epoch: 7:42  eta_total: 19:48:44  loss: 2.0182  time: 0.247  data_time: 0.001  forward_time: 0.016  backward_time: 0.066  lr: 0.000100  max_mem: 11209M      
[2026-01-28 14:05:51]   epoch: [3/70]  step: [1090/2078] (52.5%)  eta_epoch: 7:38  eta_total: 19:48:39  loss: 2.0184  time: 0.249  data_time: 0.001  forward_time: 0.039  backward_time: 0.051  lr: 0.000100  max_mem: 11209M      
[2026-01-28 14:05:55]   epoch: [3/70]  step: [1100/2078] (52.9%)  eta_epoch: 7:32  eta_total: 19:48:02  loss: 2.4678  time: 0.247  data_time: 0.001  forward_time: 0.016  backward_time: 0.065  lr: 0.000100  max_mem: 11209M      
[2026-01-28 14:06:01]   epoch: [3/70]  step: [1110/2078] (53.4%)  eta_epoch: 7:28  eta_total: 19:47:56  loss: 2.1324  time: 0.248  data_time: 0.001  forward_time: 0.016  backward_time: 0.065  lr: 0.000100  max_mem: 11209M      
[2026-01-28 14:06:06]   epoch: [3/70]  step: [1120/2078] (53.9%)  eta_epoch: 7:23  eta_total: 19:47:20  loss: 2.1663  time: 0.247  data_time: 0.001  forward_time: 0.012  backward_time: 0.066  lr: 0.000100  max_mem: 11209M      
[2026-01-28 14:06:12]   epoch: [3/70]  step: [1130/2078] (54.4%)  eta_epoch: 7:19  eta_total: 19:47:20  loss: 2.0795  time: 0.248  data_time: 0.001  forward_time: 0.056  backward_time: 0.055  lr: 0.000100  max_mem: 11209M      
[2026-01-28 14:06:17]   epoch: [3/70]  step: [1140/2078] (54.9%)  eta_epoch: 7:14  eta_total: 19:46:56  loss: 2.3590  time: 0.249  data_time: 0.001  forward_time: 0.018  backward_time: 0.063  lr: 0.000100  max_mem: 11209M      
[2026-01-28 14:06:23]   epoch: [3/70]  step: [1150/2078] (55.3%)  eta_epoch: 7:09  eta_total: 19:46:46  loss: 2.1147  time: 0.249  data_time: 0.001  forward_time: 0.041  backward_time: 0.053  lr: 0.000100  max_mem: 11209M      
[2026-01-28 14:06:28]   epoch: [3/70]  step: [1160/2078] (55.8%)  eta_epoch: 7:04  eta_total: 19:46:23  loss: 1.6913  time: 0.247  data_time: 0.001  forward_time: 0.018  backward_time: 0.063  lr: 0.000100  max_mem: 11209M      
[2026-01-28 14:06:35]   epoch: [3/70]  step: [1170/2078] (56.3%)  eta_epoch: 7:00  eta_total: 19:46:23  loss: 2.2219  time: 0.248  data_time: 0.001  forward_time: 0.040  backward_time: 0.052  lr: 0.000100  max_mem: 11209M      
[2026-01-28 14:06:39]   epoch: [3/70]  step: [1180/2078] (56.8%)  eta_epoch: 6:55  eta_total: 19:45:53  loss: 1.8748  time: 0.249  data_time: 0.001  forward_time: 0.024  backward_time: 0.058  lr: 0.000100  max_mem: 11209M      
[2026-01-28 14:06:46]   epoch: [3/70]  step: [1190/2078] (57.3%)  eta_epoch: 6:51  eta_total: 19:45:54  loss: 2.0741  time: 0.248  data_time: 0.001  forward_time: 0.039  backward_time: 0.054  lr: 0.000100  max_mem: 11209M      
[2026-01-28 14:06:51]   epoch: [3/70]  step: [1200/2078] (57.7%)  eta_epoch: 6:46  eta_total: 19:45:16  loss: 1.9559  time: 0.248  data_time: 0.001  forward_time: 0.017  backward_time: 0.067  lr: 0.000100  max_mem: 11209M      
[2026-01-28 14:06:57]   epoch: [3/70]  step: [1210/2078] (58.2%)  eta_epoch: 6:42  eta_total: 19:45:05  loss: 2.1007  time: 0.248  data_time: 0.001  forward_time: 0.038  backward_time: 0.051  lr: 0.000100  max_mem: 11209M      
[2026-01-28 14:07:01]   epoch: [3/70]  step: [1220/2078] (58.7%)  eta_epoch: 6:37  eta_total: 19:44:34  loss: 1.9477  time: 0.247  data_time: 0.001  forward_time: 0.016  backward_time: 0.065  lr: 0.000100  max_mem: 11209M      
[2026-01-28 14:07:07]   epoch: [3/70]  step: [1230/2078] (59.2%)  eta_epoch: 6:32  eta_total: 19:44:26  loss: 1.7348  time: 0.248  data_time: 0.001  forward_time: 0.039  backward_time: 0.052  lr: 0.000100  max_mem: 11209M      
[2026-01-28 14:07:12]   epoch: [3/70]  step: [1240/2078] (59.7%)  eta_epoch: 6:27  eta_total: 19:43:52  loss: 1.7878  time: 0.247  data_time: 0.001  forward_time: 0.016  backward_time: 0.064  lr: 0.000100  max_mem: 11209M      
[2026-01-28 14:07:18]   epoch: [3/70]  step: [1250/2078] (60.2%)  eta_epoch: 6:22  eta_total: 19:43:32  loss: 1.9833  time: 0.247  data_time: 0.001  forward_time: 0.015  backward_time: 0.065  lr: 0.000100  max_mem: 11209M      
[2026-01-28 14:07:22]   epoch: [3/70]  step: [1260/2078] (60.6%)  eta_epoch: 6:17  eta_total: 19:42:56  loss: 2.3295  time: 0.247  data_time: 0.001  forward_time: 0.016  backward_time: 0.066  lr: 0.000100  max_mem: 11209M      
[2026-01-28 14:07:28]   epoch: [3/70]  step: [1270/2078] (61.1%)  eta_epoch: 6:13  eta_total: 19:42:50  loss: 1.8507  time: 0.247  data_time: 0.001  forward_time: 0.018  backward_time: 0.063  lr: 0.000100  max_mem: 11209M      
[2026-01-28 14:07:33]   epoch: [3/70]  step: [1280/2078] (61.6%)  eta_epoch: 6:08  eta_total: 19:42:11  loss: 2.6402  time: 0.248  data_time: 0.001  forward_time: 0.017  backward_time: 0.064  lr: 0.000100  max_mem: 11209M      
[2026-01-28 14:07:39]   epoch: [3/70]  step: [1290/2078] (62.1%)  eta_epoch: 6:04  eta_total: 19:42:03  loss: 2.1234  time: 0.247  data_time: 0.001  forward_time: 0.016  backward_time: 0.061  lr: 0.000100  max_mem: 11209M      
[2026-01-28 14:07:44]   epoch: [3/70]  step: [1300/2078] (62.6%)  eta_epoch: 5:59  eta_total: 19:41:28  loss: 2.2684  time: 0.247  data_time: 0.001  forward_time: 0.016  backward_time: 0.065  lr: 0.000100  max_mem: 11209M      
[2026-01-28 14:07:49]   epoch: [3/70]  step: [1310/2078] (63.0%)  eta_epoch: 5:54  eta_total: 19:41:16  loss: 2.2481  time: 0.247  data_time: 0.001  forward_time: 0.017  backward_time: 0.064  lr: 0.000100  max_mem: 11209M      
[2026-01-28 14:07:54]   epoch: [3/70]  step: [1320/2078] (63.5%)  eta_epoch: 5:49  eta_total: 19:40:50  loss: 2.4602  time: 0.253  data_time: 0.003  forward_time: 0.044  backward_time: 0.052  lr: 0.000100  max_mem: 11209M      
[2026-01-28 14:07:59]   epoch: [3/70]  step: [1330/2078] (64.0%)  eta_epoch: 5:44  eta_total: 19:40:32  loss: 2.2337  time: 0.248  data_time: 0.001  forward_time: 0.039  backward_time: 0.052  lr: 0.000100  max_mem: 11209M      
[2026-01-28 14:08:04]   epoch: [3/70]  step: [1340/2078] (64.5%)  eta_epoch: 5:39  eta_total: 19:40:00  loss: 1.9306  time: 0.247  data_time: 0.001  forward_time: 0.015  backward_time: 0.065  lr: 0.000100  max_mem: 11209M      
[2026-01-28 14:08:09]   epoch: [3/70]  step: [1350/2078] (65.0%)  eta_epoch: 5:35  eta_total: 19:39:46  loss: 2.2035  time: 0.248  data_time: 0.001  forward_time: 0.038  backward_time: 0.052  lr: 0.000100  max_mem: 11209M      
[2026-01-28 14:08:14]   epoch: [3/70]  step: [1360/2078] (65.4%)  eta_epoch: 5:30  eta_total: 19:39:14  loss: 1.9038  time: 0.247  data_time: 0.001  forward_time: 0.015  backward_time: 0.066  lr: 0.000100  max_mem: 11209M      
[2026-01-28 14:08:20]   epoch: [3/70]  step: [1370/2078] (65.9%)  eta_epoch: 5:25  eta_total: 19:38:58  loss: 1.9811  time: 0.248  data_time: 0.001  forward_time: 0.047  backward_time: 0.051  lr: 0.000100  max_mem: 11209M      
[2026-01-28 14:08:25]   epoch: [3/70]  step: [1380/2078] (66.4%)  eta_epoch: 5:21  eta_total: 19:38:32  loss: 1.9010  time: 0.248  data_time: 0.001  forward_time: 0.016  backward_time: 0.065  lr: 0.000100  max_mem: 11209M      
[2026-01-28 14:08:31]   epoch: [3/70]  step: [1390/2078] (66.9%)  eta_epoch: 5:16  eta_total: 19:38:26  loss: 1.9952  time: 0.248  data_time: 0.001  forward_time: 0.039  backward_time: 0.059  lr: 0.000100  max_mem: 11209M      
[2026-01-28 14:08:36]   epoch: [3/70]  step: [1400/2078] (67.4%)  eta_epoch: 5:11  eta_total: 19:38:04  loss: 2.1846  time: 0.248  data_time: 0.001  forward_time: 0.017  backward_time: 0.064  lr: 0.000100  max_mem: 11209M      
[2026-01-28 14:08:42]   epoch: [3/70]  step: [1410/2078] (67.9%)  eta_epoch: 5:07  eta_total: 19:37:58  loss: 2.0319  time: 0.247  data_time: 0.001  forward_time: 0.014  backward_time: 0.068  lr: 0.000100  max_mem: 11209M      
[2026-01-28 14:08:47]   epoch: [3/70]  step: [1420/2078] (68.3%)  eta_epoch: 5:02  eta_total: 19:37:27  loss: 2.0814  time: 0.248  data_time: 0.001  forward_time: 0.016  backward_time: 0.065  lr: 0.000100  max_mem: 11209M      
[2026-01-28 14:08:52]   epoch: [3/70]  step: [1430/2078] (68.8%)  eta_epoch: 4:58  eta_total: 19:37:13  loss: 2.0860  time: 0.248  data_time: 0.001  forward_time: 0.040  backward_time: 0.053  lr: 0.000100  max_mem: 11209M      
[2026-01-28 14:08:57]   epoch: [3/70]  step: [1440/2078] (69.3%)  eta_epoch: 4:53  eta_total: 19:36:38  loss: 2.1795  time: 0.248  data_time: 0.001  forward_time: 0.024  backward_time: 0.058  lr: 0.000100  max_mem: 11209M      
[2026-01-28 14:09:03]   epoch: [3/70]  step: [1450/2078] (69.8%)  eta_epoch: 4:48  eta_total: 19:36:26  loss: 2.5326  time: 0.248  data_time: 0.001  forward_time: 0.041  backward_time: 0.053  lr: 0.000100  max_mem: 11209M      
[2026-01-28 14:09:07]   epoch: [3/70]  step: [1460/2078] (70.3%)  eta_epoch: 4:43  eta_total: 19:35:50  loss: 1.9125  time: 0.247  data_time: 0.001  forward_time: 0.022  backward_time: 0.059  lr: 0.000100  max_mem: 11209M      
[2026-01-28 14:09:13]   epoch: [3/70]  step: [1470/2078] (70.7%)  eta_epoch: 4:39  eta_total: 19:35:41  loss: 2.5251  time: 0.249  data_time: 0.001  forward_time: 0.042  backward_time: 0.053  lr: 0.000100  max_mem: 11209M      
[2026-01-28 14:09:18]   epoch: [3/70]  step: [1480/2078] (71.2%)  eta_epoch: 4:34  eta_total: 19:35:12  loss: 1.8840  time: 0.247  data_time: 0.001  forward_time: 0.015  backward_time: 0.065  lr: 0.000100  max_mem: 11209M      
[2026-01-28 14:09:24]   epoch: [3/70]  step: [1490/2078] (71.7%)  eta_epoch: 4:30  eta_total: 19:35:07  loss: 2.0325  time: 0.248  data_time: 0.001  forward_time: 0.041  backward_time: 0.040  lr: 0.000100  max_mem: 11209M      
[2026-01-28 14:09:29]   epoch: [3/70]  step: [1500/2078] (72.2%)  eta_epoch: 4:25  eta_total: 19:34:39  loss: 1.8656  time: 0.247  data_time: 0.001  forward_time: 0.018  backward_time: 0.062  lr: 0.000100  max_mem: 11209M      
[2026-01-28 14:09:34]   epoch: [3/70]  step: [1510/2078] (72.7%)  eta_epoch: 4:20  eta_total: 19:34:29  loss: 2.0292  time: 0.248  data_time: 0.001  forward_time: 0.041  backward_time: 0.053  lr: 0.000100  max_mem: 11209M      
[2026-01-28 14:09:39]   epoch: [3/70]  step: [1520/2078] (73.1%)  eta_epoch: 4:15  eta_total: 19:34:01  loss: 2.1002  time: 0.247  data_time: 0.001  forward_time: 0.022  backward_time: 0.059  lr: 0.000100  max_mem: 11209M      
[2026-01-28 14:09:45]   epoch: [3/70]  step: [1530/2078] (73.6%)  eta_epoch: 4:11  eta_total: 19:33:50  loss: 2.0865  time: 0.248  data_time: 0.001  forward_time: 0.040  backward_time: 0.052  lr: 0.000100  max_mem: 11209M      
[2026-01-28 14:09:50]   epoch: [3/70]  step: [1540/2078] (74.1%)  eta_epoch: 4:06  eta_total: 19:33:18  loss: 2.1634  time: 0.247  data_time: 0.001  forward_time: 0.016  backward_time: 0.065  lr: 0.000100  max_mem: 11209M      
[2026-01-28 14:09:56]   epoch: [3/70]  step: [1550/2078] (74.6%)  eta_epoch: 4:02  eta_total: 19:33:06  loss: 2.1764  time: 0.248  data_time: 0.001  forward_time: 0.040  backward_time: 0.043  lr: 0.000100  max_mem: 11209M      
[2026-01-28 14:10:00]   epoch: [3/70]  step: [1560/2078] (75.1%)  eta_epoch: 3:57  eta_total: 19:32:30  loss: 1.9957  time: 0.248  data_time: 0.001  forward_time: 0.015  backward_time: 0.066  lr: 0.000100  max_mem: 11209M      
[2026-01-28 14:10:06]   epoch: [3/70]  step: [1570/2078] (75.6%)  eta_epoch: 3:52  eta_total: 19:32:19  loss: 2.2392  time: 0.248  data_time: 0.001  forward_time: 0.042  backward_time: 0.052  lr: 0.000100  max_mem: 11209M      
[2026-01-28 14:10:10]   epoch: [3/70]  step: [1580/2078] (76.0%)  eta_epoch: 3:48  eta_total: 19:31:47  loss: 1.8901  time: 0.247  data_time: 0.001  forward_time: 0.018  backward_time: 0.063  lr: 0.000100  max_mem: 11209M      
[2026-01-28 14:10:16]   epoch: [3/70]  step: [1590/2078] (76.5%)  eta_epoch: 3:43  eta_total: 19:31:41  loss: 2.0041  time: 0.249  data_time: 0.001  forward_time: 0.041  backward_time: 0.058  lr: 0.000100  max_mem: 11209M      
[2026-01-28 14:10:21]   epoch: [3/70]  step: [1600/2078] (77.0%)  eta_epoch: 3:38  eta_total: 19:31:19  loss: 2.0924  time: 0.247  data_time: 0.001  forward_time: 0.016  backward_time: 0.065  lr: 0.000100  max_mem: 11209M      
[2026-01-28 14:10:27]   epoch: [3/70]  step: [1610/2078] (77.5%)  eta_epoch: 3:34  eta_total: 19:31:06  loss: 2.0017  time: 0.248  data_time: 0.001  forward_time: 0.039  backward_time: 0.058  lr: 0.000100  max_mem: 11209M      
[2026-01-28 14:10:31]   epoch: [3/70]  step: [1620/2078] (78.0%)  eta_epoch: 3:29  eta_total: 19:30:34  loss: 1.9807  time: 0.247  data_time: 0.001  forward_time: 0.016  backward_time: 0.065  lr: 0.000100  max_mem: 11209M      
[2026-01-28 14:10:37]   epoch: [3/70]  step: [1630/2078] (78.4%)  eta_epoch: 3:24  eta_total: 19:30:21  loss: 2.1877  time: 0.248  data_time: 0.001  forward_time: 0.040  backward_time: 0.054  lr: 0.000100  max_mem: 11209M      
[2026-01-28 14:10:41]   epoch: [3/70]  step: [1640/2078] (78.9%)  eta_epoch: 3:20  eta_total: 19:29:48  loss: 1.9694  time: 0.247  data_time: 0.001  forward_time: 0.015  backward_time: 0.065  lr: 0.000100  max_mem: 11209M      
[2026-01-28 14:10:47]   epoch: [3/70]  step: [1650/2078] (79.4%)  eta_epoch: 3:15  eta_total: 19:29:33  loss: 1.8643  time: 0.248  data_time: 0.001  forward_time: 0.039  backward_time: 0.055  lr: 0.000100  max_mem: 11209M      
[2026-01-28 14:10:52]   epoch: [3/70]  step: [1660/2078] (79.9%)  eta_epoch: 3:11  eta_total: 19:29:11  loss: 2.0393  time: 0.248  data_time: 0.001  forward_time: 0.015  backward_time: 0.065  lr: 0.000100  max_mem: 11209M      
[2026-01-28 14:10:57]   epoch: [3/70]  step: [1670/2078] (80.4%)  eta_epoch: 3:06  eta_total: 19:28:47  loss: 1.8617  time: 0.248  data_time: 0.001  forward_time: 0.039  backward_time: 0.052  lr: 0.000100  max_mem: 11209M      
[2026-01-28 14:11:02]   epoch: [3/70]  step: [1680/2078] (80.8%)  eta_epoch: 3:01  eta_total: 19:28:21  loss: 2.1589  time: 0.248  data_time: 0.001  forward_time: 0.019  backward_time: 0.061  lr: 0.000100  max_mem: 11209M      
[2026-01-28 14:11:08]   epoch: [3/70]  step: [1690/2078] (81.3%)  eta_epoch: 2:57  eta_total: 19:28:10  loss: 1.8479  time: 0.248  data_time: 0.001  forward_time: 0.039  backward_time: 0.059  lr: 0.000100  max_mem: 11209M      
[2026-01-28 14:11:13]   epoch: [3/70]  step: [1700/2078] (81.8%)  eta_epoch: 2:52  eta_total: 19:27:43  loss: 2.0961  time: 0.247  data_time: 0.001  forward_time: 0.016  backward_time: 0.065  lr: 0.000100  max_mem: 11209M      
[2026-01-28 14:11:18]   epoch: [3/70]  step: [1710/2078] (82.3%)  eta_epoch: 2:47  eta_total: 19:27:23  loss: 1.8294  time: 0.248  data_time: 0.001  forward_time: 0.039  backward_time: 0.051  lr: 0.000100  max_mem: 11209M      
[2026-01-28 14:11:22]   epoch: [3/70]  step: [1720/2078] (82.8%)  eta_epoch: 2:43  eta_total: 19:26:48  loss: 2.2372  time: 0.247  data_time: 0.001  forward_time: 0.016  backward_time: 0.062  lr: 0.000100  max_mem: 11209M      
[2026-01-28 14:11:28]   epoch: [3/70]  step: [1730/2078] (83.3%)  eta_epoch: 2:38  eta_total: 19:26:40  loss: 2.0456  time: 0.252  data_time: 0.001  forward_time: 0.051  backward_time: 0.054  lr: 0.000100  max_mem: 11209M      
[2026-01-28 14:11:33]   epoch: [3/70]  step: [1740/2078] (83.7%)  eta_epoch: 2:34  eta_total: 19:26:11  loss: 2.0584  time: 0.247  data_time: 0.001  forward_time: 0.016  backward_time: 0.065  lr: 0.000100  max_mem: 11209M      
[2026-01-28 14:11:39]   epoch: [3/70]  step: [1750/2078] (84.2%)  eta_epoch: 2:29  eta_total: 19:26:07  loss: 1.9078  time: 0.249  data_time: 0.001  forward_time: 0.041  backward_time: 0.052  lr: 0.000100  max_mem: 11209M      
[2026-01-28 14:11:44]   epoch: [3/70]  step: [1760/2078] (84.7%)  eta_epoch: 2:24  eta_total: 19:25:43  loss: 2.1094  time: 0.248  data_time: 0.001  forward_time: 0.016  backward_time: 0.065  lr: 0.000100  max_mem: 11209M      
[2026-01-28 14:11:50]   epoch: [3/70]  step: [1770/2078] (85.2%)  eta_epoch: 2:20  eta_total: 19:25:46  loss: 2.2007  time: 0.250  data_time: 0.001  forward_time: 0.041  backward_time: 0.055  lr: 0.000100  max_mem: 11209M      
[2026-01-28 14:11:55]   epoch: [3/70]  step: [1780/2078] (85.7%)  eta_epoch: 2:15  eta_total: 19:25:15  loss: 1.7966  time: 0.248  data_time: 0.001  forward_time: 0.017  backward_time: 0.065  lr: 0.000100  max_mem: 11209M      
[2026-01-28 14:12:00]   epoch: [3/70]  step: [1790/2078] (86.1%)  eta_epoch: 2:11  eta_total: 19:25:04  loss: 2.0567  time: 0.248  data_time: 0.001  forward_time: 0.039  backward_time: 0.060  lr: 0.000100  max_mem: 11209M      
[2026-01-28 14:12:05]   epoch: [3/70]  step: [1800/2078] (86.6%)  eta_epoch: 2:06  eta_total: 19:24:29  loss: 2.1030  time: 0.248  data_time: 0.001  forward_time: 0.020  backward_time: 0.061  lr: 0.000100  max_mem: 11209M      
[2026-01-28 14:12:11]   epoch: [3/70]  step: [1810/2078] (87.1%)  eta_epoch: 2:02  eta_total: 19:24:18  loss: 2.1677  time: 0.248  data_time: 0.001  forward_time: 0.038  backward_time: 0.052  lr: 0.000100  max_mem: 11209M      
[2026-01-28 14:12:15]   epoch: [3/70]  step: [1820/2078] (87.6%)  eta_epoch: 1:57  eta_total: 19:23:43  loss: 2.2933  time: 0.248  data_time: 0.001  forward_time: 0.016  backward_time: 0.064  lr: 0.000100  max_mem: 11209M      
[2026-01-28 14:12:22]   epoch: [3/70]  step: [1830/2078] (88.1%)  eta_epoch: 1:53  eta_total: 19:23:41  loss: 2.0998  time: 0.248  data_time: 0.001  forward_time: 0.038  backward_time: 0.051  lr: 0.000100  max_mem: 11209M      
[2026-01-28 14:12:26]   epoch: [3/70]  step: [1840/2078] (88.5%)  eta_epoch: 1:48  eta_total: 19:23:13  loss: 2.0059  time: 0.247  data_time: 0.001  forward_time: 0.016  backward_time: 0.065  lr: 0.000100  max_mem: 11209M      
[2026-01-28 14:12:32]   epoch: [3/70]  step: [1850/2078] (89.0%)  eta_epoch: 1:43  eta_total: 19:23:09  loss: 1.8571  time: 0.248  data_time: 0.001  forward_time: 0.039  backward_time: 0.051  lr: 0.000100  max_mem: 11209M      
[2026-01-28 14:12:37]   epoch: [3/70]  step: [1860/2078] (89.5%)  eta_epoch: 1:39  eta_total: 19:22:40  loss: 2.1188  time: 0.247  data_time: 0.001  forward_time: 0.016  backward_time: 0.065  lr: 0.000100  max_mem: 11209M      
[2026-01-28 14:12:43]   epoch: [3/70]  step: [1870/2078] (90.0%)  eta_epoch: 1:34  eta_total: 19:22:42  loss: 2.0776  time: 0.249  data_time: 0.002  forward_time: 0.040  backward_time: 0.052  lr: 0.000100  max_mem: 11209M      
[2026-01-28 14:12:48]   epoch: [3/70]  step: [1880/2078] (90.5%)  eta_epoch: 1:30  eta_total: 19:22:15  loss: 2.1459  time: 0.247  data_time: 0.001  forward_time: 0.016  backward_time: 0.066  lr: 0.000100  max_mem: 11209M      
[2026-01-28 14:12:54]   epoch: [3/70]  step: [1890/2078] (91.0%)  eta_epoch: 1:25  eta_total: 19:21:59  loss: 2.0260  time: 0.250  data_time: 0.001  forward_time: 0.044  backward_time: 0.055  lr: 0.000100  max_mem: 11209M      
[2026-01-28 14:12:58]   epoch: [3/70]  step: [1900/2078] (91.4%)  eta_epoch: 1:21  eta_total: 19:21:27  loss: 1.9001  time: 0.247  data_time: 0.001  forward_time: 0.016  backward_time: 0.065  lr: 0.000100  max_mem: 11209M      
[2026-01-28 14:13:04]   epoch: [3/70]  step: [1910/2078] (91.9%)  eta_epoch: 1:16  eta_total: 19:21:19  loss: 2.1996  time: 0.248  data_time: 0.001  forward_time: 0.038  backward_time: 0.053  lr: 0.000100  max_mem: 11209M      
[2026-01-28 14:13:09]   epoch: [3/70]  step: [1920/2078] (92.4%)  eta_epoch: 1:11  eta_total: 19:20:59  loss: 2.0066  time: 0.248  data_time: 0.001  forward_time: 0.016  backward_time: 0.065  lr: 0.000100  max_mem: 11209M      
[2026-01-28 14:13:16]   epoch: [3/70]  step: [1930/2078] (92.9%)  eta_epoch: 1:07  eta_total: 19:21:03  loss: 2.1213  time: 0.248  data_time: 0.001  forward_time: 0.040  backward_time: 0.052  lr: 0.000100  max_mem: 11209M      
[2026-01-28 14:13:20]   epoch: [3/70]  step: [1940/2078] (93.4%)  eta_epoch: 1:02  eta_total: 19:20:38  loss: 1.8266  time: 0.247  data_time: 0.001  forward_time: 0.016  backward_time: 0.065  lr: 0.000100  max_mem: 11209M      
[2026-01-28 14:13:26]   epoch: [3/70]  step: [1950/2078] (93.8%)  eta_epoch: 0:58  eta_total: 19:20:28  loss: 1.8053  time: 0.248  data_time: 0.001  forward_time: 0.040  backward_time: 0.060  lr: 0.000100  max_mem: 11209M      
[2026-01-28 14:13:31]   epoch: [3/70]  step: [1960/2078] (94.3%)  eta_epoch: 0:53  eta_total: 19:20:04  loss: 2.2723  time: 0.247  data_time: 0.001  forward_time: 0.015  backward_time: 0.065  lr: 0.000100  max_mem: 11209M      
[2026-01-28 14:13:37]   epoch: [3/70]  step: [1970/2078] (94.8%)  eta_epoch: 0:49  eta_total: 19:19:57  loss: 2.1686  time: 0.247  data_time: 0.001  forward_time: 0.019  backward_time: 0.059  lr: 0.000100  max_mem: 11209M      
[2026-01-28 14:13:42]   epoch: [3/70]  step: [1980/2078] (95.3%)  eta_epoch: 0:44  eta_total: 19:19:33  loss: 1.9995  time: 0.247  data_time: 0.001  forward_time: 0.016  backward_time: 0.065  lr: 0.000100  max_mem: 11209M      
[2026-01-28 14:13:48]   epoch: [3/70]  step: [1990/2078] (95.8%)  eta_epoch: 0:40  eta_total: 19:19:33  loss: 2.2027  time: 0.248  data_time: 0.001  forward_time: 0.052  backward_time: 0.048  lr: 0.000100  max_mem: 11209M      
[2026-01-28 14:13:53]   epoch: [3/70]  step: [2000/2078] (96.2%)  eta_epoch: 0:35  eta_total: 19:19:11  loss: 2.1393  time: 0.247  data_time: 0.001  forward_time: 0.016  backward_time: 0.065  lr: 0.000100  max_mem: 11209M      
[2026-01-28 14:13:59]   epoch: [3/70]  step: [2010/2078] (96.7%)  eta_epoch: 0:30  eta_total: 19:19:01  loss: 1.8752  time: 0.248  data_time: 0.001  forward_time: 0.037  backward_time: 0.052  lr: 0.000100  max_mem: 11209M      
[2026-01-28 14:14:04]   epoch: [3/70]  step: [2020/2078] (97.2%)  eta_epoch: 0:26  eta_total: 19:18:49  loss: 1.9567  time: 0.247  data_time: 0.001  forward_time: 0.016  backward_time: 0.065  lr: 0.000100  max_mem: 11209M      
[2026-01-28 14:14:10]   epoch: [3/70]  step: [2030/2078] (97.7%)  eta_epoch: 0:21  eta_total: 19:18:30  loss: 1.9559  time: 0.247  data_time: 0.001  forward_time: 0.016  backward_time: 0.065  lr: 0.000100  max_mem: 11209M      
[2026-01-28 14:14:16]   epoch: [3/70]  step: [2040/2078] (98.2%)  eta_epoch: 0:17  eta_total: 19:18:26  loss: 2.3020  time: 0.247  data_time: 0.001  forward_time: 0.016  backward_time: 0.063  lr: 0.000100  max_mem: 11209M      
[2026-01-28 14:14:21]   epoch: [3/70]  step: [2050/2078] (98.7%)  eta_epoch: 0:12  eta_total: 19:18:08  loss: 2.0072  time: 0.248  data_time: 0.001  forward_time: 0.038  backward_time: 0.053  lr: 0.000100  max_mem: 11209M      
[2026-01-28 14:14:27]   epoch: [3/70]  step: [2060/2078] (99.1%)  eta_epoch: 0:08  eta_total: 19:18:02  loss: 2.1250  time: 0.247  data_time: 0.001  forward_time: 0.016  backward_time: 0.066  lr: 0.000100  max_mem: 11209M      
[2026-01-28 14:14:32]   epoch: [3/70]  step: [2070/2078] (99.6%)  eta_epoch: 0:03  eta_total: 19:18:39  loss: 2.1844  time: 0.314  data_time: 0.001  forward_time: 0.110  backward_time: 0.037  lr: 0.000100  max_mem: 11209M      
[2026-01-28 14:14:36]   epoch: [3/70]  step: [2078/2078] (100.0%)  eta_epoch: 0:00  eta_total: 19:16:25  loss: 1.7686  time: 0.110  data_time: 0.001  forward_time: 0.016  backward_time: 0.025  lr: 0.000100  max_mem: 11209M      
[2026-01-28 14:14:36]   [epoch 3 training completed] avg_loss: 2.1202  epoch_time: 1131.57s  avg_data_time: 0.001s  avg_forward_time: 0.026s  avg_backward_time: 0.060s  avg_step_time: 0.246s  throughput: 88.1 samples/s    
[2026-01-28 14:14:36]   Validating epoch[3/70]...    
[2026-01-28 14:17:34]   
============================================================    
[2026-01-28 14:17:34]   [Epoch 3/70] Validation Results:    
[2026-01-28 14:17:34]     Train Loss:     2.1202    
[2026-01-28 14:17:34]     Top-1 Acc:       0.3649 (36.49%)    
[2026-01-28 14:17:34]     Top-5 Acc:       0.7876 (78.76%)    
[2026-01-28 14:17:34]     Precision:      0.3141    
[2026-01-28 14:17:34]     Recall:          0.3655    
[2026-01-28 14:17:34]     Specificity:     0.9688    
[2026-01-28 14:17:34]     F1-Score:        0.2753    
[2026-01-28 14:17:34]     AUC:             0.7706    
[2026-01-28 14:17:34]     Overall Acc:     0.3655    
[2026-01-28 14:17:34]   ============================================================
    
[2026-01-28 14:17:42]   epoch: [4/70]  step: [10/2078] (0.5%)  eta_epoch: 20:30  eta_total: 20:02:59  loss: 1.9017  time: 0.247  data_time: 0.001  forward_time: 0.016  backward_time: 0.069  lr: 0.000100  max_mem: 11209M      
[2026-01-28 14:17:47]   epoch: [4/70]  step: [20/2078] (1.0%)  eta_epoch: 17:39  eta_total: 20:02:30  loss: 1.9272  time: 0.247  data_time: 0.001  forward_time: 0.015  backward_time: 0.065  lr: 0.000100  max_mem: 11209M      
[2026-01-28 14:17:53]   epoch: [4/70]  step: [30/2078] (1.4%)  eta_epoch: 17:33  eta_total: 20:02:18  loss: 1.9743  time: 0.248  data_time: 0.002  forward_time: 0.039  backward_time: 0.054  lr: 0.000100  max_mem: 11209M      
[2026-01-28 14:17:58]   epoch: [4/70]  step: [40/2078] (1.9%)  eta_epoch: 16:40  eta_total: 20:01:45  loss: 1.7189  time: 0.247  data_time: 0.001  forward_time: 0.017  backward_time: 0.064  lr: 0.000100  max_mem: 11209M      
[2026-01-28 14:18:04]   epoch: [4/70]  step: [50/2078] (2.4%)  eta_epoch: 16:32  eta_total: 20:02:29  loss: 1.9691  time: 0.247  data_time: 0.001  forward_time: 0.017  backward_time: 0.064  lr: 0.000100  max_mem: 11209M      
[2026-01-28 14:18:09]   epoch: [4/70]  step: [60/2078] (2.9%)  eta_epoch: 16:04  eta_total: 20:02:02  loss: 1.8001  time: 0.247  data_time: 0.001  forward_time: 0.016  backward_time: 0.065  lr: 0.000100  max_mem: 11209M      
[2026-01-28 14:18:15]   epoch: [4/70]  step: [70/2078] (3.4%)  eta_epoch: 16:03  eta_total: 20:01:51  loss: 2.1135  time: 0.247  data_time: 0.001  forward_time: 0.017  backward_time: 0.064  lr: 0.000100  max_mem: 11209M      
[2026-01-28 14:18:20]   epoch: [4/70]  step: [80/2078] (3.8%)  eta_epoch: 15:45  eta_total: 20:01:27  loss: 2.1376  time: 0.247  data_time: 0.001  forward_time: 0.018  backward_time: 0.063  lr: 0.000100  max_mem: 11209M      
[2026-01-28 14:18:26]   epoch: [4/70]  step: [90/2078] (4.3%)  eta_epoch: 15:49  eta_total: 20:01:21  loss: 2.3859  time: 0.247  data_time: 0.001  forward_time: 0.012  backward_time: 0.069  lr: 0.000100  max_mem: 11209M      
[2026-01-28 14:18:31]   epoch: [4/70]  step: [100/2078] (4.8%)  eta_epoch: 15:29  eta_total: 20:00:53  loss: 2.1078  time: 0.249  data_time: 0.002  forward_time: 0.019  backward_time: 0.063  lr: 0.000100  max_mem: 11209M      
[2026-01-28 14:18:37]   epoch: [4/70]  step: [110/2078] (5.3%)  eta_epoch: 15:26  eta_total: 20:00:39  loss: 2.0454  time: 0.247  data_time: 0.001  forward_time: 0.016  backward_time: 0.064  lr: 0.000100  max_mem: 11209M      
[2026-01-28 14:18:42]   epoch: [4/70]  step: [120/2078] (5.8%)  eta_epoch: 15:15  eta_total: 20:00:17  loss: 2.2900  time: 0.247  data_time: 0.001  forward_time: 0.016  backward_time: 0.065  lr: 0.000100  max_mem: 11209M      
[2026-01-28 14:18:48]   epoch: [4/70]  step: [130/2078] (6.3%)  eta_epoch: 15:20  eta_total: 20:00:16  loss: 2.3345  time: 0.247  data_time: 0.001  forward_time: 0.016  backward_time: 0.065  lr: 0.000100  max_mem: 11209M      
[2026-01-28 14:18:53]   epoch: [4/70]  step: [140/2078] (6.7%)  eta_epoch: 15:07  eta_total: 19:59:45  loss: 2.4678  time: 0.247  data_time: 0.001  forward_time: 0.017  backward_time: 0.068  lr: 0.000100  max_mem: 11209M      
[2026-01-28 14:18:59]   epoch: [4/70]  step: [150/2078] (7.2%)  eta_epoch: 15:03  eta_total: 19:59:33  loss: 1.9898  time: 0.247  data_time: 0.002  forward_time: 0.017  backward_time: 0.064  lr: 0.000100  max_mem: 11209M      
[2026-01-28 14:19:04]   epoch: [4/70]  step: [160/2078] (7.7%)  eta_epoch: 14:52  eta_total: 19:59:09  loss: 2.1239  time: 0.247  data_time: 0.001  forward_time: 0.017  backward_time: 0.064  lr: 0.000100  max_mem: 11209M      
[2026-01-28 14:19:10]   epoch: [4/70]  step: [170/2078] (8.2%)  eta_epoch: 14:54  eta_total: 19:59:04  loss: 1.8526  time: 0.247  data_time: 0.001  forward_time: 0.016  backward_time: 0.064  lr: 0.000100  max_mem: 11209M      
[2026-01-28 14:19:15]   epoch: [4/70]  step: [180/2078] (8.7%)  eta_epoch: 14:42  eta_total: 19:58:35  loss: 2.1868  time: 0.247  data_time: 0.001  forward_time: 0.016  backward_time: 0.065  lr: 0.000100  max_mem: 11209M      
[2026-01-28 14:19:20]   epoch: [4/70]  step: [190/2078] (9.1%)  eta_epoch: 14:37  eta_total: 19:58:21  loss: 2.7965  time: 0.248  data_time: 0.001  forward_time: 0.017  backward_time: 0.064  lr: 0.000100  max_mem: 11209M      
[2026-01-28 14:19:25]   epoch: [4/70]  step: [200/2078] (9.6%)  eta_epoch: 14:28  eta_total: 19:57:48  loss: 2.0597  time: 0.247  data_time: 0.001  forward_time: 0.016  backward_time: 0.065  lr: 0.000100  max_mem: 11209M      
[2026-01-28 14:19:31]   epoch: [4/70]  step: [210/2078] (10.1%)  eta_epoch: 14:25  eta_total: 19:57:41  loss: 2.3280  time: 0.247  data_time: 0.001  forward_time: 0.019  backward_time: 0.062  lr: 0.000100  max_mem: 11209M      
[2026-01-28 14:19:36]   epoch: [4/70]  step: [220/2078] (10.6%)  eta_epoch: 14:15  eta_total: 19:57:11  loss: 1.8208  time: 0.247  data_time: 0.001  forward_time: 0.016  backward_time: 0.065  lr: 0.000100  max_mem: 11209M      
[2026-01-28 14:19:41]   epoch: [4/70]  step: [230/2078] (11.1%)  eta_epoch: 14:11  eta_total: 19:56:57  loss: 2.1505  time: 0.248  data_time: 0.001  forward_time: 0.017  backward_time: 0.064  lr: 0.000100  max_mem: 11209M      
[2026-01-28 14:19:46]   epoch: [4/70]  step: [240/2078] (11.5%)  eta_epoch: 14:02  eta_total: 19:56:30  loss: 1.9928  time: 0.248  data_time: 0.001  forward_time: 0.016  backward_time: 0.065  lr: 0.000100  max_mem: 11209M      
[2026-01-28 14:19:52]   epoch: [4/70]  step: [250/2078] (12.0%)  eta_epoch: 13:59  eta_total: 19:56:19  loss: 1.8704  time: 0.249  data_time: 0.001  forward_time: 0.042  backward_time: 0.051  lr: 0.000100  max_mem: 11209M      
[2026-01-28 14:19:57]   epoch: [4/70]  step: [260/2078] (12.5%)  eta_epoch: 13:52  eta_total: 19:55:53  loss: 1.8342  time: 0.248  data_time: 0.001  forward_time: 0.018  backward_time: 0.064  lr: 0.000100  max_mem: 11209M      
[2026-01-28 14:20:03]   epoch: [4/70]  step: [270/2078] (13.0%)  eta_epoch: 13:51  eta_total: 19:55:55  loss: 2.1109  time: 0.247  data_time: 0.001  forward_time: 0.018  backward_time: 0.064  lr: 0.000100  max_mem: 11209M      
[2026-01-28 14:20:07]   epoch: [4/70]  step: [280/2078] (13.5%)  eta_epoch: 13:41  eta_total: 19:55:19  loss: 1.9975  time: 0.247  data_time: 0.001  forward_time: 0.016  backward_time: 0.066  lr: 0.000100  max_mem: 11209M      
[2026-01-28 14:20:13]   epoch: [4/70]  step: [290/2078] (14.0%)  eta_epoch: 13:38  eta_total: 19:55:05  loss: 2.2675  time: 0.247  data_time: 0.001  forward_time: 0.016  backward_time: 0.064  lr: 0.000100  max_mem: 11209M      
[2026-01-28 14:20:18]   epoch: [4/70]  step: [300/2078] (14.4%)  eta_epoch: 13:30  eta_total: 19:54:39  loss: 1.9075  time: 0.247  data_time: 0.001  forward_time: 0.016  backward_time: 0.065  lr: 0.000100  max_mem: 11209M      
[2026-01-28 14:20:24]   epoch: [4/70]  step: [310/2078] (14.9%)  eta_epoch: 13:27  eta_total: 19:54:24  loss: 2.0794  time: 0.247  data_time: 0.001  forward_time: 0.016  backward_time: 0.066  lr: 0.000100  max_mem: 11209M      
[2026-01-28 14:20:28]   epoch: [4/70]  step: [320/2078] (15.4%)  eta_epoch: 13:19  eta_total: 19:53:44  loss: 2.2790  time: 0.247  data_time: 0.001  forward_time: 0.016  backward_time: 0.065  lr: 0.000100  max_mem: 11209M      
[2026-01-28 14:20:34]   epoch: [4/70]  step: [330/2078] (15.9%)  eta_epoch: 13:16  eta_total: 19:53:38  loss: 2.2840  time: 0.247  data_time: 0.001  forward_time: 0.016  backward_time: 0.065  lr: 0.000100  max_mem: 11209M      
[2026-01-28 14:20:39]   epoch: [4/70]  step: [340/2078] (16.4%)  eta_epoch: 13:09  eta_total: 19:53:06  loss: 2.2610  time: 0.248  data_time: 0.001  forward_time: 0.016  backward_time: 0.065  lr: 0.000100  max_mem: 11209M      
[2026-01-28 14:20:44]   epoch: [4/70]  step: [350/2078] (16.8%)  eta_epoch: 13:05  eta_total: 19:52:49  loss: 2.1782  time: 0.247  data_time: 0.001  forward_time: 0.016  backward_time: 0.064  lr: 0.000100  max_mem: 11209M      
[2026-01-28 14:20:49]   epoch: [4/70]  step: [360/2078] (17.3%)  eta_epoch: 12:58  eta_total: 19:52:19  loss: 2.3289  time: 0.247  data_time: 0.001  forward_time: 0.016  backward_time: 0.065  lr: 0.000100  max_mem: 11209M      
[2026-01-28 14:20:55]   epoch: [4/70]  step: [370/2078] (17.8%)  eta_epoch: 12:54  eta_total: 19:52:00  loss: 2.0792  time: 0.247  data_time: 0.001  forward_time: 0.016  backward_time: 0.067  lr: 0.000100  max_mem: 11209M      
[2026-01-28 14:20:59]   epoch: [4/70]  step: [380/2078] (18.3%)  eta_epoch: 12:47  eta_total: 19:51:34  loss: 2.2340  time: 0.247  data_time: 0.001  forward_time: 0.016  backward_time: 0.065  lr: 0.000100  max_mem: 11209M      
[2026-01-28 14:21:06]   epoch: [4/70]  step: [390/2078] (18.8%)  eta_epoch: 12:45  eta_total: 19:51:29  loss: 1.8771  time: 0.247  data_time: 0.001  forward_time: 0.017  backward_time: 0.064  lr: 0.000100  max_mem: 11209M      
[2026-01-28 14:21:10]   epoch: [4/70]  step: [400/2078] (19.2%)  eta_epoch: 12:39  eta_total: 19:51:04  loss: 1.9528  time: 0.248  data_time: 0.001  forward_time: 0.021  backward_time: 0.060  lr: 0.000100  max_mem: 11209M      
[2026-01-28 14:21:17]   epoch: [4/70]  step: [410/2078] (19.7%)  eta_epoch: 12:36  eta_total: 19:50:57  loss: 1.8282  time: 0.247  data_time: 0.001  forward_time: 0.016  backward_time: 0.065  lr: 0.000100  max_mem: 11209M      
[2026-01-28 14:21:21]   epoch: [4/70]  step: [420/2078] (20.2%)  eta_epoch: 12:29  eta_total: 19:50:26  loss: 2.0376  time: 0.247  data_time: 0.001  forward_time: 0.017  backward_time: 0.064  lr: 0.000100  max_mem: 11209M      
[2026-01-28 14:21:27]   epoch: [4/70]  step: [430/2078] (20.7%)  eta_epoch: 12:26  eta_total: 19:50:17  loss: 2.0936  time: 0.248  data_time: 0.001  forward_time: 0.016  backward_time: 0.064  lr: 0.000100  max_mem: 11209M      
[2026-01-28 14:21:32]   epoch: [4/70]  step: [440/2078] (21.2%)  eta_epoch: 12:20  eta_total: 19:49:48  loss: 2.1079  time: 0.247  data_time: 0.002  forward_time: 0.016  backward_time: 0.065  lr: 0.000100  max_mem: 11209M      
[2026-01-28 14:21:38]   epoch: [4/70]  step: [450/2078] (21.7%)  eta_epoch: 12:17  eta_total: 19:49:38  loss: 2.1151  time: 0.247  data_time: 0.001  forward_time: 0.016  backward_time: 0.065  lr: 0.000100  max_mem: 11209M      
[2026-01-28 14:21:43]   epoch: [4/70]  step: [460/2078] (22.1%)  eta_epoch: 12:11  eta_total: 19:49:16  loss: 2.1833  time: 0.250  data_time: 0.002  forward_time: 0.018  backward_time: 0.064  lr: 0.000100  max_mem: 11209M      
[2026-01-28 14:21:48]   epoch: [4/70]  step: [470/2078] (22.6%)  eta_epoch: 12:08  eta_total: 19:49:08  loss: 2.1665  time: 0.247  data_time: 0.001  forward_time: 0.017  backward_time: 0.064  lr: 0.000100  max_mem: 11209M      
[2026-01-28 14:21:53]   epoch: [4/70]  step: [480/2078] (23.1%)  eta_epoch: 12:02  eta_total: 19:48:42  loss: 1.9033  time: 0.247  data_time: 0.001  forward_time: 0.016  backward_time: 0.065  lr: 0.000100  max_mem: 11209M      
[2026-01-28 14:21:59]   epoch: [4/70]  step: [490/2078] (23.6%)  eta_epoch: 11:59  eta_total: 19:48:32  loss: 2.2718  time: 0.248  data_time: 0.001  forward_time: 0.039  backward_time: 0.055  lr: 0.000099  max_mem: 11209M      
[2026-01-28 14:22:04]   epoch: [4/70]  step: [500/2078] (24.1%)  eta_epoch: 11:52  eta_total: 19:48:02  loss: 2.1278  time: 0.247  data_time: 0.001  forward_time: 0.016  backward_time: 0.065  lr: 0.000099  max_mem: 11209M      
[2026-01-28 14:22:09]   epoch: [4/70]  step: [510/2078] (24.5%)  eta_epoch: 11:48  eta_total: 19:47:47  loss: 1.9448  time: 0.249  data_time: 0.001  forward_time: 0.040  backward_time: 0.053  lr: 0.000099  max_mem: 11209M      
[2026-01-28 14:22:14]   epoch: [4/70]  step: [520/2078] (25.0%)  eta_epoch: 11:42  eta_total: 19:47:20  loss: 2.1167  time: 0.247  data_time: 0.001  forward_time: 0.016  backward_time: 0.065  lr: 0.000099  max_mem: 11209M      
[2026-01-28 14:22:20]   epoch: [4/70]  step: [530/2078] (25.5%)  eta_epoch: 11:40  eta_total: 19:47:16  loss: 2.0864  time: 0.250  data_time: 0.001  forward_time: 0.043  backward_time: 0.053  lr: 0.000099  max_mem: 11209M      
[2026-01-28 14:22:25]   epoch: [4/70]  step: [540/2078] (26.0%)  eta_epoch: 11:34  eta_total: 19:46:52  loss: 2.0261  time: 0.247  data_time: 0.001  forward_time: 0.017  backward_time: 0.064  lr: 0.000099  max_mem: 11209M      
[2026-01-28 14:22:31]   epoch: [4/70]  step: [550/2078] (26.5%)  eta_epoch: 11:30  eta_total: 19:46:46  loss: 2.2522  time: 0.249  data_time: 0.001  forward_time: 0.039  backward_time: 0.055  lr: 0.000099  max_mem: 11209M      
[2026-01-28 14:22:35]   epoch: [4/70]  step: [560/2078] (26.9%)  eta_epoch: 11:24  eta_total: 19:46:18  loss: 1.8296  time: 0.247  data_time: 0.001  forward_time: 0.015  backward_time: 0.065  lr: 0.000099  max_mem: 11209M      
[2026-01-28 14:22:41]   epoch: [4/70]  step: [570/2078] (27.4%)  eta_epoch: 11:20  eta_total: 19:46:05  loss: 2.2719  time: 0.248  data_time: 0.001  forward_time: 0.039  backward_time: 0.055  lr: 0.000099  max_mem: 11209M      
[2026-01-28 14:22:46]   epoch: [4/70]  step: [580/2078] (27.9%)  eta_epoch: 11:14  eta_total: 19:45:31  loss: 2.1494  time: 0.247  data_time: 0.001  forward_time: 0.015  backward_time: 0.065  lr: 0.000099  max_mem: 11209M      
[2026-01-28 14:22:51]   epoch: [4/70]  step: [590/2078] (28.4%)  eta_epoch: 11:09  eta_total: 19:45:13  loss: 1.8460  time: 0.249  data_time: 0.001  forward_time: 0.041  backward_time: 0.065  lr: 0.000099  max_mem: 11209M      
[2026-01-28 14:22:56]   epoch: [4/70]  step: [600/2078] (28.9%)  eta_epoch: 11:04  eta_total: 19:44:39  loss: 1.8817  time: 0.249  data_time: 0.001  forward_time: 0.020  backward_time: 0.062  lr: 0.000099  max_mem: 11209M      
[2026-01-28 14:23:02]   epoch: [4/70]  step: [610/2078] (29.4%)  eta_epoch: 11:00  eta_total: 19:44:27  loss: 1.8812  time: 0.248  data_time: 0.001  forward_time: 0.038  backward_time: 0.051  lr: 0.000099  max_mem: 11209M      
[2026-01-28 14:23:06]   epoch: [4/70]  step: [620/2078] (29.8%)  eta_epoch: 10:54  eta_total: 19:44:00  loss: 1.9735  time: 0.248  data_time: 0.001  forward_time: 0.016  backward_time: 0.065  lr: 0.000099  max_mem: 11209M      
[2026-01-28 14:23:12]   epoch: [4/70]  step: [630/2078] (30.3%)  eta_epoch: 10:51  eta_total: 19:43:48  loss: 2.4757  time: 0.248  data_time: 0.001  forward_time: 0.038  backward_time: 0.054  lr: 0.000099  max_mem: 11209M      
[2026-01-28 14:23:17]   epoch: [4/70]  step: [640/2078] (30.8%)  eta_epoch: 10:45  eta_total: 19:43:17  loss: 2.0482  time: 0.248  data_time: 0.002  forward_time: 0.017  backward_time: 0.064  lr: 0.000099  max_mem: 11209M      
[2026-01-28 14:23:23]   epoch: [4/70]  step: [650/2078] (31.3%)  eta_epoch: 10:42  eta_total: 19:43:10  loss: 2.2405  time: 0.249  data_time: 0.001  forward_time: 0.042  backward_time: 0.060  lr: 0.000099  max_mem: 11209M      
[2026-01-28 14:23:28]   epoch: [4/70]  step: [660/2078] (31.8%)  eta_epoch: 10:36  eta_total: 19:42:45  loss: 2.0423  time: 0.249  data_time: 0.002  forward_time: 0.017  backward_time: 0.064  lr: 0.000099  max_mem: 11209M      
[2026-01-28 14:23:34]   epoch: [4/70]  step: [670/2078] (32.2%)  eta_epoch: 10:33  eta_total: 19:42:42  loss: 2.1407  time: 0.248  data_time: 0.001  forward_time: 0.039  backward_time: 0.052  lr: 0.000099  max_mem: 11209M      
[2026-01-28 14:23:38]   epoch: [4/70]  step: [680/2078] (32.7%)  eta_epoch: 10:27  eta_total: 19:42:13  loss: 2.0518  time: 0.247  data_time: 0.001  forward_time: 0.016  backward_time: 0.065  lr: 0.000099  max_mem: 11209M      
[2026-01-28 14:23:45]   epoch: [4/70]  step: [690/2078] (33.2%)  eta_epoch: 10:24  eta_total: 19:42:10  loss: 2.0467  time: 0.249  data_time: 0.001  forward_time: 0.052  backward_time: 0.054  lr: 0.000099  max_mem: 11209M      
[2026-01-28 14:23:49]   epoch: [4/70]  step: [700/2078] (33.7%)  eta_epoch: 10:19  eta_total: 19:41:38  loss: 2.0692  time: 0.247  data_time: 0.001  forward_time: 0.016  backward_time: 0.064  lr: 0.000099  max_mem: 11209M      
[2026-01-28 14:23:55]   epoch: [4/70]  step: [710/2078] (34.2%)  eta_epoch: 10:15  eta_total: 19:41:29  loss: 1.7164  time: 0.249  data_time: 0.001  forward_time: 0.041  backward_time: 0.052  lr: 0.000099  max_mem: 11209M      
[2026-01-28 14:23:59]   epoch: [4/70]  step: [720/2078] (34.6%)  eta_epoch: 10:09  eta_total: 19:40:54  loss: 1.9892  time: 0.247  data_time: 0.001  forward_time: 0.018  backward_time: 0.063  lr: 0.000099  max_mem: 11209M      
[2026-01-28 14:24:05]   epoch: [4/70]  step: [730/2078] (35.1%)  eta_epoch: 10:05  eta_total: 19:40:40  loss: 2.2010  time: 0.248  data_time: 0.001  forward_time: 0.039  backward_time: 0.052  lr: 0.000099  max_mem: 11209M      
[2026-01-28 14:24:10]   epoch: [4/70]  step: [740/2078] (35.6%)  eta_epoch: 9:59  eta_total: 19:40:11  loss: 1.9771  time: 0.248  data_time: 0.001  forward_time: 0.018  backward_time: 0.063  lr: 0.000099  max_mem: 11209M      
[2026-01-28 14:24:15]   epoch: [4/70]  step: [750/2078] (36.1%)  eta_epoch: 9:55  eta_total: 19:40:05  loss: 1.9346  time: 0.249  data_time: 0.001  forward_time: 0.039  backward_time: 0.055  lr: 0.000099  max_mem: 11209M      
[2026-01-28 14:24:20]   epoch: [4/70]  step: [760/2078] (36.6%)  eta_epoch: 9:50  eta_total: 19:39:34  loss: 2.5239  time: 0.247  data_time: 0.001  forward_time: 0.015  backward_time: 0.065  lr: 0.000099  max_mem: 11209M      
[2026-01-28 14:24:25]   epoch: [4/70]  step: [770/2078] (37.1%)  eta_epoch: 9:45  eta_total: 19:39:21  loss: 2.0813  time: 0.251  data_time: 0.002  forward_time: 0.042  backward_time: 0.052  lr: 0.000099  max_mem: 11209M      
[2026-01-28 14:24:30]   epoch: [4/70]  step: [780/2078] (37.5%)  eta_epoch: 9:40  eta_total: 19:38:52  loss: 1.8219  time: 0.248  data_time: 0.001  forward_time: 0.015  backward_time: 0.065  lr: 0.000099  max_mem: 11209M      
[2026-01-28 14:24:35]   epoch: [4/70]  step: [790/2078] (38.0%)  eta_epoch: 9:36  eta_total: 19:38:44  loss: 2.0664  time: 0.249  data_time: 0.001  forward_time: 0.040  backward_time: 0.054  lr: 0.000099  max_mem: 11209M      
[2026-01-28 14:24:40]   epoch: [4/70]  step: [800/2078] (38.5%)  eta_epoch: 9:31  eta_total: 19:38:09  loss: 1.8787  time: 0.247  data_time: 0.001  forward_time: 0.016  backward_time: 0.065  lr: 0.000099  max_mem: 11209M      
[2026-01-28 14:24:46]   epoch: [4/70]  step: [810/2078] (39.0%)  eta_epoch: 9:26  eta_total: 19:37:53  loss: 2.0974  time: 0.247  data_time: 0.001  forward_time: 0.012  backward_time: 0.069  lr: 0.000099  max_mem: 11209M      
[2026-01-28 14:24:50]   epoch: [4/70]  step: [820/2078] (39.5%)  eta_epoch: 9:21  eta_total: 19:37:23  loss: 2.2510  time: 0.249  data_time: 0.002  forward_time: 0.040  backward_time: 0.064  lr: 0.000099  max_mem: 11209M      
[2026-01-28 14:24:56]   epoch: [4/70]  step: [830/2078] (39.9%)  eta_epoch: 9:17  eta_total: 19:37:10  loss: 1.9050  time: 0.248  data_time: 0.001  forward_time: 0.038  backward_time: 0.051  lr: 0.000099  max_mem: 11209M      
[2026-01-28 14:25:00]   epoch: [4/70]  step: [840/2078] (40.4%)  eta_epoch: 9:12  eta_total: 19:36:40  loss: 2.1643  time: 0.248  data_time: 0.002  forward_time: 0.017  backward_time: 0.065  lr: 0.000099  max_mem: 11209M      
[2026-01-28 14:25:06]   epoch: [4/70]  step: [850/2078] (40.9%)  eta_epoch: 9:07  eta_total: 19:36:26  loss: 1.9456  time: 0.249  data_time: 0.001  forward_time: 0.040  backward_time: 0.063  lr: 0.000099  max_mem: 11209M      
[2026-01-28 14:25:10]   epoch: [4/70]  step: [860/2078] (41.4%)  eta_epoch: 9:02  eta_total: 19:35:58  loss: 2.2315  time: 0.247  data_time: 0.001  forward_time: 0.015  backward_time: 0.068  lr: 0.000099  max_mem: 11209M      
[2026-01-28 14:25:16]   epoch: [4/70]  step: [870/2078] (41.9%)  eta_epoch: 8:58  eta_total: 19:35:48  loss: 2.1335  time: 0.249  data_time: 0.001  forward_time: 0.041  backward_time: 0.052  lr: 0.000099  max_mem: 11209M      
[2026-01-28 14:25:21]   epoch: [4/70]  step: [880/2078] (42.3%)  eta_epoch: 8:53  eta_total: 19:35:20  loss: 1.9362  time: 0.248  data_time: 0.001  forward_time: 0.016  backward_time: 0.065  lr: 0.000099  max_mem: 11209M      
[2026-01-28 14:25:26]   epoch: [4/70]  step: [890/2078] (42.8%)  eta_epoch: 8:49  eta_total: 19:35:12  loss: 1.8416  time: 0.249  data_time: 0.001  forward_time: 0.042  backward_time: 0.053  lr: 0.000099  max_mem: 11209M      
[2026-01-28 14:25:31]   epoch: [4/70]  step: [900/2078] (43.3%)  eta_epoch: 8:44  eta_total: 19:34:45  loss: 2.1093  time: 0.248  data_time: 0.002  forward_time: 0.017  backward_time: 0.064  lr: 0.000099  max_mem: 11209M      
[2026-01-28 14:25:37]   epoch: [4/70]  step: [910/2078] (43.8%)  eta_epoch: 8:40  eta_total: 19:34:37  loss: 2.2420  time: 0.248  data_time: 0.001  forward_time: 0.040  backward_time: 0.053  lr: 0.000099  max_mem: 11209M      
[2026-01-28 14:25:41]   epoch: [4/70]  step: [920/2078] (44.3%)  eta_epoch: 8:35  eta_total: 19:34:09  loss: 2.4620  time: 0.248  data_time: 0.001  forward_time: 0.016  backward_time: 0.064  lr: 0.000099  max_mem: 11209M      
[2026-01-28 14:25:47]   epoch: [4/70]  step: [930/2078] (44.8%)  eta_epoch: 8:30  eta_total: 19:33:50  loss: 1.9446  time: 0.248  data_time: 0.001  forward_time: 0.041  backward_time: 0.055  lr: 0.000099  max_mem: 11209M      
[2026-01-28 14:25:52]   epoch: [4/70]  step: [940/2078] (45.2%)  eta_epoch: 8:25  eta_total: 19:33:17  loss: 2.0394  time: 0.248  data_time: 0.001  forward_time: 0.019  backward_time: 0.065  lr: 0.000099  max_mem: 11209M      
[2026-01-28 14:25:57]   epoch: [4/70]  step: [950/2078] (45.7%)  eta_epoch: 8:21  eta_total: 19:33:05  loss: 2.0527  time: 0.248  data_time: 0.001  forward_time: 0.041  backward_time: 0.059  lr: 0.000099  max_mem: 11209M      
[2026-01-28 14:26:02]   epoch: [4/70]  step: [960/2078] (46.2%)  eta_epoch: 8:16  eta_total: 19:32:36  loss: 2.0372  time: 0.248  data_time: 0.001  forward_time: 0.016  backward_time: 0.067  lr: 0.000099  max_mem: 11209M      
[2026-01-28 14:26:08]   epoch: [4/70]  step: [970/2078] (46.7%)  eta_epoch: 8:12  eta_total: 19:32:25  loss: 2.3673  time: 0.248  data_time: 0.001  forward_time: 0.015  backward_time: 0.063  lr: 0.000099  max_mem: 11209M      
[2026-01-28 14:26:12]   epoch: [4/70]  step: [980/2078] (47.2%)  eta_epoch: 8:07  eta_total: 19:32:03  loss: 2.2205  time: 0.247  data_time: 0.001  forward_time: 0.018  backward_time: 0.063  lr: 0.000099  max_mem: 11209M      
[2026-01-28 14:26:18]   epoch: [4/70]  step: [990/2078] (47.6%)  eta_epoch: 8:03  eta_total: 19:31:51  loss: 1.5547  time: 0.249  data_time: 0.001  forward_time: 0.042  backward_time: 0.051  lr: 0.000099  max_mem: 11209M      
[2026-01-28 14:26:22]   epoch: [4/70]  step: [1000/2078] (48.1%)  eta_epoch: 7:58  eta_total: 19:31:24  loss: 1.9611  time: 0.248  data_time: 0.001  forward_time: 0.016  backward_time: 0.065  lr: 0.000099  max_mem: 11209M      
[2026-01-28 14:26:28]   epoch: [4/70]  step: [1010/2078] (48.6%)  eta_epoch: 7:54  eta_total: 19:31:07  loss: 2.3683  time: 0.248  data_time: 0.001  forward_time: 0.039  backward_time: 0.052  lr: 0.000099  max_mem: 11209M      
[2026-01-28 14:26:32]   epoch: [4/70]  step: [1020/2078] (49.1%)  eta_epoch: 7:49  eta_total: 19:30:40  loss: 1.7917  time: 0.247  data_time: 0.001  forward_time: 0.015  backward_time: 0.066  lr: 0.000099  max_mem: 11209M      
[2026-01-28 14:26:38]   epoch: [4/70]  step: [1030/2078] (49.6%)  eta_epoch: 7:45  eta_total: 19:30:23  loss: 2.1781  time: 0.248  data_time: 0.001  forward_time: 0.039  backward_time: 0.052  lr: 0.000099  max_mem: 11209M      
[2026-01-28 14:26:43]   epoch: [4/70]  step: [1040/2078] (50.0%)  eta_epoch: 7:40  eta_total: 19:30:01  loss: 2.0861  time: 0.247  data_time: 0.001  forward_time: 0.016  backward_time: 0.064  lr: 0.000099  max_mem: 11209M      
[2026-01-28 14:26:48]   epoch: [4/70]  step: [1050/2078] (50.5%)  eta_epoch: 7:35  eta_total: 19:29:44  loss: 1.9546  time: 0.248  data_time: 0.001  forward_time: 0.039  backward_time: 0.051  lr: 0.000099  max_mem: 11209M      
[2026-01-28 14:26:53]   epoch: [4/70]  step: [1060/2078] (51.0%)  eta_epoch: 7:31  eta_total: 19:29:23  loss: 1.9294  time: 0.247  data_time: 0.001  forward_time: 0.016  backward_time: 0.064  lr: 0.000099  max_mem: 11209M      
[2026-01-28 14:26:58]   epoch: [4/70]  step: [1070/2078] (51.5%)  eta_epoch: 7:26  eta_total: 19:29:08  loss: 1.9212  time: 0.248  data_time: 0.001  forward_time: 0.041  backward_time: 0.052  lr: 0.000099  max_mem: 11209M      
[2026-01-28 14:27:03]   epoch: [4/70]  step: [1080/2078] (52.0%)  eta_epoch: 7:22  eta_total: 19:28:50  loss: 2.0118  time: 0.248  data_time: 0.001  forward_time: 0.021  backward_time: 0.060  lr: 0.000099  max_mem: 11209M      
[2026-01-28 14:27:09]   epoch: [4/70]  step: [1090/2078] (52.5%)  eta_epoch: 7:17  eta_total: 19:28:33  loss: 2.1042  time: 0.248  data_time: 0.001  forward_time: 0.039  backward_time: 0.051  lr: 0.000099  max_mem: 11209M      
[2026-01-28 14:27:13]   epoch: [4/70]  step: [1100/2078] (52.9%)  eta_epoch: 7:13  eta_total: 19:28:12  loss: 2.0082  time: 0.247  data_time: 0.001  forward_time: 0.016  backward_time: 0.066  lr: 0.000099  max_mem: 11209M      
[2026-01-28 14:27:19]   epoch: [4/70]  step: [1110/2078] (53.4%)  eta_epoch: 7:08  eta_total: 19:27:56  loss: 1.9057  time: 0.248  data_time: 0.001  forward_time: 0.039  backward_time: 0.052  lr: 0.000099  max_mem: 11209M      
[2026-01-28 14:27:23]   epoch: [4/70]  step: [1120/2078] (53.9%)  eta_epoch: 7:04  eta_total: 19:27:34  loss: 1.9258  time: 0.247  data_time: 0.001  forward_time: 0.016  backward_time: 0.064  lr: 0.000099  max_mem: 11209M      
[2026-01-28 14:27:29]   epoch: [4/70]  step: [1130/2078] (54.4%)  eta_epoch: 6:59  eta_total: 19:27:15  loss: 1.8248  time: 0.248  data_time: 0.001  forward_time: 0.040  backward_time: 0.052  lr: 0.000099  max_mem: 11209M      
[2026-01-28 14:27:34]   epoch: [4/70]  step: [1140/2078] (54.9%)  eta_epoch: 6:55  eta_total: 19:27:02  loss: 2.1956  time: 0.249  data_time: 0.001  forward_time: 0.020  backward_time: 0.063  lr: 0.000099  max_mem: 11209M      
[2026-01-28 14:27:39]   epoch: [4/70]  step: [1150/2078] (55.3%)  eta_epoch: 6:50  eta_total: 19:26:50  loss: 2.1565  time: 0.249  data_time: 0.001  forward_time: 0.039  backward_time: 0.053  lr: 0.000099  max_mem: 11209M      
[2026-01-28 14:27:44]   epoch: [4/70]  step: [1160/2078] (55.8%)  eta_epoch: 6:46  eta_total: 19:26:33  loss: 2.0465  time: 0.250  data_time: 0.002  forward_time: 0.043  backward_time: 0.052  lr: 0.000099  max_mem: 11209M      
[2026-01-28 14:27:49]   epoch: [4/70]  step: [1170/2078] (56.3%)  eta_epoch: 6:41  eta_total: 19:26:16  loss: 1.8846  time: 0.248  data_time: 0.001  forward_time: 0.040  backward_time: 0.055  lr: 0.000099  max_mem: 11209M      
[2026-01-28 14:27:54]   epoch: [4/70]  step: [1180/2078] (56.8%)  eta_epoch: 6:37  eta_total: 19:26:06  loss: 1.8598  time: 0.247  data_time: 0.002  forward_time: 0.016  backward_time: 0.064  lr: 0.000099  max_mem: 11209M      
[2026-01-28 14:27:59]   epoch: [4/70]  step: [1190/2078] (57.3%)  eta_epoch: 6:32  eta_total: 19:25:42  loss: 2.2545  time: 0.249  data_time: 0.001  forward_time: 0.039  backward_time: 0.053  lr: 0.000099  max_mem: 11209M      
[2026-01-28 14:28:04]   epoch: [4/70]  step: [1200/2078] (57.7%)  eta_epoch: 6:28  eta_total: 19:25:23  loss: 2.0806  time: 0.247  data_time: 0.001  forward_time: 0.018  backward_time: 0.063  lr: 0.000099  max_mem: 11209M      
[2026-01-28 14:28:10]   epoch: [4/70]  step: [1210/2078] (58.2%)  eta_epoch: 6:23  eta_total: 19:25:04  loss: 2.2206  time: 0.248  data_time: 0.001  forward_time: 0.039  backward_time: 0.053  lr: 0.000099  max_mem: 11209M      
[2026-01-28 14:28:14]   epoch: [4/70]  step: [1220/2078] (58.7%)  eta_epoch: 6:19  eta_total: 19:24:37  loss: 1.8246  time: 0.247  data_time: 0.001  forward_time: 0.015  backward_time: 0.065  lr: 0.000099  max_mem: 11209M      
[2026-01-28 14:28:20]   epoch: [4/70]  step: [1230/2078] (59.2%)  eta_epoch: 6:14  eta_total: 19:24:09  loss: 1.8870  time: 0.248  data_time: 0.001  forward_time: 0.017  backward_time: 0.064  lr: 0.000099  max_mem: 11209M      
[2026-01-28 14:28:24]   epoch: [4/70]  step: [1240/2078] (59.7%)  eta_epoch: 6:09  eta_total: 19:23:41  loss: 1.8460  time: 0.248  data_time: 0.001  forward_time: 0.017  backward_time: 0.064  lr: 0.000099  max_mem: 11209M      
[2026-01-28 14:28:30]   epoch: [4/70]  step: [1250/2078] (60.2%)  eta_epoch: 6:05  eta_total: 19:23:32  loss: 2.1182  time: 0.249  data_time: 0.001  forward_time: 0.045  backward_time: 0.059  lr: 0.000099  max_mem: 11209M      
[2026-01-28 14:28:35]   epoch: [4/70]  step: [1260/2078] (60.6%)  eta_epoch: 6:01  eta_total: 19:23:06  loss: 1.9053  time: 0.247  data_time: 0.001  forward_time: 0.016  backward_time: 0.065  lr: 0.000099  max_mem: 11209M      
[2026-01-28 14:28:40]   epoch: [4/70]  step: [1270/2078] (61.1%)  eta_epoch: 5:56  eta_total: 19:22:53  loss: 1.9611  time: 0.249  data_time: 0.001  forward_time: 0.039  backward_time: 0.054  lr: 0.000099  max_mem: 11209M      
[2026-01-28 14:28:45]   epoch: [4/70]  step: [1280/2078] (61.6%)  eta_epoch: 5:52  eta_total: 19:22:28  loss: 1.9258  time: 0.248  data_time: 0.001  forward_time: 0.021  backward_time: 0.062  lr: 0.000099  max_mem: 11209M      
[2026-01-28 14:28:51]   epoch: [4/70]  step: [1290/2078] (62.1%)  eta_epoch: 5:47  eta_total: 19:22:18  loss: 2.3714  time: 0.248  data_time: 0.001  forward_time: 0.039  backward_time: 0.057  lr: 0.000099  max_mem: 11209M      
[2026-01-28 14:28:55]   epoch: [4/70]  step: [1300/2078] (62.6%)  eta_epoch: 5:43  eta_total: 19:21:49  loss: 1.8515  time: 0.248  data_time: 0.001  forward_time: 0.018  backward_time: 0.064  lr: 0.000099  max_mem: 11209M      
[2026-01-28 14:29:01]   epoch: [4/70]  step: [1310/2078] (63.0%)  eta_epoch: 5:38  eta_total: 19:21:34  loss: 1.8855  time: 0.248  data_time: 0.002  forward_time: 0.028  backward_time: 0.055  lr: 0.000099  max_mem: 11209M      
[2026-01-28 14:29:05]   epoch: [4/70]  step: [1320/2078] (63.5%)  eta_epoch: 5:34  eta_total: 19:21:06  loss: 1.8102  time: 0.247  data_time: 0.001  forward_time: 0.017  backward_time: 0.063  lr: 0.000099  max_mem: 11209M      
[2026-01-28 14:29:11]   epoch: [4/70]  step: [1330/2078] (64.0%)  eta_epoch: 5:29  eta_total: 19:20:57  loss: 2.0817  time: 0.248  data_time: 0.001  forward_time: 0.039  backward_time: 0.052  lr: 0.000099  max_mem: 11209M      
[2026-01-28 14:29:16]   epoch: [4/70]  step: [1340/2078] (64.5%)  eta_epoch: 5:25  eta_total: 19:20:29  loss: 2.0148  time: 0.248  data_time: 0.001  forward_time: 0.017  backward_time: 0.064  lr: 0.000099  max_mem: 11209M      
[2026-01-28 14:29:21]   epoch: [4/70]  step: [1350/2078] (65.0%)  eta_epoch: 5:20  eta_total: 19:20:17  loss: 1.6339  time: 0.248  data_time: 0.001  forward_time: 0.043  backward_time: 0.054  lr: 0.000099  max_mem: 11209M      
[2026-01-28 14:29:26]   epoch: [4/70]  step: [1360/2078] (65.4%)  eta_epoch: 5:16  eta_total: 19:19:57  loss: 1.8693  time: 0.247  data_time: 0.001  forward_time: 0.016  backward_time: 0.064  lr: 0.000099  max_mem: 11209M      
[2026-01-28 14:29:31]   epoch: [4/70]  step: [1370/2078] (65.9%)  eta_epoch: 5:12  eta_total: 19:19:45  loss: 2.2561  time: 0.248  data_time: 0.001  forward_time: 0.036  backward_time: 0.052  lr: 0.000099  max_mem: 11209M      
[2026-01-28 14:29:36]   epoch: [4/70]  step: [1380/2078] (66.4%)  eta_epoch: 5:07  eta_total: 19:19:28  loss: 2.2933  time: 0.248  data_time: 0.001  forward_time: 0.019  backward_time: 0.062  lr: 0.000099  max_mem: 11209M      
[2026-01-28 14:29:41]   epoch: [4/70]  step: [1390/2078] (66.9%)  eta_epoch: 5:03  eta_total: 19:19:17  loss: 2.5140  time: 0.249  data_time: 0.001  forward_time: 0.043  backward_time: 0.051  lr: 0.000099  max_mem: 11209M      
[2026-01-28 14:29:47]   epoch: [4/70]  step: [1400/2078] (67.4%)  eta_epoch: 4:58  eta_total: 19:18:59  loss: 2.1421  time: 0.248  data_time: 0.001  forward_time: 0.019  backward_time: 0.062  lr: 0.000099  max_mem: 11209M      
[2026-01-28 14:29:52]   epoch: [4/70]  step: [1410/2078] (67.9%)  eta_epoch: 4:54  eta_total: 19:18:38  loss: 2.2722  time: 0.248  data_time: 0.001  forward_time: 0.038  backward_time: 0.052  lr: 0.000099  max_mem: 11209M      
[2026-01-28 14:29:57]   epoch: [4/70]  step: [1420/2078] (68.3%)  eta_epoch: 4:49  eta_total: 19:18:22  loss: 2.1234  time: 0.247  data_time: 0.001  forward_time: 0.016  backward_time: 0.065  lr: 0.000099  max_mem: 11209M      
[2026-01-28 14:30:02]   epoch: [4/70]  step: [1430/2078] (68.8%)  eta_epoch: 4:45  eta_total: 19:18:03  loss: 2.1438  time: 0.247  data_time: 0.001  forward_time: 0.016  backward_time: 0.064  lr: 0.000099  max_mem: 11209M      
[2026-01-28 14:30:07]   epoch: [4/70]  step: [1440/2078] (69.3%)  eta_epoch: 4:40  eta_total: 19:17:37  loss: 2.2158  time: 0.247  data_time: 0.001  forward_time: 0.015  backward_time: 0.065  lr: 0.000099  max_mem: 11209M      
[2026-01-28 14:30:13]   epoch: [4/70]  step: [1450/2078] (69.8%)  eta_epoch: 4:36  eta_total: 19:17:23  loss: 1.9906  time: 0.248  data_time: 0.001  forward_time: 0.017  backward_time: 0.064  lr: 0.000099  max_mem: 11209M      
[2026-01-28 14:30:17]   epoch: [4/70]  step: [1460/2078] (70.3%)  eta_epoch: 4:32  eta_total: 19:16:58  loss: 1.9876  time: 0.248  data_time: 0.001  forward_time: 0.016  backward_time: 0.064  lr: 0.000099  max_mem: 11209M      
[2026-01-28 14:30:23]   epoch: [4/70]  step: [1470/2078] (70.7%)  eta_epoch: 4:27  eta_total: 19:16:48  loss: 2.2674  time: 0.249  data_time: 0.001  forward_time: 0.041  backward_time: 0.056  lr: 0.000099  max_mem: 11209M      
[2026-01-28 14:30:28]   epoch: [4/70]  step: [1480/2078] (71.2%)  eta_epoch: 4:23  eta_total: 19:16:26  loss: 2.1299  time: 0.248  data_time: 0.001  forward_time: 0.018  backward_time: 0.063  lr: 0.000099  max_mem: 11209M      
[2026-01-28 14:30:33]   epoch: [4/70]  step: [1490/2078] (71.7%)  eta_epoch: 4:18  eta_total: 19:16:18  loss: 2.2027  time: 0.248  data_time: 0.002  forward_time: 0.017  backward_time: 0.063  lr: 0.000099  max_mem: 11209M      
[2026-01-28 14:30:38]   epoch: [4/70]  step: [1500/2078] (72.2%)  eta_epoch: 4:14  eta_total: 19:16:03  loss: 1.7785  time: 0.250  data_time: 0.001  forward_time: 0.019  backward_time: 0.064  lr: 0.000099  max_mem: 11209M      
[2026-01-28 14:30:44]   epoch: [4/70]  step: [1510/2078] (72.7%)  eta_epoch: 4:10  eta_total: 19:16:02  loss: 2.0550  time: 0.249  data_time: 0.001  forward_time: 0.038  backward_time: 0.057  lr: 0.000099  max_mem: 11209M      
[2026-01-28 14:30:49]   epoch: [4/70]  step: [1520/2078] (73.1%)  eta_epoch: 4:05  eta_total: 19:15:39  loss: 2.5072  time: 0.248  data_time: 0.001  forward_time: 0.017  backward_time: 0.064  lr: 0.000099  max_mem: 11209M      
[2026-01-28 14:30:54]   epoch: [4/70]  step: [1530/2078] (73.6%)  eta_epoch: 4:01  eta_total: 19:15:28  loss: 2.2663  time: 0.248  data_time: 0.001  forward_time: 0.041  backward_time: 0.052  lr: 0.000099  max_mem: 11209M      
[2026-01-28 14:30:59]   epoch: [4/70]  step: [1540/2078] (74.1%)  eta_epoch: 3:56  eta_total: 19:15:00  loss: 2.3067  time: 0.248  data_time: 0.001  forward_time: 0.019  backward_time: 0.062  lr: 0.000099  max_mem: 11209M      
[2026-01-28 14:31:04]   epoch: [4/70]  step: [1550/2078] (74.6%)  eta_epoch: 3:52  eta_total: 19:14:48  loss: 2.2221  time: 0.248  data_time: 0.001  forward_time: 0.041  backward_time: 0.052  lr: 0.000099  max_mem: 11209M      
[2026-01-28 14:31:09]   epoch: [4/70]  step: [1560/2078] (75.1%)  eta_epoch: 3:47  eta_total: 19:14:14  loss: 1.8214  time: 0.247  data_time: 0.001  forward_time: 0.017  backward_time: 0.064  lr: 0.000099  max_mem: 11209M      
[2026-01-28 14:31:14]   epoch: [4/70]  step: [1570/2078] (75.6%)  eta_epoch: 3:43  eta_total: 19:14:04  loss: 2.0127  time: 0.249  data_time: 0.001  forward_time: 0.046  backward_time: 0.051  lr: 0.000099  max_mem: 11209M      
[2026-01-28 14:31:19]   epoch: [4/70]  step: [1580/2078] (76.0%)  eta_epoch: 3:38  eta_total: 19:13:35  loss: 1.9308  time: 0.247  data_time: 0.001  forward_time: 0.015  backward_time: 0.065  lr: 0.000099  max_mem: 11209M      
[2026-01-28 14:31:25]   epoch: [4/70]  step: [1590/2078] (76.5%)  eta_epoch: 3:34  eta_total: 19:13:25  loss: 2.0217  time: 0.247  data_time: 0.001  forward_time: 0.019  backward_time: 0.062  lr: 0.000099  max_mem: 11209M      
[2026-01-28 14:31:29]   epoch: [4/70]  step: [1600/2078] (77.0%)  eta_epoch: 3:30  eta_total: 19:12:55  loss: 1.6504  time: 0.248  data_time: 0.002  forward_time: 0.020  backward_time: 0.062  lr: 0.000099  max_mem: 11209M      
[2026-01-28 14:31:34]   epoch: [4/70]  step: [1610/2078] (77.5%)  eta_epoch: 3:25  eta_total: 19:12:41  loss: 2.1039  time: 0.248  data_time: 0.001  forward_time: 0.016  backward_time: 0.065  lr: 0.000099  max_mem: 11209M      
[2026-01-28 14:31:39]   epoch: [4/70]  step: [1620/2078] (78.0%)  eta_epoch: 3:21  eta_total: 19:12:11  loss: 2.3395  time: 0.247  data_time: 0.001  forward_time: 0.015  backward_time: 0.075  lr: 0.000099  max_mem: 11209M      
[2026-01-28 14:31:45]   epoch: [4/70]  step: [1630/2078] (78.4%)  eta_epoch: 3:16  eta_total: 19:12:02  loss: 1.9903  time: 0.247  data_time: 0.001  forward_time: 0.018  backward_time: 0.063  lr: 0.000099  max_mem: 11209M      
[2026-01-28 14:31:49]   epoch: [4/70]  step: [1640/2078] (78.9%)  eta_epoch: 3:12  eta_total: 19:11:40  loss: 1.8452  time: 0.247  data_time: 0.001  forward_time: 0.016  backward_time: 0.065  lr: 0.000099  max_mem: 11209M      
[2026-01-28 14:31:55]   epoch: [4/70]  step: [1650/2078] (79.4%)  eta_epoch: 3:08  eta_total: 19:11:35  loss: 1.8909  time: 0.248  data_time: 0.001  forward_time: 0.040  backward_time: 0.055  lr: 0.000099  max_mem: 11209M      
[2026-01-28 14:32:00]   epoch: [4/70]  step: [1660/2078] (79.9%)  eta_epoch: 3:03  eta_total: 19:11:09  loss: 1.8769  time: 0.247  data_time: 0.001  forward_time: 0.016  backward_time: 0.065  lr: 0.000099  max_mem: 11209M      
[2026-01-28 14:32:05]   epoch: [4/70]  step: [1670/2078] (80.4%)  eta_epoch: 2:59  eta_total: 19:11:05  loss: 2.2766  time: 0.249  data_time: 0.001  forward_time: 0.038  backward_time: 0.053  lr: 0.000099  max_mem: 11209M      
[2026-01-28 14:32:10]   epoch: [4/70]  step: [1680/2078] (80.8%)  eta_epoch: 2:54  eta_total: 19:10:41  loss: 2.5543  time: 0.247  data_time: 0.001  forward_time: 0.015  backward_time: 0.065  lr: 0.000099  max_mem: 11209M      
[2026-01-28 14:32:15]   epoch: [4/70]  step: [1690/2078] (81.3%)  eta_epoch: 2:50  eta_total: 19:10:33  loss: 1.6469  time: 0.249  data_time: 0.002  forward_time: 0.044  backward_time: 0.055  lr: 0.000099  max_mem: 11209M      
[2026-01-28 14:32:20]   epoch: [4/70]  step: [1700/2078] (81.8%)  eta_epoch: 2:45  eta_total: 19:10:02  loss: 2.1103  time: 0.247  data_time: 0.001  forward_time: 0.016  backward_time: 0.067  lr: 0.000099  max_mem: 11209M      
[2026-01-28 14:32:25]   epoch: [4/70]  step: [1710/2078] (82.3%)  eta_epoch: 2:41  eta_total: 19:09:52  loss: 1.9496  time: 0.248  data_time: 0.001  forward_time: 0.040  backward_time: 0.054  lr: 0.000099  max_mem: 11209M      
[2026-01-28 14:32:30]   epoch: [4/70]  step: [1720/2078] (82.8%)  eta_epoch: 2:37  eta_total: 19:09:28  loss: 2.0370  time: 0.248  data_time: 0.001  forward_time: 0.021  backward_time: 0.077  lr: 0.000099  max_mem: 11209M      
[2026-01-28 14:32:36]   epoch: [4/70]  step: [1730/2078] (83.3%)  eta_epoch: 2:32  eta_total: 19:09:25  loss: 2.1032  time: 0.248  data_time: 0.001  forward_time: 0.039  backward_time: 0.056  lr: 0.000099  max_mem: 11209M      
[2026-01-28 14:32:41]   epoch: [4/70]  step: [1740/2078] (83.7%)  eta_epoch: 2:28  eta_total: 19:09:06  loss: 2.1930  time: 0.247  data_time: 0.001  forward_time: 0.016  backward_time: 0.066  lr: 0.000099  max_mem: 11209M      
[2026-01-28 14:32:47]   epoch: [4/70]  step: [1750/2078] (84.2%)  eta_epoch: 2:24  eta_total: 19:08:59  loss: 1.8255  time: 0.249  data_time: 0.001  forward_time: 0.039  backward_time: 0.042  lr: 0.000099  max_mem: 11209M      
[2026-01-28 14:32:52]   epoch: [4/70]  step: [1760/2078] (84.7%)  eta_epoch: 2:19  eta_total: 19:08:30  loss: 2.1657  time: 0.248  data_time: 0.001  forward_time: 0.017  backward_time: 0.064  lr: 0.000099  max_mem: 11209M      
[2026-01-28 14:32:57]   epoch: [4/70]  step: [1770/2078] (85.2%)  eta_epoch: 2:15  eta_total: 19:08:26  loss: 2.3874  time: 0.253  data_time: 0.001  forward_time: 0.064  backward_time: 0.052  lr: 0.000099  max_mem: 11209M      
[2026-01-28 14:33:02]   epoch: [4/70]  step: [1780/2078] (85.7%)  eta_epoch: 2:10  eta_total: 19:08:01  loss: 1.9110  time: 0.247  data_time: 0.001  forward_time: 0.016  backward_time: 0.066  lr: 0.000099  max_mem: 11209M      
[2026-01-28 14:33:09]   epoch: [4/70]  step: [1790/2078] (86.1%)  eta_epoch: 2:06  eta_total: 19:07:59  loss: 2.1091  time: 0.248  data_time: 0.002  forward_time: 0.043  backward_time: 0.070  lr: 0.000099  max_mem: 11209M      
[2026-01-28 14:33:13]   epoch: [4/70]  step: [1800/2078] (86.6%)  eta_epoch: 2:02  eta_total: 19:07:35  loss: 1.9532  time: 0.247  data_time: 0.001  forward_time: 0.019  backward_time: 0.062  lr: 0.000099  max_mem: 11209M      
[2026-01-28 14:33:19]   epoch: [4/70]  step: [1810/2078] (87.1%)  eta_epoch: 1:57  eta_total: 19:07:27  loss: 2.3944  time: 0.249  data_time: 0.001  forward_time: 0.039  backward_time: 0.051  lr: 0.000099  max_mem: 11209M      
[2026-01-28 14:33:24]   epoch: [4/70]  step: [1820/2078] (87.6%)  eta_epoch: 1:53  eta_total: 19:06:54  loss: 1.7630  time: 0.247  data_time: 0.001  forward_time: 0.015  backward_time: 0.066  lr: 0.000099  max_mem: 11209M      
[2026-01-28 14:33:29]   epoch: [4/70]  step: [1830/2078] (88.1%)  eta_epoch: 1:49  eta_total: 19:06:45  loss: 1.9944  time: 0.248  data_time: 0.001  forward_time: 0.039  backward_time: 0.052  lr: 0.000099  max_mem: 11209M      
[2026-01-28 14:33:34]   epoch: [4/70]  step: [1840/2078] (88.5%)  eta_epoch: 1:44  eta_total: 19:06:21  loss: 2.1006  time: 0.248  data_time: 0.001  forward_time: 0.016  backward_time: 0.065  lr: 0.000099  max_mem: 11209M      
[2026-01-28 14:33:39]   epoch: [4/70]  step: [1850/2078] (89.0%)  eta_epoch: 1:40  eta_total: 19:06:13  loss: 1.7993  time: 0.248  data_time: 0.001  forward_time: 0.039  backward_time: 0.051  lr: 0.000099  max_mem: 11209M      
[2026-01-28 14:33:44]   epoch: [4/70]  step: [1860/2078] (89.5%)  eta_epoch: 1:35  eta_total: 19:05:45  loss: 2.1987  time: 0.247  data_time: 0.001  forward_time: 0.016  backward_time: 0.065  lr: 0.000099  max_mem: 11209M      
[2026-01-28 14:33:49]   epoch: [4/70]  step: [1870/2078] (90.0%)  eta_epoch: 1:31  eta_total: 19:05:39  loss: 2.0817  time: 0.249  data_time: 0.001  forward_time: 0.043  backward_time: 0.039  lr: 0.000099  max_mem: 11209M      
[2026-01-28 14:33:54]   epoch: [4/70]  step: [1880/2078] (90.5%)  eta_epoch: 1:26  eta_total: 19:05:14  loss: 2.0478  time: 0.247  data_time: 0.001  forward_time: 0.016  backward_time: 0.069  lr: 0.000099  max_mem: 11209M      
[2026-01-28 14:34:00]   epoch: [4/70]  step: [1890/2078] (91.0%)  eta_epoch: 1:22  eta_total: 19:05:07  loss: 1.9370  time: 0.249  data_time: 0.001  forward_time: 0.039  backward_time: 0.052  lr: 0.000099  max_mem: 11209M      
[2026-01-28 14:34:04]   epoch: [4/70]  step: [1900/2078] (91.4%)  eta_epoch: 1:18  eta_total: 19:04:44  loss: 1.9223  time: 0.247  data_time: 0.001  forward_time: 0.016  backward_time: 0.064  lr: 0.000099  max_mem: 11209M      
[2026-01-28 14:34:10]   epoch: [4/70]  step: [1910/2078] (91.9%)  eta_epoch: 1:13  eta_total: 19:04:33  loss: 2.1051  time: 0.249  data_time: 0.001  forward_time: 0.041  backward_time: 0.055  lr: 0.000099  max_mem: 11209M      
[2026-01-28 14:34:15]   epoch: [4/70]  step: [1920/2078] (92.4%)  eta_epoch: 1:09  eta_total: 19:04:09  loss: 1.7333  time: 0.247  data_time: 0.001  forward_time: 0.016  backward_time: 0.065  lr: 0.000099  max_mem: 11209M      
[2026-01-28 14:34:20]   epoch: [4/70]  step: [1930/2078] (92.9%)  eta_epoch: 1:04  eta_total: 19:03:58  loss: 2.0557  time: 0.248  data_time: 0.001  forward_time: 0.039  backward_time: 0.060  lr: 0.000099  max_mem: 11209M      
[2026-01-28 14:34:25]   epoch: [4/70]  step: [1940/2078] (93.4%)  eta_epoch: 1:00  eta_total: 19:03:41  loss: 1.9775  time: 0.248  data_time: 0.001  forward_time: 0.019  backward_time: 0.063  lr: 0.000099  max_mem: 11209M      
[2026-01-28 14:34:31]   epoch: [4/70]  step: [1950/2078] (93.8%)  eta_epoch: 0:56  eta_total: 19:03:35  loss: 1.9730  time: 0.248  data_time: 0.001  forward_time: 0.032  backward_time: 0.061  lr: 0.000099  max_mem: 11209M      
[2026-01-28 14:34:35]   epoch: [4/70]  step: [1960/2078] (94.3%)  eta_epoch: 0:51  eta_total: 19:03:17  loss: 2.1112  time: 0.248  data_time: 0.001  forward_time: 0.031  backward_time: 0.059  lr: 0.000099  max_mem: 11209M      
[2026-01-28 14:34:41]   epoch: [4/70]  step: [1970/2078] (94.8%)  eta_epoch: 0:47  eta_total: 19:03:11  loss: 2.0484  time: 0.248  data_time: 0.001  forward_time: 0.031  backward_time: 0.048  lr: 0.000099  max_mem: 11209M      
[2026-01-28 14:34:46]   epoch: [4/70]  step: [1980/2078] (95.3%)  eta_epoch: 0:43  eta_total: 19:02:45  loss: 2.1140  time: 0.247  data_time: 0.001  forward_time: 0.016  backward_time: 0.064  lr: 0.000099  max_mem: 11209M      
[2026-01-28 14:34:51]   epoch: [4/70]  step: [1990/2078] (95.8%)  eta_epoch: 0:38  eta_total: 19:02:26  loss: 2.0741  time: 0.248  data_time: 0.001  forward_time: 0.040  backward_time: 0.053  lr: 0.000099  max_mem: 11209M      
[2026-01-28 14:34:55]   epoch: [4/70]  step: [2000/2078] (96.2%)  eta_epoch: 0:34  eta_total: 19:02:02  loss: 2.0696  time: 0.248  data_time: 0.001  forward_time: 0.016  backward_time: 0.065  lr: 0.000099  max_mem: 11209M      
[2026-01-28 14:35:01]   epoch: [4/70]  step: [2010/2078] (96.7%)  eta_epoch: 0:29  eta_total: 19:01:55  loss: 2.5961  time: 0.249  data_time: 0.001  forward_time: 0.041  backward_time: 0.052  lr: 0.000099  max_mem: 11209M      
[2026-01-28 14:35:06]   epoch: [4/70]  step: [2020/2078] (97.2%)  eta_epoch: 0:25  eta_total: 19:01:25  loss: 1.9101  time: 0.247  data_time: 0.001  forward_time: 0.016  backward_time: 0.065  lr: 0.000099  max_mem: 11209M      
[2026-01-28 14:35:12]   epoch: [4/70]  step: [2030/2078] (97.7%)  eta_epoch: 0:21  eta_total: 19:01:25  loss: 2.2003  time: 0.248  data_time: 0.001  forward_time: 0.039  backward_time: 0.052  lr: 0.000099  max_mem: 11209M      
[2026-01-28 14:35:16]   epoch: [4/70]  step: [2040/2078] (98.2%)  eta_epoch: 0:16  eta_total: 19:01:03  loss: 1.7370  time: 0.248  data_time: 0.001  forward_time: 0.016  backward_time: 0.065  lr: 0.000099  max_mem: 11209M      
[2026-01-28 14:35:22]   epoch: [4/70]  step: [2050/2078] (98.7%)  eta_epoch: 0:12  eta_total: 19:00:53  loss: 2.0191  time: 0.248  data_time: 0.001  forward_time: 0.039  backward_time: 0.052  lr: 0.000099  max_mem: 11209M      
[2026-01-28 14:35:27]   epoch: [4/70]  step: [2060/2078] (99.1%)  eta_epoch: 0:07  eta_total: 19:00:31  loss: 1.9409  time: 0.248  data_time: 0.002  forward_time: 0.023  backward_time: 0.058  lr: 0.000099  max_mem: 11209M      
[2026-01-28 14:35:33]   epoch: [4/70]  step: [2070/2078] (99.6%)  eta_epoch: 0:03  eta_total: 19:01:30  loss: 2.1736  time: 0.316  data_time: 0.069  forward_time: 0.040  backward_time: 0.051  lr: 0.000099  max_mem: 11209M      
[2026-01-28 14:35:36]   epoch: [4/70]  step: [2078/2078] (100.0%)  eta_epoch: 0:00  eta_total: 18:59:07  loss: 2.0444  time: 0.110  data_time: 0.001  forward_time: 0.015  backward_time: 0.049  lr: 0.000099  max_mem: 11209M      
[2026-01-28 14:35:36]   [epoch 4 training completed] avg_loss: 2.0762  epoch_time: 1082.12s  avg_data_time: 0.001s  avg_forward_time: 0.026s  avg_backward_time: 0.060s  avg_step_time: 0.246s  throughput: 92.1 samples/s    
[2026-01-28 14:35:36]   Validating epoch[4/70]...    
[2026-01-28 14:38:25]   
============================================================    
[2026-01-28 14:38:25]   [Epoch 4/70] Validation Results:    
[2026-01-28 14:38:25]     Train Loss:     2.0762    
[2026-01-28 14:38:25]     Top-1 Acc:       0.3981 (39.81%)    
[2026-01-28 14:38:25]     Top-5 Acc:       0.8014 (80.14%)    
[2026-01-28 14:38:25]     Precision:      0.3447    
[2026-01-28 14:38:25]     Recall:          0.3988    
[2026-01-28 14:38:25]     Specificity:     0.9717    
[2026-01-28 14:38:25]     F1-Score:        0.3201    
[2026-01-28 14:38:25]     AUC:             0.7978    
[2026-01-28 14:38:25]     Overall Acc:     0.3988    
[2026-01-28 14:38:25]   ============================================================
    
[2026-01-28 14:38:25]   
Saving checkpoint...    
[2026-01-28 14:38:42]   epoch: [5/70]  step: [10/2078] (0.5%)  eta_epoch: 19:04  eta_total: 19:33:25  loss: 2.2710  time: 0.247  data_time: 0.001  forward_time: 0.024  backward_time: 0.057  lr: 0.000099  max_mem: 11209M      
[2026-01-28 14:38:46]   epoch: [5/70]  step: [20/2078] (1.0%)  eta_epoch: 16:24  eta_total: 19:32:56  loss: 2.2318  time: 0.247  data_time: 0.001  forward_time: 0.016  backward_time: 0.065  lr: 0.000099  max_mem: 11209M      
[2026-01-28 14:38:52]   epoch: [5/70]  step: [30/2078] (1.4%)  eta_epoch: 16:13  eta_total: 19:32:41  loss: 2.0342  time: 0.248  data_time: 0.001  forward_time: 0.040  backward_time: 0.052  lr: 0.000099  max_mem: 11209M      
[2026-01-28 14:38:57]   epoch: [5/70]  step: [40/2078] (1.9%)  eta_epoch: 15:28  eta_total: 19:32:11  loss: 2.6059  time: 0.247  data_time: 0.001  forward_time: 0.016  backward_time: 0.064  lr: 0.000099  max_mem: 11209M      
[2026-01-28 14:39:02]   epoch: [5/70]  step: [50/2078] (2.4%)  eta_epoch: 15:23  eta_total: 19:32:58  loss: 2.0214  time: 0.248  data_time: 0.001  forward_time: 0.039  backward_time: 0.052  lr: 0.000099  max_mem: 11209M      
[2026-01-28 14:39:06]   epoch: [5/70]  step: [60/2078] (2.9%)  eta_epoch: 14:54  eta_total: 19:32:37  loss: 1.7037  time: 0.249  data_time: 0.001  forward_time: 0.028  backward_time: 0.068  lr: 0.000099  max_mem: 11209M      
[2026-01-28 14:39:12]   epoch: [5/70]  step: [70/2078] (3.4%)  eta_epoch: 15:05  eta_total: 19:32:36  loss: 1.9252  time: 0.248  data_time: 0.001  forward_time: 0.041  backward_time: 0.055  lr: 0.000099  max_mem: 11209M      
[2026-01-28 14:39:17]   epoch: [5/70]  step: [80/2078] (3.8%)  eta_epoch: 14:48  eta_total: 19:32:17  loss: 2.2635  time: 0.247  data_time: 0.001  forward_time: 0.016  backward_time: 0.064  lr: 0.000099  max_mem: 11209M      
[2026-01-28 14:39:23]   epoch: [5/70]  step: [90/2078] (4.3%)  eta_epoch: 14:48  eta_total: 19:32:07  loss: 1.9221  time: 0.248  data_time: 0.001  forward_time: 0.040  backward_time: 0.050  lr: 0.000099  max_mem: 11209M      
[2026-01-28 14:39:27]   epoch: [5/70]  step: [100/2078] (4.8%)  eta_epoch: 14:33  eta_total: 19:31:41  loss: 1.9737  time: 0.247  data_time: 0.001  forward_time: 0.016  backward_time: 0.065  lr: 0.000099  max_mem: 11209M      
[2026-01-28 14:39:33]   epoch: [5/70]  step: [110/2078] (5.3%)  eta_epoch: 14:37  eta_total: 19:31:31  loss: 2.3814  time: 0.248  data_time: 0.001  forward_time: 0.038  backward_time: 0.052  lr: 0.000099  max_mem: 11209M      
[2026-01-28 14:39:38]   epoch: [5/70]  step: [120/2078] (5.8%)  eta_epoch: 14:26  eta_total: 19:31:08  loss: 1.9793  time: 0.247  data_time: 0.001  forward_time: 0.016  backward_time: 0.065  lr: 0.000099  max_mem: 11209M      
[2026-01-28 14:39:44]   epoch: [5/70]  step: [130/2078] (6.3%)  eta_epoch: 14:26  eta_total: 19:30:55  loss: 1.8673  time: 0.248  data_time: 0.001  forward_time: 0.038  backward_time: 0.051  lr: 0.000099  max_mem: 11209M      
[2026-01-28 14:39:48]   epoch: [5/70]  step: [140/2078] (6.7%)  eta_epoch: 14:14  eta_total: 19:30:28  loss: 2.2770  time: 0.247  data_time: 0.001  forward_time: 0.016  backward_time: 0.065  lr: 0.000099  max_mem: 11209M      
[2026-01-28 14:39:54]   epoch: [5/70]  step: [150/2078] (7.2%)  eta_epoch: 14:11  eta_total: 19:30:11  loss: 2.1025  time: 0.248  data_time: 0.001  forward_time: 0.016  backward_time: 0.064  lr: 0.000099  max_mem: 11209M      
[2026-01-28 14:39:58]   epoch: [5/70]  step: [160/2078] (7.7%)  eta_epoch: 14:02  eta_total: 19:29:50  loss: 2.0455  time: 0.248  data_time: 0.002  forward_time: 0.038  backward_time: 0.061  lr: 0.000099  max_mem: 11209M      
[2026-01-28 14:40:04]   epoch: [5/70]  step: [170/2078] (8.2%)  eta_epoch: 14:02  eta_total: 19:29:42  loss: 2.0925  time: 0.248  data_time: 0.001  forward_time: 0.041  backward_time: 0.053  lr: 0.000099  max_mem: 11209M      
[2026-01-28 14:40:08]   epoch: [5/70]  step: [180/2078] (8.7%)  eta_epoch: 13:52  eta_total: 19:29:19  loss: 2.3953  time: 0.247  data_time: 0.001  forward_time: 0.016  backward_time: 0.065  lr: 0.000099  max_mem: 11209M      
[2026-01-28 14:40:14]   epoch: [5/70]  step: [190/2078] (9.1%)  eta_epoch: 13:50  eta_total: 19:29:09  loss: 2.1877  time: 0.249  data_time: 0.002  forward_time: 0.040  backward_time: 0.052  lr: 0.000099  max_mem: 11209M      
[2026-01-28 14:40:19]   epoch: [5/70]  step: [200/2078] (9.6%)  eta_epoch: 13:43  eta_total: 19:28:52  loss: 1.7231  time: 0.247  data_time: 0.001  forward_time: 0.021  backward_time: 0.059  lr: 0.000099  max_mem: 11209M      
[2026-01-28 14:40:25]   epoch: [5/70]  step: [210/2078] (10.1%)  eta_epoch: 13:43  eta_total: 19:28:46  loss: 2.0878  time: 0.248  data_time: 0.001  forward_time: 0.035  backward_time: 0.062  lr: 0.000099  max_mem: 11209M      
[2026-01-28 14:40:29]   epoch: [5/70]  step: [220/2078] (10.6%)  eta_epoch: 13:34  eta_total: 19:28:21  loss: 2.0431  time: 0.247  data_time: 0.001  forward_time: 0.016  backward_time: 0.065  lr: 0.000099  max_mem: 11209M      
[2026-01-28 14:40:34]   epoch: [5/70]  step: [230/2078] (11.1%)  eta_epoch: 13:30  eta_total: 19:28:05  loss: 2.0637  time: 0.248  data_time: 0.001  forward_time: 0.039  backward_time: 0.061  lr: 0.000099  max_mem: 11209M      
[2026-01-28 14:40:39]   epoch: [5/70]  step: [240/2078] (11.5%)  eta_epoch: 13:22  eta_total: 19:27:43  loss: 1.9362  time: 0.247  data_time: 0.001  forward_time: 0.016  backward_time: 0.066  lr: 0.000099  max_mem: 11209M      
[2026-01-28 14:40:45]   epoch: [5/70]  step: [250/2078] (12.0%)  eta_epoch: 13:22  eta_total: 19:27:31  loss: 2.3840  time: 0.248  data_time: 0.001  forward_time: 0.038  backward_time: 0.051  lr: 0.000099  max_mem: 11209M      
[2026-01-28 14:40:49]   epoch: [5/70]  step: [260/2078] (12.5%)  eta_epoch: 13:14  eta_total: 19:27:00  loss: 2.1030  time: 0.247  data_time: 0.001  forward_time: 0.015  backward_time: 0.065  lr: 0.000099  max_mem: 11209M      
[2026-01-28 14:40:55]   epoch: [5/70]  step: [270/2078] (13.0%)  eta_epoch: 13:11  eta_total: 19:26:47  loss: 1.7015  time: 0.248  data_time: 0.001  forward_time: 0.039  backward_time: 0.051  lr: 0.000099  max_mem: 11209M      
[2026-01-28 14:41:00]   epoch: [5/70]  step: [280/2078] (13.5%)  eta_epoch: 13:05  eta_total: 19:26:23  loss: 2.3742  time: 0.248  data_time: 0.001  forward_time: 0.017  backward_time: 0.064  lr: 0.000099  max_mem: 11209M      
[2026-01-28 14:41:06]   epoch: [5/70]  step: [290/2078] (14.0%)  eta_epoch: 13:04  eta_total: 19:26:12  loss: 2.0369  time: 0.249  data_time: 0.001  forward_time: 0.045  backward_time: 0.059  lr: 0.000099  max_mem: 11209M      
[2026-01-28 14:41:11]   epoch: [5/70]  step: [300/2078] (14.4%)  eta_epoch: 12:58  eta_total: 19:25:53  loss: 1.8713  time: 0.247  data_time: 0.001  forward_time: 0.017  backward_time: 0.063  lr: 0.000099  max_mem: 11209M      
[2026-01-28 14:41:16]   epoch: [5/70]  step: [310/2078] (14.9%)  eta_epoch: 12:56  eta_total: 19:25:46  loss: 1.9067  time: 0.248  data_time: 0.001  forward_time: 0.039  backward_time: 0.051  lr: 0.000099  max_mem: 11209M      
[2026-01-28 14:41:21]   epoch: [5/70]  step: [320/2078] (15.4%)  eta_epoch: 12:49  eta_total: 19:25:18  loss: 1.9943  time: 0.247  data_time: 0.001  forward_time: 0.015  backward_time: 0.065  lr: 0.000099  max_mem: 11209M      
[2026-01-28 14:41:27]   epoch: [5/70]  step: [330/2078] (15.9%)  eta_epoch: 12:47  eta_total: 19:25:07  loss: 2.0349  time: 0.248  data_time: 0.001  forward_time: 0.022  backward_time: 0.060  lr: 0.000099  max_mem: 11209M      
[2026-01-28 14:41:31]   epoch: [5/70]  step: [340/2078] (16.4%)  eta_epoch: 12:40  eta_total: 19:24:38  loss: 2.0217  time: 0.247  data_time: 0.001  forward_time: 0.016  backward_time: 0.065  lr: 0.000099  max_mem: 11209M      
[2026-01-28 14:41:37]   epoch: [5/70]  step: [350/2078] (16.8%)  eta_epoch: 12:38  eta_total: 19:24:28  loss: 1.8019  time: 0.249  data_time: 0.001  forward_time: 0.040  backward_time: 0.053  lr: 0.000099  max_mem: 11209M      
[2026-01-28 14:41:42]   epoch: [5/70]  step: [360/2078] (17.3%)  eta_epoch: 12:32  eta_total: 19:24:09  loss: 1.9979  time: 0.247  data_time: 0.001  forward_time: 0.016  backward_time: 0.064  lr: 0.000099  max_mem: 11209M      
[2026-01-28 14:41:47]   epoch: [5/70]  step: [370/2078] (17.8%)  eta_epoch: 12:28  eta_total: 19:23:59  loss: 2.1250  time: 0.248  data_time: 0.001  forward_time: 0.038  backward_time: 0.051  lr: 0.000099  max_mem: 11209M      
[2026-01-28 14:41:53]   epoch: [5/70]  step: [380/2078] (18.3%)  eta_epoch: 12:24  eta_total: 19:23:48  loss: 2.3104  time: 0.247  data_time: 0.001  forward_time: 0.016  backward_time: 0.065  lr: 0.000099  max_mem: 11209M      
[2026-01-28 14:41:58]   epoch: [5/70]  step: [390/2078] (18.8%)  eta_epoch: 12:19  eta_total: 19:23:36  loss: 2.0813  time: 0.249  data_time: 0.001  forward_time: 0.038  backward_time: 0.052  lr: 0.000099  max_mem: 11209M      
[2026-01-28 14:42:03]   epoch: [5/70]  step: [400/2078] (19.2%)  eta_epoch: 12:17  eta_total: 19:23:27  loss: 2.2784  time: 0.247  data_time: 0.001  forward_time: 0.016  backward_time: 0.064  lr: 0.000099  max_mem: 11209M      
[2026-01-28 14:42:08]   epoch: [5/70]  step: [410/2078] (19.7%)  eta_epoch: 12:11  eta_total: 19:23:03  loss: 2.4211  time: 0.247  data_time: 0.001  forward_time: 0.016  backward_time: 0.064  lr: 0.000099  max_mem: 11209M      
[2026-01-28 14:42:14]   epoch: [5/70]  step: [420/2078] (20.2%)  eta_epoch: 12:08  eta_total: 19:22:51  loss: 1.9326  time: 0.248  data_time: 0.002  forward_time: 0.017  backward_time: 0.064  lr: 0.000099  max_mem: 11209M      
[2026-01-28 14:42:19]   epoch: [5/70]  step: [430/2078] (20.7%)  eta_epoch: 12:02  eta_total: 19:22:34  loss: 2.0306  time: 0.248  data_time: 0.001  forward_time: 0.038  backward_time: 0.051  lr: 0.000099  max_mem: 11209M      
[2026-01-28 14:42:24]   epoch: [5/70]  step: [440/2078] (21.2%)  eta_epoch: 11:58  eta_total: 19:22:22  loss: 2.4028  time: 0.247  data_time: 0.001  forward_time: 0.016  backward_time: 0.064  lr: 0.000099  max_mem: 11209M      
[2026-01-28 14:42:30]   epoch: [5/70]  step: [450/2078] (21.7%)  eta_epoch: 11:55  eta_total: 19:22:14  loss: 2.3489  time: 0.249  data_time: 0.001  forward_time: 0.041  backward_time: 0.056  lr: 0.000099  max_mem: 11209M      
[2026-01-28 14:42:34]   epoch: [5/70]  step: [460/2078] (22.1%)  eta_epoch: 11:49  eta_total: 19:21:54  loss: 1.8791  time: 0.248  data_time: 0.001  forward_time: 0.016  backward_time: 0.064  lr: 0.000099  max_mem: 11209M      
[2026-01-28 14:42:40]   epoch: [5/70]  step: [470/2078] (22.6%)  eta_epoch: 11:45  eta_total: 19:21:44  loss: 1.7692  time: 0.248  data_time: 0.001  forward_time: 0.037  backward_time: 0.048  lr: 0.000099  max_mem: 11209M      
[2026-01-28 14:42:44]   epoch: [5/70]  step: [480/2078] (23.1%)  eta_epoch: 11:40  eta_total: 19:21:22  loss: 1.9331  time: 0.247  data_time: 0.001  forward_time: 0.017  backward_time: 0.064  lr: 0.000099  max_mem: 11209M      
[2026-01-28 14:42:50]   epoch: [5/70]  step: [490/2078] (23.6%)  eta_epoch: 11:37  eta_total: 19:21:09  loss: 1.8979  time: 0.249  data_time: 0.001  forward_time: 0.040  backward_time: 0.053  lr: 0.000099  max_mem: 11209M      
[2026-01-28 14:42:55]   epoch: [5/70]  step: [500/2078] (24.1%)  eta_epoch: 11:32  eta_total: 19:20:48  loss: 2.2147  time: 0.247  data_time: 0.001  forward_time: 0.015  backward_time: 0.066  lr: 0.000099  max_mem: 11209M      
[2026-01-28 14:43:01]   epoch: [5/70]  step: [510/2078] (24.5%)  eta_epoch: 11:28  eta_total: 19:20:34  loss: 2.0128  time: 0.248  data_time: 0.001  forward_time: 0.040  backward_time: 0.055  lr: 0.000099  max_mem: 11209M      
[2026-01-28 14:43:05]   epoch: [5/70]  step: [520/2078] (25.0%)  eta_epoch: 11:22  eta_total: 19:20:16  loss: 2.1711  time: 0.248  data_time: 0.001  forward_time: 0.017  backward_time: 0.064  lr: 0.000099  max_mem: 11209M      
[2026-01-28 14:43:11]   epoch: [5/70]  step: [530/2078] (25.5%)  eta_epoch: 11:19  eta_total: 19:20:06  loss: 1.8749  time: 0.249  data_time: 0.001  forward_time: 0.041  backward_time: 0.052  lr: 0.000099  max_mem: 11209M      
[2026-01-28 14:43:15]   epoch: [5/70]  step: [540/2078] (26.0%)  eta_epoch: 11:13  eta_total: 19:19:39  loss: 1.9566  time: 0.247  data_time: 0.001  forward_time: 0.016  backward_time: 0.069  lr: 0.000099  max_mem: 11209M      
[2026-01-28 14:43:21]   epoch: [5/70]  step: [550/2078] (26.5%)  eta_epoch: 11:09  eta_total: 19:19:27  loss: 1.9370  time: 0.248  data_time: 0.001  forward_time: 0.040  backward_time: 0.052  lr: 0.000099  max_mem: 11209M      
[2026-01-28 14:43:25]   epoch: [5/70]  step: [560/2078] (26.9%)  eta_epoch: 11:03  eta_total: 19:19:02  loss: 1.8663  time: 0.248  data_time: 0.001  forward_time: 0.016  backward_time: 0.065  lr: 0.000099  max_mem: 11209M      
[2026-01-28 14:43:31]   epoch: [5/70]  step: [570/2078] (27.4%)  eta_epoch: 11:00  eta_total: 19:18:45  loss: 2.1699  time: 0.248  data_time: 0.001  forward_time: 0.038  backward_time: 0.052  lr: 0.000099  max_mem: 11209M      
[2026-01-28 14:43:36]   epoch: [5/70]  step: [580/2078] (27.9%)  eta_epoch: 10:55  eta_total: 19:18:19  loss: 1.9467  time: 0.248  data_time: 0.001  forward_time: 0.015  backward_time: 0.065  lr: 0.000099  max_mem: 11209M      
[2026-01-28 14:43:41]   epoch: [5/70]  step: [590/2078] (28.4%)  eta_epoch: 10:51  eta_total: 19:18:18  loss: 2.2255  time: 0.260  data_time: 0.001  forward_time: 0.053  backward_time: 0.053  lr: 0.000099  max_mem: 11209M      
[2026-01-28 14:43:46]   epoch: [5/70]  step: [600/2078] (28.9%)  eta_epoch: 10:46  eta_total: 19:17:53  loss: 2.3047  time: 0.247  data_time: 0.001  forward_time: 0.016  backward_time: 0.065  lr: 0.000099  max_mem: 11209M      
[2026-01-28 14:43:52]   epoch: [5/70]  step: [610/2078] (29.4%)  eta_epoch: 10:43  eta_total: 19:17:43  loss: 1.9206  time: 0.248  data_time: 0.001  forward_time: 0.039  backward_time: 0.052  lr: 0.000099  max_mem: 11209M      
[2026-01-28 14:43:56]   epoch: [5/70]  step: [620/2078] (29.8%)  eta_epoch: 10:37  eta_total: 19:17:21  loss: 2.0056  time: 0.247  data_time: 0.001  forward_time: 0.016  backward_time: 0.071  lr: 0.000099  max_mem: 11209M      
[2026-01-28 14:44:02]   epoch: [5/70]  step: [630/2078] (30.3%)  eta_epoch: 10:34  eta_total: 19:17:11  loss: 2.4117  time: 0.248  data_time: 0.001  forward_time: 0.040  backward_time: 0.054  lr: 0.000099  max_mem: 11209M      
[2026-01-28 14:44:07]   epoch: [5/70]  step: [640/2078] (30.8%)  eta_epoch: 10:28  eta_total: 19:16:35  loss: 2.2913  time: 0.248  data_time: 0.001  forward_time: 0.016  backward_time: 0.065  lr: 0.000099  max_mem: 11209M      
[2026-01-28 14:44:12]   epoch: [5/70]  step: [650/2078] (31.3%)  eta_epoch: 10:25  eta_total: 19:16:20  loss: 2.2484  time: 0.248  data_time: 0.001  forward_time: 0.038  backward_time: 0.053  lr: 0.000099  max_mem: 11209M      
[2026-01-28 14:44:17]   epoch: [5/70]  step: [660/2078] (31.8%)  eta_epoch: 10:20  eta_total: 19:16:02  loss: 2.0023  time: 0.247  data_time: 0.001  forward_time: 0.018  backward_time: 0.062  lr: 0.000099  max_mem: 11209M      
[2026-01-28 14:44:23]   epoch: [5/70]  step: [670/2078] (32.2%)  eta_epoch: 10:16  eta_total: 19:15:53  loss: 1.7808  time: 0.248  data_time: 0.001  forward_time: 0.038  backward_time: 0.051  lr: 0.000099  max_mem: 11209M      
[2026-01-28 14:44:27]   epoch: [5/70]  step: [680/2078] (32.7%)  eta_epoch: 10:11  eta_total: 19:15:28  loss: 1.9590  time: 0.247  data_time: 0.001  forward_time: 0.016  backward_time: 0.065  lr: 0.000099  max_mem: 11209M      
[2026-01-28 14:44:33]   epoch: [5/70]  step: [690/2078] (33.2%)  eta_epoch: 10:07  eta_total: 19:15:15  loss: 2.0925  time: 0.248  data_time: 0.001  forward_time: 0.039  backward_time: 0.054  lr: 0.000099  max_mem: 11209M      
[2026-01-28 14:44:37]   epoch: [5/70]  step: [700/2078] (33.7%)  eta_epoch: 10:01  eta_total: 19:14:52  loss: 2.1980  time: 0.248  data_time: 0.001  forward_time: 0.020  backward_time: 0.064  lr: 0.000099  max_mem: 11209M      
[2026-01-28 14:44:43]   epoch: [5/70]  step: [710/2078] (34.2%)  eta_epoch: 9:58  eta_total: 19:14:53  loss: 1.8697  time: 0.248  data_time: 0.001  forward_time: 0.043  backward_time: 0.052  lr: 0.000099  max_mem: 11209M      
[2026-01-28 14:44:48]   epoch: [5/70]  step: [720/2078] (34.6%)  eta_epoch: 9:53  eta_total: 19:14:38  loss: 2.1158  time: 0.248  data_time: 0.001  forward_time: 0.039  backward_time: 0.055  lr: 0.000099  max_mem: 11209M      
[2026-01-28 14:44:53]   epoch: [5/70]  step: [730/2078] (35.1%)  eta_epoch: 9:49  eta_total: 19:14:27  loss: 1.8161  time: 0.247  data_time: 0.001  forward_time: 0.029  backward_time: 0.055  lr: 0.000099  max_mem: 11209M      
[2026-01-28 14:44:58]   epoch: [5/70]  step: [740/2078] (35.6%)  eta_epoch: 9:45  eta_total: 19:14:16  loss: 1.7160  time: 0.248  data_time: 0.001  forward_time: 0.017  backward_time: 0.070  lr: 0.000099  max_mem: 11209M      
[2026-01-28 14:45:03]   epoch: [5/70]  step: [750/2078] (36.1%)  eta_epoch: 9:40  eta_total: 19:13:57  loss: 2.3405  time: 0.248  data_time: 0.001  forward_time: 0.040  backward_time: 0.055  lr: 0.000099  max_mem: 11209M      
[2026-01-28 14:45:09]   epoch: [5/70]  step: [760/2078] (36.6%)  eta_epoch: 9:36  eta_total: 19:13:33  loss: 1.7431  time: 0.247  data_time: 0.001  forward_time: 0.016  backward_time: 0.065  lr: 0.000099  max_mem: 11209M      
[2026-01-28 14:45:14]   epoch: [5/70]  step: [770/2078] (37.1%)  eta_epoch: 9:31  eta_total: 19:13:13  loss: 2.0047  time: 0.248  data_time: 0.001  forward_time: 0.038  backward_time: 0.044  lr: 0.000099  max_mem: 11209M      
[2026-01-28 14:45:19]   epoch: [5/70]  step: [780/2078] (37.5%)  eta_epoch: 9:27  eta_total: 19:12:58  loss: 2.1565  time: 0.248  data_time: 0.001  forward_time: 0.016  backward_time: 0.064  lr: 0.000099  max_mem: 11209M      
[2026-01-28 14:45:24]   epoch: [5/70]  step: [790/2078] (38.0%)  eta_epoch: 9:22  eta_total: 19:12:39  loss: 1.7665  time: 0.249  data_time: 0.001  forward_time: 0.039  backward_time: 0.049  lr: 0.000099  max_mem: 11209M      
[2026-01-28 14:45:30]   epoch: [5/70]  step: [800/2078] (38.5%)  eta_epoch: 9:19  eta_total: 19:12:31  loss: 1.9819  time: 0.247  data_time: 0.001  forward_time: 0.017  backward_time: 0.064  lr: 0.000099  max_mem: 11209M      
[2026-01-28 14:45:35]   epoch: [5/70]  step: [810/2078] (39.0%)  eta_epoch: 9:14  eta_total: 19:12:09  loss: 2.0194  time: 0.247  data_time: 0.001  forward_time: 0.016  backward_time: 0.065  lr: 0.000099  max_mem: 11209M      
[2026-01-28 14:45:41]   epoch: [5/70]  step: [820/2078] (39.5%)  eta_epoch: 9:10  eta_total: 19:12:02  loss: 2.1795  time: 0.248  data_time: 0.001  forward_time: 0.022  backward_time: 0.057  lr: 0.000099  max_mem: 11209M      
[2026-01-28 14:45:45]   epoch: [5/70]  step: [830/2078] (39.9%)  eta_epoch: 9:05  eta_total: 19:11:38  loss: 2.0823  time: 0.247  data_time: 0.001  forward_time: 0.016  backward_time: 0.065  lr: 0.000099  max_mem: 11209M      
[2026-01-28 14:45:51]   epoch: [5/70]  step: [840/2078] (40.4%)  eta_epoch: 9:02  eta_total: 19:11:31  loss: 2.1418  time: 0.247  data_time: 0.001  forward_time: 0.017  backward_time: 0.064  lr: 0.000099  max_mem: 11209M      
[2026-01-28 14:45:56]   epoch: [5/70]  step: [850/2078] (40.9%)  eta_epoch: 8:57  eta_total: 19:11:11  loss: 2.0840  time: 0.251  data_time: 0.005  forward_time: 0.022  backward_time: 0.059  lr: 0.000099  max_mem: 11209M      
[2026-01-28 14:46:02]   epoch: [5/70]  step: [860/2078] (41.4%)  eta_epoch: 8:53  eta_total: 19:11:07  loss: 1.8370  time: 0.247  data_time: 0.002  forward_time: 0.012  backward_time: 0.074  lr: 0.000099  max_mem: 11209M      
[2026-01-28 14:46:07]   epoch: [5/70]  step: [870/2078] (41.9%)  eta_epoch: 8:49  eta_total: 19:10:46  loss: 1.9923  time: 0.247  data_time: 0.001  forward_time: 0.019  backward_time: 0.062  lr: 0.000099  max_mem: 11209M      
[2026-01-28 14:46:12]   epoch: [5/70]  step: [880/2078] (42.3%)  eta_epoch: 8:45  eta_total: 19:10:36  loss: 2.0992  time: 0.248  data_time: 0.001  forward_time: 0.017  backward_time: 0.064  lr: 0.000099  max_mem: 11209M      
[2026-01-28 14:46:17]   epoch: [5/70]  step: [890/2078] (42.8%)  eta_epoch: 8:40  eta_total: 19:10:15  loss: 1.9849  time: 0.247  data_time: 0.001  forward_time: 0.015  backward_time: 0.067  lr: 0.000099  max_mem: 11209M      
[2026-01-28 14:46:23]   epoch: [5/70]  step: [900/2078] (43.3%)  eta_epoch: 8:36  eta_total: 19:10:03  loss: 1.9177  time: 0.248  data_time: 0.002  forward_time: 0.017  backward_time: 0.064  lr: 0.000099  max_mem: 11209M      
[2026-01-28 14:46:27]   epoch: [5/70]  step: [910/2078] (43.8%)  eta_epoch: 8:31  eta_total: 19:09:43  loss: 2.1002  time: 0.247  data_time: 0.001  forward_time: 0.016  backward_time: 0.064  lr: 0.000099  max_mem: 11209M      
[2026-01-28 14:46:33]   epoch: [5/70]  step: [920/2078] (44.3%)  eta_epoch: 8:27  eta_total: 19:09:33  loss: 1.7119  time: 0.247  data_time: 0.001  forward_time: 0.017  backward_time: 0.063  lr: 0.000099  max_mem: 11209M      
[2026-01-28 14:46:38]   epoch: [5/70]  step: [930/2078] (44.8%)  eta_epoch: 8:22  eta_total: 19:09:13  loss: 1.9670  time: 0.248  data_time: 0.001  forward_time: 0.017  backward_time: 0.064  lr: 0.000099  max_mem: 11209M      
[2026-01-28 14:46:44]   epoch: [5/70]  step: [940/2078] (45.2%)  eta_epoch: 8:18  eta_total: 19:09:02  loss: 1.8565  time: 0.247  data_time: 0.001  forward_time: 0.016  backward_time: 0.064  lr: 0.000099  max_mem: 11209M      
[2026-01-28 14:46:48]   epoch: [5/70]  step: [950/2078] (45.7%)  eta_epoch: 8:14  eta_total: 19:08:38  loss: 2.2372  time: 0.247  data_time: 0.001  forward_time: 0.016  backward_time: 0.065  lr: 0.000099  max_mem: 11209M      
[2026-01-28 14:46:54]   epoch: [5/70]  step: [960/2078] (46.2%)  eta_epoch: 8:10  eta_total: 19:08:29  loss: 2.2360  time: 0.247  data_time: 0.001  forward_time: 0.016  backward_time: 0.064  lr: 0.000099  max_mem: 11209M      
[2026-01-28 14:46:59]   epoch: [5/70]  step: [970/2078] (46.7%)  eta_epoch: 8:05  eta_total: 19:08:12  loss: 1.8783  time: 0.248  data_time: 0.002  forward_time: 0.016  backward_time: 0.066  lr: 0.000099  max_mem: 11209M      
[2026-01-28 14:47:05]   epoch: [5/70]  step: [980/2078] (47.2%)  eta_epoch: 8:01  eta_total: 19:08:05  loss: 2.3198  time: 0.248  data_time: 0.001  forward_time: 0.017  backward_time: 0.067  lr: 0.000099  max_mem: 11209M      
[2026-01-28 14:47:10]   epoch: [5/70]  step: [990/2078] (47.6%)  eta_epoch: 7:56  eta_total: 19:07:45  loss: 2.0630  time: 0.247  data_time: 0.001  forward_time: 0.016  backward_time: 0.065  lr: 0.000099  max_mem: 11209M      
[2026-01-28 14:47:16]   epoch: [5/70]  step: [1000/2078] (48.1%)  eta_epoch: 7:53  eta_total: 19:07:40  loss: 1.9406  time: 0.247  data_time: 0.001  forward_time: 0.018  backward_time: 0.063  lr: 0.000099  max_mem: 11209M      
[2026-01-28 14:47:20]   epoch: [5/70]  step: [1010/2078] (48.6%)  eta_epoch: 7:48  eta_total: 19:07:19  loss: 1.9309  time: 0.248  data_time: 0.001  forward_time: 0.016  backward_time: 0.067  lr: 0.000099  max_mem: 11209M      
[2026-01-28 14:47:25]   epoch: [5/70]  step: [1020/2078] (49.1%)  eta_epoch: 7:43  eta_total: 19:07:02  loss: 2.0298  time: 0.247  data_time: 0.001  forward_time: 0.017  backward_time: 0.066  lr: 0.000099  max_mem: 11209M      
[2026-01-28 14:47:30]   epoch: [5/70]  step: [1030/2078] (49.6%)  eta_epoch: 7:38  eta_total: 19:06:38  loss: 2.3495  time: 0.247  data_time: 0.001  forward_time: 0.016  backward_time: 0.065  lr: 0.000099  max_mem: 11209M      
[2026-01-28 14:47:35]   epoch: [5/70]  step: [1040/2078] (50.0%)  eta_epoch: 7:34  eta_total: 19:06:26  loss: 2.0495  time: 0.248  data_time: 0.002  forward_time: 0.020  backward_time: 0.061  lr: 0.000099  max_mem: 11209M      
[2026-01-28 14:47:39]   epoch: [5/70]  step: [1050/2078] (50.5%)  eta_epoch: 7:29  eta_total: 19:06:06  loss: 2.3209  time: 0.248  data_time: 0.001  forward_time: 0.017  backward_time: 0.064  lr: 0.000099  max_mem: 11209M      
[2026-01-28 14:47:45]   epoch: [5/70]  step: [1060/2078] (51.0%)  eta_epoch: 7:25  eta_total: 19:05:50  loss: 2.3964  time: 0.248  data_time: 0.001  forward_time: 0.017  backward_time: 0.064  lr: 0.000099  max_mem: 11209M      
[2026-01-28 14:47:49]   epoch: [5/70]  step: [1070/2078] (51.5%)  eta_epoch: 7:20  eta_total: 19:05:27  loss: 2.1343  time: 0.247  data_time: 0.001  forward_time: 0.016  backward_time: 0.065  lr: 0.000099  max_mem: 11209M      
[2026-01-28 14:47:55]   epoch: [5/70]  step: [1080/2078] (52.0%)  eta_epoch: 7:16  eta_total: 19:05:18  loss: 1.8420  time: 0.248  data_time: 0.001  forward_time: 0.017  backward_time: 0.064  lr: 0.000099  max_mem: 11209M      
[2026-01-28 14:48:00]   epoch: [5/70]  step: [1090/2078] (52.5%)  eta_epoch: 7:11  eta_total: 19:04:58  loss: 1.8283  time: 0.248  data_time: 0.001  forward_time: 0.016  backward_time: 0.065  lr: 0.000099  max_mem: 11209M      
[2026-01-28 14:48:05]   epoch: [5/70]  step: [1100/2078] (52.9%)  eta_epoch: 7:07  eta_total: 19:04:46  loss: 1.8936  time: 0.247  data_time: 0.001  forward_time: 0.019  backward_time: 0.063  lr: 0.000099  max_mem: 11209M      
[2026-01-28 14:48:10]   epoch: [5/70]  step: [1110/2078] (53.4%)  eta_epoch: 7:03  eta_total: 19:04:28  loss: 2.0657  time: 0.247  data_time: 0.001  forward_time: 0.016  backward_time: 0.065  lr: 0.000099  max_mem: 11209M      
[2026-01-28 14:48:15]   epoch: [5/70]  step: [1120/2078] (53.9%)  eta_epoch: 6:58  eta_total: 19:04:15  loss: 1.8546  time: 0.248  data_time: 0.001  forward_time: 0.018  backward_time: 0.063  lr: 0.000099  max_mem: 11209M      
[2026-01-28 14:48:20]   epoch: [5/70]  step: [1130/2078] (54.4%)  eta_epoch: 6:54  eta_total: 19:03:55  loss: 2.2311  time: 0.247  data_time: 0.001  forward_time: 0.016  backward_time: 0.064  lr: 0.000099  max_mem: 11209M      
[2026-01-28 14:48:26]   epoch: [5/70]  step: [1140/2078] (54.9%)  eta_epoch: 6:50  eta_total: 19:03:44  loss: 2.4610  time: 0.247  data_time: 0.001  forward_time: 0.017  backward_time: 0.064  lr: 0.000099  max_mem: 11209M      
[2026-01-28 14:48:30]   epoch: [5/70]  step: [1150/2078] (55.3%)  eta_epoch: 6:45  eta_total: 19:03:21  loss: 1.9199  time: 0.247  data_time: 0.001  forward_time: 0.016  backward_time: 0.061  lr: 0.000099  max_mem: 11209M      
[2026-01-28 14:48:36]   epoch: [5/70]  step: [1160/2078] (55.8%)  eta_epoch: 6:41  eta_total: 19:03:14  loss: 1.9213  time: 0.247  data_time: 0.001  forward_time: 0.012  backward_time: 0.076  lr: 0.000099  max_mem: 11209M      
[2026-01-28 14:48:41]   epoch: [5/70]  step: [1170/2078] (56.3%)  eta_epoch: 6:36  eta_total: 19:02:56  loss: 2.1279  time: 0.248  data_time: 0.001  forward_time: 0.017  backward_time: 0.067  lr: 0.000099  max_mem: 11209M      
[2026-01-28 14:48:46]   epoch: [5/70]  step: [1180/2078] (56.8%)  eta_epoch: 6:32  eta_total: 19:02:42  loss: 2.2707  time: 0.248  data_time: 0.002  forward_time: 0.018  backward_time: 0.063  lr: 0.000099  max_mem: 11209M      
[2026-01-28 14:48:50]   epoch: [5/70]  step: [1190/2078] (57.3%)  eta_epoch: 6:27  eta_total: 19:02:19  loss: 2.0137  time: 0.247  data_time: 0.001  forward_time: 0.016  backward_time: 0.065  lr: 0.000099  max_mem: 11209M      
[2026-01-28 14:48:56]   epoch: [5/70]  step: [1200/2078] (57.7%)  eta_epoch: 6:23  eta_total: 19:02:11  loss: 2.1329  time: 0.247  data_time: 0.001  forward_time: 0.012  backward_time: 0.069  lr: 0.000099  max_mem: 11209M      
[2026-01-28 14:49:00]   epoch: [5/70]  step: [1210/2078] (58.2%)  eta_epoch: 6:18  eta_total: 19:01:49  loss: 2.1526  time: 0.250  data_time: 0.001  forward_time: 0.044  backward_time: 0.050  lr: 0.000099  max_mem: 11209M      
[2026-01-28 14:49:05]   epoch: [5/70]  step: [1220/2078] (58.7%)  eta_epoch: 6:14  eta_total: 19:01:39  loss: 2.2336  time: 0.248  data_time: 0.002  forward_time: 0.018  backward_time: 0.064  lr: 0.000099  max_mem: 11209M      
[2026-01-28 14:49:10]   epoch: [5/70]  step: [1230/2078] (59.2%)  eta_epoch: 6:09  eta_total: 19:01:23  loss: 1.9181  time: 0.248  data_time: 0.001  forward_time: 0.038  backward_time: 0.053  lr: 0.000099  max_mem: 11209M      
[2026-01-28 14:49:15]   epoch: [5/70]  step: [1240/2078] (59.7%)  eta_epoch: 6:05  eta_total: 19:01:10  loss: 1.9790  time: 0.247  data_time: 0.001  forward_time: 0.016  backward_time: 0.066  lr: 0.000099  max_mem: 11209M      
[2026-01-28 14:49:20]   epoch: [5/70]  step: [1250/2078] (60.2%)  eta_epoch: 6:00  eta_total: 19:00:47  loss: 2.1220  time: 0.247  data_time: 0.001  forward_time: 0.017  backward_time: 0.064  lr: 0.000099  max_mem: 11209M      
[2026-01-28 14:49:25]   epoch: [5/70]  step: [1260/2078] (60.6%)  eta_epoch: 5:56  eta_total: 19:00:30  loss: 2.1723  time: 0.247  data_time: 0.001  forward_time: 0.016  backward_time: 0.065  lr: 0.000099  max_mem: 11209M      
[2026-01-28 14:49:30]   epoch: [5/70]  step: [1270/2078] (61.1%)  eta_epoch: 5:51  eta_total: 19:00:07  loss: 2.1533  time: 0.248  data_time: 0.001  forward_time: 0.038  backward_time: 0.051  lr: 0.000099  max_mem: 11209M      
[2026-01-28 14:49:35]   epoch: [5/70]  step: [1280/2078] (61.6%)  eta_epoch: 5:47  eta_total: 18:59:54  loss: 1.9527  time: 0.248  data_time: 0.001  forward_time: 0.037  backward_time: 0.051  lr: 0.000099  max_mem: 11209M      
[2026-01-28 14:49:40]   epoch: [5/70]  step: [1290/2078] (62.1%)  eta_epoch: 5:43  eta_total: 18:59:41  loss: 2.1112  time: 0.247  data_time: 0.001  forward_time: 0.016  backward_time: 0.065  lr: 0.000099  max_mem: 11209M      
[2026-01-28 14:49:45]   epoch: [5/70]  step: [1300/2078] (62.6%)  eta_epoch: 5:38  eta_total: 18:59:31  loss: 2.2560  time: 0.249  data_time: 0.001  forward_time: 0.040  backward_time: 0.055  lr: 0.000099  max_mem: 11209M      
[2026-01-28 14:49:50]   epoch: [5/70]  step: [1310/2078] (63.0%)  eta_epoch: 5:34  eta_total: 18:59:17  loss: 1.9217  time: 0.249  data_time: 0.002  forward_time: 0.018  backward_time: 0.064  lr: 0.000099  max_mem: 11209M      
[2026-01-28 14:49:55]   epoch: [5/70]  step: [1320/2078] (63.5%)  eta_epoch: 5:29  eta_total: 18:59:12  loss: 1.7612  time: 0.247  data_time: 0.001  forward_time: 0.018  backward_time: 0.062  lr: 0.000099  max_mem: 11209M      
[2026-01-28 14:49:59]   epoch: [5/70]  step: [1330/2078] (64.0%)  eta_epoch: 5:25  eta_total: 18:58:51  loss: 1.9035  time: 0.248  data_time: 0.001  forward_time: 0.016  backward_time: 0.064  lr: 0.000099  max_mem: 11209M      
[2026-01-28 14:50:04]   epoch: [5/70]  step: [1340/2078] (64.5%)  eta_epoch: 5:20  eta_total: 18:58:36  loss: 2.1540  time: 0.247  data_time: 0.001  forward_time: 0.017  backward_time: 0.068  lr: 0.000099  max_mem: 11209M      
[2026-01-28 14:50:10]   epoch: [5/70]  step: [1350/2078] (65.0%)  eta_epoch: 5:16  eta_total: 18:58:19  loss: 1.9831  time: 0.248  data_time: 0.001  forward_time: 0.016  backward_time: 0.065  lr: 0.000099  max_mem: 11209M      
[2026-01-28 14:50:15]   epoch: [5/70]  step: [1360/2078] (65.4%)  eta_epoch: 5:12  eta_total: 18:58:00  loss: 2.2162  time: 0.247  data_time: 0.001  forward_time: 0.016  backward_time: 0.064  lr: 0.000099  max_mem: 11209M      
[2026-01-28 14:50:20]   epoch: [5/70]  step: [1370/2078] (65.9%)  eta_epoch: 5:07  eta_total: 18:57:35  loss: 2.1952  time: 0.248  data_time: 0.001  forward_time: 0.016  backward_time: 0.064  lr: 0.000099  max_mem: 11209M      
[2026-01-28 14:50:25]   epoch: [5/70]  step: [1380/2078] (66.4%)  eta_epoch: 5:03  eta_total: 18:57:19  loss: 2.0753  time: 0.248  data_time: 0.001  forward_time: 0.016  backward_time: 0.065  lr: 0.000099  max_mem: 11209M      
[2026-01-28 14:50:30]   epoch: [5/70]  step: [1390/2078] (66.9%)  eta_epoch: 4:59  eta_total: 18:57:03  loss: 1.8789  time: 0.247  data_time: 0.001  forward_time: 0.017  backward_time: 0.064  lr: 0.000099  max_mem: 11209M      
[2026-01-28 14:50:34]   epoch: [5/70]  step: [1400/2078] (67.4%)  eta_epoch: 4:54  eta_total: 18:56:39  loss: 1.6850  time: 0.247  data_time: 0.001  forward_time: 0.016  backward_time: 0.064  lr: 0.000099  max_mem: 11209M      
[2026-01-28 14:50:40]   epoch: [5/70]  step: [1410/2078] (67.9%)  eta_epoch: 4:50  eta_total: 18:56:29  loss: 2.0131  time: 0.247  data_time: 0.001  forward_time: 0.017  backward_time: 0.064  lr: 0.000099  max_mem: 11209M      
[2026-01-28 14:50:45]   epoch: [5/70]  step: [1420/2078] (68.3%)  eta_epoch: 4:45  eta_total: 18:56:07  loss: 1.9012  time: 0.247  data_time: 0.001  forward_time: 0.016  backward_time: 0.065  lr: 0.000099  max_mem: 11209M      
[2026-01-28 14:50:49]   epoch: [5/70]  step: [1430/2078] (68.8%)  eta_epoch: 4:41  eta_total: 18:55:48  loss: 2.2229  time: 0.248  data_time: 0.001  forward_time: 0.016  backward_time: 0.066  lr: 0.000099  max_mem: 11209M      
[2026-01-28 14:50:54]   epoch: [5/70]  step: [1440/2078] (69.3%)  eta_epoch: 4:36  eta_total: 18:55:34  loss: 1.8919  time: 0.248  data_time: 0.001  forward_time: 0.016  backward_time: 0.064  lr: 0.000099  max_mem: 11209M      
[2026-01-28 14:50:59]   epoch: [5/70]  step: [1450/2078] (69.8%)  eta_epoch: 4:32  eta_total: 18:55:15  loss: 1.7278  time: 0.247  data_time: 0.001  forward_time: 0.016  backward_time: 0.064  lr: 0.000099  max_mem: 11209M      
[2026-01-28 14:51:04]   epoch: [5/70]  step: [1460/2078] (70.3%)  eta_epoch: 4:28  eta_total: 18:55:02  loss: 1.8585  time: 0.247  data_time: 0.001  forward_time: 0.018  backward_time: 0.063  lr: 0.000099  max_mem: 11209M      
[2026-01-28 14:51:10]   epoch: [5/70]  step: [1470/2078] (70.7%)  eta_epoch: 4:23  eta_total: 18:54:52  loss: 1.8338  time: 0.248  data_time: 0.001  forward_time: 0.016  backward_time: 0.064  lr: 0.000099  max_mem: 11209M      
[2026-01-28 14:51:15]   epoch: [5/70]  step: [1480/2078] (71.2%)  eta_epoch: 4:19  eta_total: 18:54:38  loss: 1.9518  time: 0.248  data_time: 0.001  forward_time: 0.016  backward_time: 0.065  lr: 0.000099  max_mem: 11209M      
[2026-01-28 14:51:20]   epoch: [5/70]  step: [1490/2078] (71.7%)  eta_epoch: 4:15  eta_total: 18:54:18  loss: 1.9718  time: 0.248  data_time: 0.001  forward_time: 0.013  backward_time: 0.064  lr: 0.000099  max_mem: 11209M      
[2026-01-28 14:51:25]   epoch: [5/70]  step: [1500/2078] (72.2%)  eta_epoch: 4:10  eta_total: 18:54:01  loss: 2.4657  time: 0.248  data_time: 0.001  forward_time: 0.025  backward_time: 0.063  lr: 0.000099  max_mem: 11209M      
[2026-01-28 14:51:29]   epoch: [5/70]  step: [1510/2078] (72.7%)  eta_epoch: 4:06  eta_total: 18:53:48  loss: 2.2467  time: 0.249  data_time: 0.002  forward_time: 0.018  backward_time: 0.064  lr: 0.000099  max_mem: 11209M      
[2026-01-28 14:51:34]   epoch: [5/70]  step: [1520/2078] (73.1%)  eta_epoch: 4:01  eta_total: 18:53:36  loss: 1.9544  time: 0.248  data_time: 0.001  forward_time: 0.017  backward_time: 0.064  lr: 0.000099  max_mem: 11209M      
[2026-01-28 14:51:39]   epoch: [5/70]  step: [1530/2078] (73.6%)  eta_epoch: 3:57  eta_total: 18:53:23  loss: 1.8945  time: 0.247  data_time: 0.001  forward_time: 0.016  backward_time: 0.064  lr: 0.000099  max_mem: 11209M      
[2026-01-28 14:51:44]   epoch: [5/70]  step: [1540/2078] (74.1%)  eta_epoch: 3:53  eta_total: 18:53:06  loss: 1.8206  time: 0.248  data_time: 0.001  forward_time: 0.016  backward_time: 0.064  lr: 0.000099  max_mem: 11209M      
[2026-01-28 14:51:49]   epoch: [5/70]  step: [1550/2078] (74.6%)  eta_epoch: 3:48  eta_total: 18:53:01  loss: 2.2698  time: 0.248  data_time: 0.001  forward_time: 0.017  backward_time: 0.064  lr: 0.000099  max_mem: 11209M      
[2026-01-28 14:51:54]   epoch: [5/70]  step: [1560/2078] (75.1%)  eta_epoch: 3:44  eta_total: 18:52:42  loss: 2.1678  time: 0.247  data_time: 0.001  forward_time: 0.016  backward_time: 0.065  lr: 0.000099  max_mem: 11209M      
[2026-01-28 14:51:59]   epoch: [5/70]  step: [1570/2078] (75.6%)  eta_epoch: 3:40  eta_total: 18:52:27  loss: 1.9784  time: 0.248  data_time: 0.002  forward_time: 0.027  backward_time: 0.058  lr: 0.000099  max_mem: 11209M      
[2026-01-28 14:52:04]   epoch: [5/70]  step: [1580/2078] (76.0%)  eta_epoch: 3:35  eta_total: 18:52:08  loss: 1.9692  time: 0.247  data_time: 0.001  forward_time: 0.017  backward_time: 0.064  lr: 0.000099  max_mem: 11209M      
[2026-01-28 14:52:09]   epoch: [5/70]  step: [1590/2078] (76.5%)  eta_epoch: 3:31  eta_total: 18:51:53  loss: 2.4471  time: 0.248  data_time: 0.001  forward_time: 0.017  backward_time: 0.064  lr: 0.000099  max_mem: 11209M      
[2026-01-28 14:52:14]   epoch: [5/70]  step: [1600/2078] (77.0%)  eta_epoch: 3:26  eta_total: 18:51:29  loss: 1.8667  time: 0.248  data_time: 0.002  forward_time: 0.017  backward_time: 0.065  lr: 0.000099  max_mem: 11209M      
[2026-01-28 14:52:20]   epoch: [5/70]  step: [1610/2078] (77.5%)  eta_epoch: 3:22  eta_total: 18:51:19  loss: 2.0949  time: 0.247  data_time: 0.001  forward_time: 0.018  backward_time: 0.063  lr: 0.000099  max_mem: 11209M      
[2026-01-28 14:52:24]   epoch: [5/70]  step: [1620/2078] (78.0%)  eta_epoch: 3:18  eta_total: 18:50:55  loss: 2.2294  time: 0.248  data_time: 0.001  forward_time: 0.023  backward_time: 0.059  lr: 0.000099  max_mem: 11209M      
[2026-01-28 14:52:30]   epoch: [5/70]  step: [1630/2078] (78.4%)  eta_epoch: 3:13  eta_total: 18:50:46  loss: 2.1230  time: 0.247  data_time: 0.001  forward_time: 0.018  backward_time: 0.063  lr: 0.000099  max_mem: 11209M      
[2026-01-28 14:52:34]   epoch: [5/70]  step: [1640/2078] (78.9%)  eta_epoch: 3:09  eta_total: 18:50:24  loss: 2.3363  time: 0.248  data_time: 0.001  forward_time: 0.016  backward_time: 0.065  lr: 0.000099  max_mem: 11209M      
[2026-01-28 14:52:40]   epoch: [5/70]  step: [1650/2078] (79.4%)  eta_epoch: 3:05  eta_total: 18:50:15  loss: 2.0074  time: 0.247  data_time: 0.001  forward_time: 0.016  backward_time: 0.065  lr: 0.000099  max_mem: 11209M      
[2026-01-28 14:52:45]   epoch: [5/70]  step: [1660/2078] (79.9%)  eta_epoch: 3:00  eta_total: 18:49:55  loss: 2.1341  time: 0.247  data_time: 0.001  forward_time: 0.018  backward_time: 0.063  lr: 0.000099  max_mem: 11209M      
[2026-01-28 14:52:50]   epoch: [5/70]  step: [1670/2078] (80.4%)  eta_epoch: 2:56  eta_total: 18:49:45  loss: 2.0405  time: 0.248  data_time: 0.001  forward_time: 0.016  backward_time: 0.070  lr: 0.000099  max_mem: 11209M      
[2026-01-28 14:52:55]   epoch: [5/70]  step: [1680/2078] (80.8%)  eta_epoch: 2:52  eta_total: 18:49:27  loss: 1.8997  time: 0.248  data_time: 0.001  forward_time: 0.018  backward_time: 0.063  lr: 0.000099  max_mem: 11209M      
[2026-01-28 14:53:00]   epoch: [5/70]  step: [1690/2078] (81.3%)  eta_epoch: 2:47  eta_total: 18:49:15  loss: 2.3098  time: 0.248  data_time: 0.001  forward_time: 0.017  backward_time: 0.063  lr: 0.000099  max_mem: 11209M      
[2026-01-28 14:53:06]   epoch: [5/70]  step: [1700/2078] (81.8%)  eta_epoch: 2:43  eta_total: 18:49:00  loss: 1.8522  time: 0.248  data_time: 0.001  forward_time: 0.017  backward_time: 0.064  lr: 0.000099  max_mem: 11209M      
[2026-01-28 14:53:10]   epoch: [5/70]  step: [1710/2078] (82.3%)  eta_epoch: 2:39  eta_total: 18:48:41  loss: 1.8656  time: 0.247  data_time: 0.001  forward_time: 0.017  backward_time: 0.063  lr: 0.000099  max_mem: 11209M      
[2026-01-28 14:53:15]   epoch: [5/70]  step: [1720/2078] (82.8%)  eta_epoch: 2:34  eta_total: 18:48:25  loss: 2.0165  time: 0.247  data_time: 0.001  forward_time: 0.022  backward_time: 0.058  lr: 0.000099  max_mem: 11209M      
[2026-01-28 14:53:20]   epoch: [5/70]  step: [1730/2078] (83.3%)  eta_epoch: 2:30  eta_total: 18:48:13  loss: 2.1060  time: 0.248  data_time: 0.001  forward_time: 0.016  backward_time: 0.064  lr: 0.000099  max_mem: 11209M      
[2026-01-28 14:53:25]   epoch: [5/70]  step: [1740/2078] (83.7%)  eta_epoch: 2:26  eta_total: 18:47:59  loss: 2.1139  time: 0.247  data_time: 0.001  forward_time: 0.013  backward_time: 0.068  lr: 0.000099  max_mem: 11209M      
[2026-01-28 14:53:31]   epoch: [5/70]  step: [1750/2078] (84.2%)  eta_epoch: 2:21  eta_total: 18:47:53  loss: 1.9834  time: 0.248  data_time: 0.001  forward_time: 0.017  backward_time: 0.064  lr: 0.000099  max_mem: 11209M      
[2026-01-28 14:53:36]   epoch: [5/70]  step: [1760/2078] (84.7%)  eta_epoch: 2:17  eta_total: 18:47:43  loss: 1.9203  time: 0.247  data_time: 0.001  forward_time: 0.020  backward_time: 0.061  lr: 0.000099  max_mem: 11209M      
[2026-01-28 14:53:41]   epoch: [5/70]  step: [1770/2078] (85.2%)  eta_epoch: 2:13  eta_total: 18:47:33  loss: 1.9364  time: 0.248  data_time: 0.001  forward_time: 0.021  backward_time: 0.061  lr: 0.000099  max_mem: 11209M      
[2026-01-28 14:53:46]   epoch: [5/70]  step: [1780/2078] (85.7%)  eta_epoch: 2:08  eta_total: 18:47:13  loss: 1.8520  time: 0.247  data_time: 0.001  forward_time: 0.017  backward_time: 0.064  lr: 0.000099  max_mem: 11209M      
[2026-01-28 14:53:51]   epoch: [5/70]  step: [1790/2078] (86.1%)  eta_epoch: 2:04  eta_total: 18:46:58  loss: 1.9687  time: 0.247  data_time: 0.001  forward_time: 0.012  backward_time: 0.069  lr: 0.000099  max_mem: 11209M      
[2026-01-28 14:53:56]   epoch: [5/70]  step: [1800/2078] (86.6%)  eta_epoch: 2:00  eta_total: 18:46:33  loss: 1.8684  time: 0.248  data_time: 0.001  forward_time: 0.017  backward_time: 0.064  lr: 0.000099  max_mem: 11209M      
[2026-01-28 14:54:01]   epoch: [5/70]  step: [1810/2078] (87.1%)  eta_epoch: 1:55  eta_total: 18:46:16  loss: 2.0222  time: 0.247  data_time: 0.001  forward_time: 0.017  backward_time: 0.066  lr: 0.000099  max_mem: 11209M      
[2026-01-28 14:54:06]   epoch: [5/70]  step: [1820/2078] (87.6%)  eta_epoch: 1:51  eta_total: 18:45:57  loss: 2.0220  time: 0.248  data_time: 0.001  forward_time: 0.017  backward_time: 0.066  lr: 0.000099  max_mem: 11209M      
[2026-01-28 14:54:11]   epoch: [5/70]  step: [1830/2078] (88.1%)  eta_epoch: 1:47  eta_total: 18:45:47  loss: 2.0178  time: 0.247  data_time: 0.001  forward_time: 0.016  backward_time: 0.064  lr: 0.000099  max_mem: 11209M      
[2026-01-28 14:54:16]   epoch: [5/70]  step: [1840/2078] (88.5%)  eta_epoch: 1:42  eta_total: 18:45:36  loss: 1.8951  time: 0.247  data_time: 0.001  forward_time: 0.016  backward_time: 0.064  lr: 0.000099  max_mem: 11209M      
[2026-01-28 14:54:21]   epoch: [5/70]  step: [1850/2078] (89.0%)  eta_epoch: 1:38  eta_total: 18:45:23  loss: 2.0845  time: 0.247  data_time: 0.001  forward_time: 0.016  backward_time: 0.065  lr: 0.000099  max_mem: 11209M      
[2026-01-28 14:54:26]   epoch: [5/70]  step: [1860/2078] (89.5%)  eta_epoch: 1:34  eta_total: 18:45:06  loss: 1.9395  time: 0.247  data_time: 0.001  forward_time: 0.016  backward_time: 0.065  lr: 0.000099  max_mem: 11209M      
[2026-01-28 14:54:31]   epoch: [5/70]  step: [1870/2078] (90.0%)  eta_epoch: 1:29  eta_total: 18:44:57  loss: 2.2378  time: 0.247  data_time: 0.001  forward_time: 0.020  backward_time: 0.061  lr: 0.000099  max_mem: 11209M      
[2026-01-28 14:54:36]   epoch: [5/70]  step: [1880/2078] (90.5%)  eta_epoch: 1:25  eta_total: 18:44:40  loss: 2.1238  time: 0.248  data_time: 0.001  forward_time: 0.019  backward_time: 0.063  lr: 0.000099  max_mem: 11209M      
[2026-01-28 14:54:41]   epoch: [5/70]  step: [1890/2078] (91.0%)  eta_epoch: 1:21  eta_total: 18:44:21  loss: 2.0906  time: 0.247  data_time: 0.001  forward_time: 0.017  backward_time: 0.064  lr: 0.000099  max_mem: 11209M      
[2026-01-28 14:54:46]   epoch: [5/70]  step: [1900/2078] (91.4%)  eta_epoch: 1:16  eta_total: 18:44:10  loss: 1.9301  time: 0.248  data_time: 0.001  forward_time: 0.016  backward_time: 0.065  lr: 0.000099  max_mem: 11209M      
[2026-01-28 14:54:51]   epoch: [5/70]  step: [1910/2078] (91.9%)  eta_epoch: 1:12  eta_total: 18:43:55  loss: 2.0332  time: 0.247  data_time: 0.001  forward_time: 0.018  backward_time: 0.063  lr: 0.000099  max_mem: 11209M      
[2026-01-28 14:54:56]   epoch: [5/70]  step: [1920/2078] (92.4%)  eta_epoch: 1:08  eta_total: 18:43:39  loss: 1.6485  time: 0.249  data_time: 0.002  forward_time: 0.042  backward_time: 0.051  lr: 0.000099  max_mem: 11209M      
[2026-01-28 14:55:01]   epoch: [5/70]  step: [1930/2078] (92.9%)  eta_epoch: 1:03  eta_total: 18:43:27  loss: 1.5914  time: 0.247  data_time: 0.001  forward_time: 0.012  backward_time: 0.068  lr: 0.000099  max_mem: 11209M      
[2026-01-28 14:55:05]   epoch: [5/70]  step: [1940/2078] (93.4%)  eta_epoch: 0:59  eta_total: 18:43:10  loss: 1.8442  time: 0.247  data_time: 0.001  forward_time: 0.017  backward_time: 0.064  lr: 0.000099  max_mem: 11209M      
[2026-01-28 14:55:11]   epoch: [5/70]  step: [1950/2078] (93.8%)  eta_epoch: 0:55  eta_total: 18:43:00  loss: 2.1161  time: 0.248  data_time: 0.001  forward_time: 0.016  backward_time: 0.065  lr: 0.000099  max_mem: 11209M      
[2026-01-28 14:55:16]   epoch: [5/70]  step: [1960/2078] (94.3%)  eta_epoch: 0:50  eta_total: 18:42:43  loss: 1.9466  time: 0.247  data_time: 0.001  forward_time: 0.017  backward_time: 0.063  lr: 0.000099  max_mem: 11209M      
[2026-01-28 14:55:22]   epoch: [5/70]  step: [1970/2078] (94.8%)  eta_epoch: 0:46  eta_total: 18:42:34  loss: 1.7104  time: 0.247  data_time: 0.001  forward_time: 0.018  backward_time: 0.063  lr: 0.000099  max_mem: 11209M      
[2026-01-28 14:55:27]   epoch: [5/70]  step: [1980/2078] (95.3%)  eta_epoch: 0:42  eta_total: 18:42:17  loss: 2.0794  time: 0.247  data_time: 0.001  forward_time: 0.016  backward_time: 0.064  lr: 0.000099  max_mem: 11209M      
[2026-01-28 14:55:32]   epoch: [5/70]  step: [1990/2078] (95.8%)  eta_epoch: 0:38  eta_total: 18:42:01  loss: 2.0819  time: 0.247  data_time: 0.001  forward_time: 0.023  backward_time: 0.058  lr: 0.000099  max_mem: 11209M      
[2026-01-28 14:55:37]   epoch: [5/70]  step: [2000/2078] (96.2%)  eta_epoch: 0:33  eta_total: 18:41:52  loss: 1.9119  time: 0.248  data_time: 0.001  forward_time: 0.020  backward_time: 0.061  lr: 0.000099  max_mem: 11209M      
[2026-01-28 14:55:42]   epoch: [5/70]  step: [2010/2078] (96.7%)  eta_epoch: 0:29  eta_total: 18:41:31  loss: 2.3591  time: 0.248  data_time: 0.001  forward_time: 0.017  backward_time: 0.064  lr: 0.000099  max_mem: 11209M      
[2026-01-28 14:55:47]   epoch: [5/70]  step: [2020/2078] (97.2%)  eta_epoch: 0:25  eta_total: 18:41:13  loss: 1.9529  time: 0.248  data_time: 0.001  forward_time: 0.018  backward_time: 0.066  lr: 0.000099  max_mem: 11209M      
[2026-01-28 14:55:52]   epoch: [5/70]  step: [2030/2078] (97.7%)  eta_epoch: 0:20  eta_total: 18:41:01  loss: 1.9244  time: 0.249  data_time: 0.002  forward_time: 0.040  backward_time: 0.055  lr: 0.000099  max_mem: 11209M      
[2026-01-28 14:55:57]   epoch: [5/70]  step: [2040/2078] (98.2%)  eta_epoch: 0:16  eta_total: 18:40:46  loss: 1.9878  time: 0.248  data_time: 0.001  forward_time: 0.026  backward_time: 0.052  lr: 0.000099  max_mem: 11209M      
[2026-01-28 14:56:02]   epoch: [5/70]  step: [2050/2078] (98.7%)  eta_epoch: 0:12  eta_total: 18:40:35  loss: 1.8986  time: 0.247  data_time: 0.001  forward_time: 0.015  backward_time: 0.065  lr: 0.000099  max_mem: 11209M      
[2026-01-28 14:56:07]   epoch: [5/70]  step: [2060/2078] (99.1%)  eta_epoch: 0:07  eta_total: 18:40:17  loss: 1.9286  time: 0.247  data_time: 0.001  forward_time: 0.016  backward_time: 0.065  lr: 0.000099  max_mem: 11209M      
[2026-01-28 14:56:13]   epoch: [5/70]  step: [2070/2078] (99.6%)  eta_epoch: 0:03  eta_total: 18:40:25  loss: 1.8784  time: 0.268  data_time: 0.001  forward_time: 0.087  backward_time: 0.053  lr: 0.000099  max_mem: 11209M      
[2026-01-28 14:56:17]   epoch: [5/70]  step: [2078/2078] (100.0%)  eta_epoch: 0:00  eta_total: 18:38:19  loss: 2.3217  time: 0.110  data_time: 0.001  forward_time: 0.015  backward_time: 0.051  lr: 0.000099  max_mem: 11209M      
[2026-01-28 14:56:17]   [epoch 5 training completed] avg_loss: 2.0206  epoch_time: 1062.23s  avg_data_time: 0.001s  avg_forward_time: 0.027s  avg_backward_time: 0.059s  avg_step_time: 0.245s  throughput: 93.9 samples/s    
[2026-01-28 14:56:17]   Validating epoch[5/70]...    
[2026-01-28 14:59:09]   
============================================================    
[2026-01-28 14:59:09]   [Epoch 5/70] Validation Results:    
[2026-01-28 14:59:09]     Train Loss:     2.0206    
[2026-01-28 14:59:09]     Top-1 Acc:       0.3552 (35.52%)    
[2026-01-28 14:59:09]     Top-5 Acc:       0.7698 (76.98%)    
[2026-01-28 14:59:09]     Precision:      0.3744    
[2026-01-28 14:59:09]     Recall:          0.3558    
[2026-01-28 14:59:09]     Specificity:     0.9697    
[2026-01-28 14:59:09]     F1-Score:        0.2861    
[2026-01-28 14:59:09]     AUC:             0.7715    
[2026-01-28 14:59:09]     Overall Acc:     0.3558    
[2026-01-28 14:59:09]   ============================================================
    
[2026-01-28 14:59:16]   epoch: [6/70]  step: [10/2078] (0.5%)  eta_epoch: 19:25  eta_total: 19:04:17  loss: 2.1157  time: 0.248  data_time: 0.001  forward_time: 0.012  backward_time: 0.068  lr: 0.000099  max_mem: 11209M      
[2026-01-28 14:59:20]   epoch: [6/70]  step: [20/2078] (1.0%)  eta_epoch: 16:25  eta_total: 19:03:56  loss: 2.1831  time: 0.252  data_time: 0.002  forward_time: 0.038  backward_time: 0.048  lr: 0.000099  max_mem: 11209M      
[2026-01-28 14:59:26]   epoch: [6/70]  step: [30/2078] (1.4%)  eta_epoch: 16:02  eta_total: 19:03:42  loss: 2.1885  time: 0.248  data_time: 0.001  forward_time: 0.019  backward_time: 0.062  lr: 0.000099  max_mem: 11209M      
[2026-01-28 14:59:30]   epoch: [6/70]  step: [40/2078] (1.9%)  eta_epoch: 15:21  eta_total: 19:03:22  loss: 2.0287  time: 0.247  data_time: 0.002  forward_time: 0.016  backward_time: 0.064  lr: 0.000099  max_mem: 11209M      
[2026-01-28 14:59:36]   epoch: [6/70]  step: [50/2078] (2.4%)  eta_epoch: 15:37  eta_total: 19:04:55  loss: 1.8886  time: 0.248  data_time: 0.001  forward_time: 0.017  backward_time: 0.064  lr: 0.000099  max_mem: 11209M      
[2026-01-28 14:59:41]   epoch: [6/70]  step: [60/2078] (2.9%)  eta_epoch: 15:08  eta_total: 19:04:39  loss: 1.9062  time: 0.248  data_time: 0.002  forward_time: 0.023  backward_time: 0.059  lr: 0.000099  max_mem: 11209M      
[2026-01-28 14:59:47]   epoch: [6/70]  step: [70/2078] (3.4%)  eta_epoch: 15:08  eta_total: 19:04:29  loss: 1.9824  time: 0.247  data_time: 0.001  forward_time: 0.017  backward_time: 0.066  lr: 0.000099  max_mem: 11209M      
[2026-01-28 14:59:51]   epoch: [6/70]  step: [80/2078] (3.8%)  eta_epoch: 14:47  eta_total: 19:04:07  loss: 1.6528  time: 0.247  data_time: 0.001  forward_time: 0.015  backward_time: 0.065  lr: 0.000099  max_mem: 11209M      
[2026-01-28 14:59:57]   epoch: [6/70]  step: [90/2078] (4.3%)  eta_epoch: 14:53  eta_total: 19:04:03  loss: 1.8531  time: 0.247  data_time: 0.001  forward_time: 0.017  backward_time: 0.065  lr: 0.000099  max_mem: 11209M      
[2026-01-28 15:00:01]   epoch: [6/70]  step: [100/2078] (4.8%)  eta_epoch: 14:35  eta_total: 19:03:38  loss: 2.1786  time: 0.249  data_time: 0.001  forward_time: 0.023  backward_time: 0.059  lr: 0.000099  max_mem: 11209M      
[2026-01-28 15:00:07]   epoch: [6/70]  step: [110/2078] (5.3%)  eta_epoch: 14:34  eta_total: 19:03:26  loss: 2.0840  time: 0.247  data_time: 0.001  forward_time: 0.016  backward_time: 0.064  lr: 0.000099  max_mem: 11209M      
[2026-01-28 15:00:11]   epoch: [6/70]  step: [120/2078] (5.8%)  eta_epoch: 14:20  eta_total: 19:03:03  loss: 2.0816  time: 0.248  data_time: 0.001  forward_time: 0.016  backward_time: 0.065  lr: 0.000099  max_mem: 11209M      
[2026-01-28 15:00:17]   epoch: [6/70]  step: [130/2078] (6.3%)  eta_epoch: 14:22  eta_total: 19:03:01  loss: 1.6606  time: 0.247  data_time: 0.001  forward_time: 0.016  backward_time: 0.064  lr: 0.000099  max_mem: 11209M      
[2026-01-28 15:00:22]   epoch: [6/70]  step: [140/2078] (6.7%)  eta_epoch: 14:14  eta_total: 19:02:41  loss: 2.0306  time: 0.247  data_time: 0.001  forward_time: 0.016  backward_time: 0.065  lr: 0.000099  max_mem: 11209M      
[2026-01-28 15:00:27]   epoch: [6/70]  step: [150/2078] (7.2%)  eta_epoch: 14:11  eta_total: 19:02:30  loss: 2.0004  time: 0.248  data_time: 0.001  forward_time: 0.020  backward_time: 0.061  lr: 0.000099  max_mem: 11209M      
[2026-01-28 15:00:32]   epoch: [6/70]  step: [160/2078] (7.7%)  eta_epoch: 14:02  eta_total: 19:02:11  loss: 1.8679  time: 0.247  data_time: 0.001  forward_time: 0.016  backward_time: 0.065  lr: 0.000099  max_mem: 11209M      
[2026-01-28 15:00:38]   epoch: [6/70]  step: [170/2078] (8.2%)  eta_epoch: 14:02  eta_total: 19:02:02  loss: 1.8832  time: 0.247  data_time: 0.001  forward_time: 0.018  backward_time: 0.063  lr: 0.000099  max_mem: 11209M      
[2026-01-28 15:00:42]   epoch: [6/70]  step: [180/2078] (8.7%)  eta_epoch: 13:50  eta_total: 19:01:35  loss: 2.1405  time: 0.248  data_time: 0.001  forward_time: 0.016  backward_time: 0.065  lr: 0.000099  max_mem: 11209M      
[2026-01-28 15:00:48]   epoch: [6/70]  step: [190/2078] (9.1%)  eta_epoch: 13:48  eta_total: 19:01:26  loss: 2.0725  time: 0.248  data_time: 0.001  forward_time: 0.016  backward_time: 0.065  lr: 0.000099  max_mem: 11209M      
[2026-01-28 15:00:52]   epoch: [6/70]  step: [200/2078] (9.6%)  eta_epoch: 13:38  eta_total: 19:01:05  loss: 1.7272  time: 0.249  data_time: 0.001  forward_time: 0.017  backward_time: 0.065  lr: 0.000099  max_mem: 11209M      
[2026-01-28 15:00:58]   epoch: [6/70]  step: [210/2078] (10.1%)  eta_epoch: 13:38  eta_total: 19:01:03  loss: 2.3474  time: 0.248  data_time: 0.001  forward_time: 0.016  backward_time: 0.064  lr: 0.000099  max_mem: 11209M      
[2026-01-28 15:01:02]   epoch: [6/70]  step: [220/2078] (10.6%)  eta_epoch: 13:28  eta_total: 19:00:40  loss: 2.0970  time: 0.247  data_time: 0.001  forward_time: 0.015  backward_time: 0.065  lr: 0.000099  max_mem: 11209M      
[2026-01-28 15:01:08]   epoch: [6/70]  step: [230/2078] (11.1%)  eta_epoch: 13:26  eta_total: 19:00:31  loss: 1.9003  time: 0.247  data_time: 0.001  forward_time: 0.016  backward_time: 0.065  lr: 0.000099  max_mem: 11209M      
[2026-01-28 15:01:12]   epoch: [6/70]  step: [240/2078] (11.5%)  eta_epoch: 13:19  eta_total: 19:00:11  loss: 1.9732  time: 0.247  data_time: 0.001  forward_time: 0.019  backward_time: 0.062  lr: 0.000099  max_mem: 11209M      
[2026-01-28 15:01:18]   epoch: [6/70]  step: [250/2078] (12.0%)  eta_epoch: 13:16  eta_total: 19:00:01  loss: 1.6153  time: 0.247  data_time: 0.001  forward_time: 0.016  backward_time: 0.064  lr: 0.000099  max_mem: 11209M      
[2026-01-28 15:01:22]   epoch: [6/70]  step: [260/2078] (12.5%)  eta_epoch: 13:09  eta_total: 18:59:37  loss: 1.8892  time: 0.248  data_time: 0.001  forward_time: 0.025  backward_time: 0.072  lr: 0.000099  max_mem: 11209M      
[2026-01-28 15:01:28]   epoch: [6/70]  step: [270/2078] (13.0%)  eta_epoch: 13:05  eta_total: 18:59:30  loss: 1.9098  time: 0.248  data_time: 0.001  forward_time: 0.020  backward_time: 0.061  lr: 0.000099  max_mem: 11209M      
[2026-01-28 15:01:32]   epoch: [6/70]  step: [280/2078] (13.5%)  eta_epoch: 12:58  eta_total: 18:59:14  loss: 2.1873  time: 0.247  data_time: 0.001  forward_time: 0.018  backward_time: 0.064  lr: 0.000099  max_mem: 11209M      
[2026-01-28 15:01:38]   epoch: [6/70]  step: [290/2078] (14.0%)  eta_epoch: 12:56  eta_total: 18:59:08  loss: 2.2187  time: 0.248  data_time: 0.001  forward_time: 0.017  backward_time: 0.064  lr: 0.000099  max_mem: 11209M      
[2026-01-28 15:01:42]   epoch: [6/70]  step: [300/2078] (14.4%)  eta_epoch: 12:49  eta_total: 18:58:47  loss: 1.9967  time: 0.247  data_time: 0.001  forward_time: 0.016  backward_time: 0.065  lr: 0.000099  max_mem: 11209M      
[2026-01-28 15:01:48]   epoch: [6/70]  step: [310/2078] (14.9%)  eta_epoch: 12:45  eta_total: 18:58:34  loss: 1.7231  time: 0.248  data_time: 0.001  forward_time: 0.016  backward_time: 0.065  lr: 0.000099  max_mem: 11209M      
[2026-01-28 15:01:52]   epoch: [6/70]  step: [320/2078] (15.4%)  eta_epoch: 12:37  eta_total: 18:58:08  loss: 2.3774  time: 0.247  data_time: 0.001  forward_time: 0.016  backward_time: 0.065  lr: 0.000099  max_mem: 11209M      
[2026-01-28 15:01:57]   epoch: [6/70]  step: [330/2078] (15.9%)  eta_epoch: 12:35  eta_total: 18:58:00  loss: 2.0093  time: 0.248  data_time: 0.001  forward_time: 0.048  backward_time: 0.059  lr: 0.000099  max_mem: 11209M      
[2026-01-28 15:02:02]   epoch: [6/70]  step: [340/2078] (16.4%)  eta_epoch: 12:30  eta_total: 18:57:41  loss: 2.0487  time: 0.247  data_time: 0.001  forward_time: 0.016  backward_time: 0.065  lr: 0.000099  max_mem: 11209M      
[2026-01-28 15:02:08]   epoch: [6/70]  step: [350/2078] (16.8%)  eta_epoch: 12:27  eta_total: 18:57:36  loss: 1.8064  time: 0.252  data_time: 0.001  forward_time: 0.039  backward_time: 0.061  lr: 0.000099  max_mem: 11209M      
[2026-01-28 15:02:12]   epoch: [6/70]  step: [360/2078] (17.3%)  eta_epoch: 12:20  eta_total: 18:57:14  loss: 2.0851  time: 0.248  data_time: 0.001  forward_time: 0.019  backward_time: 0.062  lr: 0.000099  max_mem: 11209M      
[2026-01-28 15:02:18]   epoch: [6/70]  step: [370/2078] (17.8%)  eta_epoch: 12:18  eta_total: 18:57:11  loss: 1.9791  time: 0.248  data_time: 0.001  forward_time: 0.040  backward_time: 0.051  lr: 0.000099  max_mem: 11209M      
[2026-01-28 15:02:22]   epoch: [6/70]  step: [380/2078] (18.3%)  eta_epoch: 12:11  eta_total: 18:56:44  loss: 1.6729  time: 0.248  data_time: 0.002  forward_time: 0.019  backward_time: 0.062  lr: 0.000099  max_mem: 11209M      
[2026-01-28 15:02:28]   epoch: [6/70]  step: [390/2078] (18.8%)  eta_epoch: 12:09  eta_total: 18:56:37  loss: 2.0030  time: 0.248  data_time: 0.001  forward_time: 0.040  backward_time: 0.052  lr: 0.000099  max_mem: 11209M      
[2026-01-28 15:02:32]   epoch: [6/70]  step: [400/2078] (19.2%)  eta_epoch: 12:02  eta_total: 18:56:14  loss: 1.8602  time: 0.248  data_time: 0.001  forward_time: 0.017  backward_time: 0.065  lr: 0.000099  max_mem: 11209M      
[2026-01-28 15:02:38]   epoch: [6/70]  step: [410/2078] (19.7%)  eta_epoch: 11:59  eta_total: 18:56:03  loss: 1.5582  time: 0.249  data_time: 0.001  forward_time: 0.044  backward_time: 0.053  lr: 0.000099  max_mem: 11209M      
[2026-01-28 15:02:43]   epoch: [6/70]  step: [420/2078] (20.2%)  eta_epoch: 11:54  eta_total: 18:55:49  loss: 2.0804  time: 0.248  data_time: 0.001  forward_time: 0.016  backward_time: 0.064  lr: 0.000099  max_mem: 11209M      
[2026-01-28 15:02:48]   epoch: [6/70]  step: [430/2078] (20.7%)  eta_epoch: 11:51  eta_total: 18:55:41  loss: 2.0140  time: 0.249  data_time: 0.001  forward_time: 0.040  backward_time: 0.055  lr: 0.000099  max_mem: 11209M      
[2026-01-28 15:02:53]   epoch: [6/70]  step: [440/2078] (21.2%)  eta_epoch: 11:45  eta_total: 18:55:21  loss: 1.7700  time: 0.248  data_time: 0.001  forward_time: 0.016  backward_time: 0.065  lr: 0.000099  max_mem: 11209M      
[2026-01-28 15:02:58]   epoch: [6/70]  step: [450/2078] (21.7%)  eta_epoch: 11:41  eta_total: 18:55:10  loss: 1.8615  time: 0.248  data_time: 0.001  forward_time: 0.042  backward_time: 0.053  lr: 0.000099  max_mem: 11209M      
[2026-01-28 15:03:03]   epoch: [6/70]  step: [460/2078] (22.1%)  eta_epoch: 11:36  eta_total: 18:54:50  loss: 1.6398  time: 0.248  data_time: 0.001  forward_time: 0.016  backward_time: 0.064  lr: 0.000099  max_mem: 11209M      
[2026-01-28 15:03:08]   epoch: [6/70]  step: [470/2078] (22.6%)  eta_epoch: 11:33  eta_total: 18:54:36  loss: 2.2943  time: 0.248  data_time: 0.001  forward_time: 0.039  backward_time: 0.052  lr: 0.000099  max_mem: 11209M      
[2026-01-28 15:03:13]   epoch: [6/70]  step: [480/2078] (23.1%)  eta_epoch: 11:28  eta_total: 18:54:17  loss: 1.9574  time: 0.247  data_time: 0.001  forward_time: 0.016  backward_time: 0.065  lr: 0.000099  max_mem: 11209M      
[2026-01-28 15:03:19]   epoch: [6/70]  step: [490/2078] (23.6%)  eta_epoch: 11:25  eta_total: 18:54:05  loss: 1.9512  time: 0.249  data_time: 0.001  forward_time: 0.040  backward_time: 0.053  lr: 0.000099  max_mem: 11209M      
[2026-01-28 15:03:23]   epoch: [6/70]  step: [500/2078] (24.1%)  eta_epoch: 11:20  eta_total: 18:53:46  loss: 2.2631  time: 0.247  data_time: 0.001  forward_time: 0.016  backward_time: 0.065  lr: 0.000099  max_mem: 11209M      
[2026-01-28 15:03:29]   epoch: [6/70]  step: [510/2078] (24.5%)  eta_epoch: 11:17  eta_total: 18:53:36  loss: 2.1415  time: 0.248  data_time: 0.001  forward_time: 0.039  backward_time: 0.055  lr: 0.000099  max_mem: 11209M      
[2026-01-28 15:03:34]   epoch: [6/70]  step: [520/2078] (25.0%)  eta_epoch: 11:12  eta_total: 18:53:17  loss: 1.7475  time: 0.247  data_time: 0.001  forward_time: 0.016  backward_time: 0.065  lr: 0.000099  max_mem: 11209M      
[2026-01-28 15:03:40]   epoch: [6/70]  step: [530/2078] (25.5%)  eta_epoch: 11:09  eta_total: 18:53:15  loss: 1.7175  time: 0.249  data_time: 0.001  forward_time: 0.042  backward_time: 0.061  lr: 0.000099  max_mem: 11209M      
[2026-01-28 15:03:44]   epoch: [6/70]  step: [540/2078] (26.0%)  eta_epoch: 11:04  eta_total: 18:52:59  loss: 1.9881  time: 0.248  data_time: 0.002  forward_time: 0.016  backward_time: 0.070  lr: 0.000099  max_mem: 11209M      
[2026-01-28 15:03:50]   epoch: [6/70]  step: [550/2078] (26.5%)  eta_epoch: 11:00  eta_total: 18:52:48  loss: 1.9775  time: 0.248  data_time: 0.001  forward_time: 0.043  backward_time: 0.053  lr: 0.000099  max_mem: 11209M      
[2026-01-28 15:03:55]   epoch: [6/70]  step: [560/2078] (26.9%)  eta_epoch: 10:55  eta_total: 18:52:33  loss: 2.2981  time: 0.248  data_time: 0.001  forward_time: 0.017  backward_time: 0.064  lr: 0.000099  max_mem: 11209M      
[2026-01-28 15:04:00]   epoch: [6/70]  step: [570/2078] (27.4%)  eta_epoch: 10:52  eta_total: 18:52:26  loss: 2.0009  time: 0.249  data_time: 0.001  forward_time: 0.040  backward_time: 0.055  lr: 0.000099  max_mem: 11209M      
[2026-01-28 15:04:05]   epoch: [6/70]  step: [580/2078] (27.9%)  eta_epoch: 10:46  eta_total: 18:52:03  loss: 1.7264  time: 0.247  data_time: 0.001  forward_time: 0.018  backward_time: 0.062  lr: 0.000099  max_mem: 11209M      
[2026-01-28 15:04:11]   epoch: [6/70]  step: [590/2078] (28.4%)  eta_epoch: 10:44  eta_total: 18:51:56  loss: 1.8912  time: 0.248  data_time: 0.002  forward_time: 0.012  backward_time: 0.069  lr: 0.000099  max_mem: 11209M      
[2026-01-28 15:04:16]   epoch: [6/70]  step: [600/2078] (28.9%)  eta_epoch: 10:39  eta_total: 18:51:46  loss: 1.7331  time: 0.248  data_time: 0.002  forward_time: 0.018  backward_time: 0.063  lr: 0.000099  max_mem: 11209M      
[2026-01-28 15:04:21]   epoch: [6/70]  step: [610/2078] (29.4%)  eta_epoch: 10:35  eta_total: 18:51:35  loss: 1.9119  time: 0.248  data_time: 0.001  forward_time: 0.041  backward_time: 0.062  lr: 0.000099  max_mem: 11209M      
[2026-01-28 15:04:26]   epoch: [6/70]  step: [620/2078] (29.8%)  eta_epoch: 10:30  eta_total: 18:51:14  loss: 2.4406  time: 0.248  data_time: 0.001  forward_time: 0.016  backward_time: 0.065  lr: 0.000099  max_mem: 11209M      
[2026-01-28 15:04:31]   epoch: [6/70]  step: [630/2078] (30.3%)  eta_epoch: 10:26  eta_total: 18:51:02  loss: 1.8810  time: 0.249  data_time: 0.002  forward_time: 0.039  backward_time: 0.051  lr: 0.000099  max_mem: 11209M      
[2026-01-28 15:04:36]   epoch: [6/70]  step: [640/2078] (30.8%)  eta_epoch: 10:21  eta_total: 18:50:45  loss: 1.8659  time: 0.248  data_time: 0.002  forward_time: 0.016  backward_time: 0.065  lr: 0.000099  max_mem: 11209M      
[2026-01-28 15:04:41]   epoch: [6/70]  step: [650/2078] (31.3%)  eta_epoch: 10:17  eta_total: 18:50:26  loss: 2.3161  time: 0.248  data_time: 0.001  forward_time: 0.040  backward_time: 0.048  lr: 0.000099  max_mem: 11209M      
[2026-01-28 15:04:46]   epoch: [6/70]  step: [660/2078] (31.8%)  eta_epoch: 10:12  eta_total: 18:50:09  loss: 2.2679  time: 0.247  data_time: 0.001  forward_time: 0.017  backward_time: 0.064  lr: 0.000099  max_mem: 11209M      
[2026-01-28 15:04:52]   epoch: [6/70]  step: [670/2078] (32.2%)  eta_epoch: 10:09  eta_total: 18:50:06  loss: 1.8927  time: 0.249  data_time: 0.001  forward_time: 0.040  backward_time: 0.050  lr: 0.000099  max_mem: 11209M      
[2026-01-28 15:04:56]   epoch: [6/70]  step: [680/2078] (32.7%)  eta_epoch: 10:04  eta_total: 18:49:49  loss: 1.6768  time: 0.248  data_time: 0.001  forward_time: 0.015  backward_time: 0.075  lr: 0.000099  max_mem: 11209M      
[2026-01-28 15:05:02]   epoch: [6/70]  step: [690/2078] (33.2%)  eta_epoch: 10:01  eta_total: 18:49:44  loss: 1.9648  time: 0.248  data_time: 0.001  forward_time: 0.040  backward_time: 0.053  lr: 0.000099  max_mem: 11209M      
[2026-01-28 15:05:07]   epoch: [6/70]  step: [700/2078] (33.7%)  eta_epoch: 9:56  eta_total: 18:49:26  loss: 1.8744  time: 0.247  data_time: 0.001  forward_time: 0.016  backward_time: 0.065  lr: 0.000099  max_mem: 11209M      
[2026-01-28 15:05:13]   epoch: [6/70]  step: [710/2078] (34.2%)  eta_epoch: 9:52  eta_total: 18:49:14  loss: 1.5342  time: 0.250  data_time: 0.001  forward_time: 0.041  backward_time: 0.053  lr: 0.000099  max_mem: 11209M      
[2026-01-28 15:05:18]   epoch: [6/70]  step: [720/2078] (34.6%)  eta_epoch: 9:47  eta_total: 18:48:50  loss: 1.8260  time: 0.247  data_time: 0.001  forward_time: 0.016  backward_time: 0.065  lr: 0.000099  max_mem: 11209M      
[2026-01-28 15:05:23]   epoch: [6/70]  step: [730/2078] (35.1%)  eta_epoch: 9:43  eta_total: 18:48:38  loss: 1.5120  time: 0.248  data_time: 0.001  forward_time: 0.043  backward_time: 0.052  lr: 0.000099  max_mem: 11209M      
[2026-01-28 15:05:28]   epoch: [6/70]  step: [740/2078] (35.6%)  eta_epoch: 9:38  eta_total: 18:48:15  loss: 1.8989  time: 0.247  data_time: 0.001  forward_time: 0.011  backward_time: 0.066  lr: 0.000099  max_mem: 11209M      
[2026-01-28 15:05:33]   epoch: [6/70]  step: [750/2078] (36.1%)  eta_epoch: 9:35  eta_total: 18:48:06  loss: 1.8147  time: 0.250  data_time: 0.001  forward_time: 0.049  backward_time: 0.043  lr: 0.000099  max_mem: 11209M      
[2026-01-28 15:05:38]   epoch: [6/70]  step: [760/2078] (36.6%)  eta_epoch: 9:29  eta_total: 18:47:44  loss: 1.6538  time: 0.248  data_time: 0.001  forward_time: 0.015  backward_time: 0.065  lr: 0.000099  max_mem: 11209M      
[2026-01-28 15:05:43]   epoch: [6/70]  step: [770/2078] (37.1%)  eta_epoch: 9:26  eta_total: 18:47:39  loss: 2.0756  time: 0.248  data_time: 0.001  forward_time: 0.040  backward_time: 0.054  lr: 0.000099  max_mem: 11209M      
[2026-01-28 15:05:48]   epoch: [6/70]  step: [780/2078] (37.5%)  eta_epoch: 9:21  eta_total: 18:47:22  loss: 1.6829  time: 0.247  data_time: 0.001  forward_time: 0.018  backward_time: 0.063  lr: 0.000099  max_mem: 11209M      
[2026-01-28 15:05:54]   epoch: [6/70]  step: [790/2078] (38.0%)  eta_epoch: 9:18  eta_total: 18:47:20  loss: 1.9674  time: 0.248  data_time: 0.001  forward_time: 0.047  backward_time: 0.054  lr: 0.000099  max_mem: 11209M      
[2026-01-28 15:05:59]   epoch: [6/70]  step: [800/2078] (38.5%)  eta_epoch: 9:13  eta_total: 18:47:08  loss: 2.3003  time: 0.247  data_time: 0.001  forward_time: 0.016  backward_time: 0.067  lr: 0.000099  max_mem: 11209M      
[2026-01-28 15:06:05]   epoch: [6/70]  step: [810/2078] (39.0%)  eta_epoch: 9:09  eta_total: 18:47:02  loss: 2.0311  time: 0.249  data_time: 0.001  forward_time: 0.049  backward_time: 0.053  lr: 0.000099  max_mem: 11209M      
[2026-01-28 15:06:09]   epoch: [6/70]  step: [820/2078] (39.5%)  eta_epoch: 9:05  eta_total: 18:46:44  loss: 1.7821  time: 0.248  data_time: 0.002  forward_time: 0.017  backward_time: 0.064  lr: 0.000099  max_mem: 11209M      
[2026-01-28 15:06:15]   epoch: [6/70]  step: [830/2078] (39.9%)  eta_epoch: 9:01  eta_total: 18:46:37  loss: 1.6718  time: 0.248  data_time: 0.001  forward_time: 0.038  backward_time: 0.051  lr: 0.000099  max_mem: 11209M      
[2026-01-28 15:06:20]   epoch: [6/70]  step: [840/2078] (40.4%)  eta_epoch: 8:57  eta_total: 18:46:22  loss: 1.8876  time: 0.247  data_time: 0.001  forward_time: 0.016  backward_time: 0.065  lr: 0.000099  max_mem: 11209M      
[2026-01-28 15:06:25]   epoch: [6/70]  step: [850/2078] (40.9%)  eta_epoch: 8:52  eta_total: 18:46:05  loss: 2.1425  time: 0.249  data_time: 0.001  forward_time: 0.039  backward_time: 0.049  lr: 0.000099  max_mem: 11209M      
[2026-01-28 15:06:31]   epoch: [6/70]  step: [860/2078] (41.4%)  eta_epoch: 8:48  eta_total: 18:45:54  loss: 1.7784  time: 0.247  data_time: 0.001  forward_time: 0.017  backward_time: 0.064  lr: 0.000099  max_mem: 11209M      
[2026-01-28 15:06:36]   epoch: [6/70]  step: [870/2078] (41.9%)  eta_epoch: 8:44  eta_total: 18:45:45  loss: 1.7971  time: 0.249  data_time: 0.001  forward_time: 0.038  backward_time: 0.051  lr: 0.000099  max_mem: 11209M      
[2026-01-28 15:06:41]   epoch: [6/70]  step: [880/2078] (42.3%)  eta_epoch: 8:40  eta_total: 18:45:33  loss: 1.7836  time: 0.247  data_time: 0.001  forward_time: 0.018  backward_time: 0.063  lr: 0.000099  max_mem: 11209M      
[2026-01-28 15:06:46]   epoch: [6/70]  step: [890/2078] (42.8%)  eta_epoch: 8:36  eta_total: 18:45:25  loss: 2.0055  time: 0.249  data_time: 0.002  forward_time: 0.040  backward_time: 0.055  lr: 0.000099  max_mem: 11209M      
[2026-01-28 15:06:52]   epoch: [6/70]  step: [900/2078] (43.3%)  eta_epoch: 8:32  eta_total: 18:45:15  loss: 2.1650  time: 0.248  data_time: 0.002  forward_time: 0.018  backward_time: 0.063  lr: 0.000099  max_mem: 11209M      
[2026-01-28 15:06:57]   epoch: [6/70]  step: [910/2078] (43.8%)  eta_epoch: 8:27  eta_total: 18:45:02  loss: 2.0932  time: 0.249  data_time: 0.001  forward_time: 0.039  backward_time: 0.062  lr: 0.000099  max_mem: 11209M      
[2026-01-28 15:07:03]   epoch: [6/70]  step: [920/2078] (44.3%)  eta_epoch: 8:23  eta_total: 18:44:54  loss: 1.9595  time: 0.247  data_time: 0.001  forward_time: 0.017  backward_time: 0.064  lr: 0.000099  max_mem: 11209M      
[2026-01-28 15:07:07]   epoch: [6/70]  step: [930/2078] (44.8%)  eta_epoch: 8:18  eta_total: 18:44:33  loss: 1.7752  time: 0.248  data_time: 0.001  forward_time: 0.039  backward_time: 0.053  lr: 0.000099  max_mem: 11209M      
[2026-01-28 15:07:13]   epoch: [6/70]  step: [940/2078] (45.2%)  eta_epoch: 8:14  eta_total: 18:44:16  loss: 1.7963  time: 0.248  data_time: 0.001  forward_time: 0.016  backward_time: 0.064  lr: 0.000099  max_mem: 11209M      
[2026-01-28 15:07:18]   epoch: [6/70]  step: [950/2078] (45.7%)  eta_epoch: 8:10  eta_total: 18:44:02  loss: 2.0983  time: 0.248  data_time: 0.001  forward_time: 0.038  backward_time: 0.055  lr: 0.000099  max_mem: 11209M      
[2026-01-28 15:07:23]   epoch: [6/70]  step: [960/2078] (46.2%)  eta_epoch: 8:06  eta_total: 18:43:48  loss: 1.9296  time: 0.247  data_time: 0.001  forward_time: 0.017  backward_time: 0.064  lr: 0.000099  max_mem: 11209M      
[2026-01-28 15:07:28]   epoch: [6/70]  step: [970/2078] (46.7%)  eta_epoch: 8:01  eta_total: 18:43:32  loss: 1.6764  time: 0.248  data_time: 0.001  forward_time: 0.016  backward_time: 0.067  lr: 0.000099  max_mem: 11209M      
[2026-01-28 15:07:34]   epoch: [6/70]  step: [980/2078] (47.2%)  eta_epoch: 7:57  eta_total: 18:43:35  loss: 1.6885  time: 0.247  data_time: 0.002  forward_time: 0.017  backward_time: 0.064  lr: 0.000099  max_mem: 11209M      
[2026-01-28 15:07:38]   epoch: [6/70]  step: [990/2078] (47.6%)  eta_epoch: 7:53  eta_total: 18:43:19  loss: 1.6903  time: 0.247  data_time: 0.001  forward_time: 0.016  backward_time: 0.064  lr: 0.000099  max_mem: 11209M      
[2026-01-28 15:07:44]   epoch: [6/70]  step: [1000/2078] (48.1%)  eta_epoch: 7:48  eta_total: 18:43:10  loss: 1.8898  time: 0.247  data_time: 0.001  forward_time: 0.017  backward_time: 0.064  lr: 0.000099  max_mem: 11209M      
[2026-01-28 15:07:49]   epoch: [6/70]  step: [1010/2078] (48.6%)  eta_epoch: 7:44  eta_total: 18:43:01  loss: 1.9269  time: 0.248  data_time: 0.002  forward_time: 0.020  backward_time: 0.063  lr: 0.000099  max_mem: 11209M      
[2026-01-28 15:07:54]   epoch: [6/70]  step: [1020/2078] (49.1%)  eta_epoch: 7:39  eta_total: 18:42:40  loss: 1.7911  time: 0.247  data_time: 0.001  forward_time: 0.016  backward_time: 0.064  lr: 0.000099  max_mem: 11209M      
[2026-01-28 15:07:59]   epoch: [6/70]  step: [1030/2078] (49.6%)  eta_epoch: 7:35  eta_total: 18:42:26  loss: 1.7954  time: 0.247  data_time: 0.001  forward_time: 0.017  backward_time: 0.073  lr: 0.000099  max_mem: 11209M      
[2026-01-28 15:08:04]   epoch: [6/70]  step: [1040/2078] (50.0%)  eta_epoch: 7:31  eta_total: 18:42:15  loss: 1.8367  time: 0.248  data_time: 0.002  forward_time: 0.023  backward_time: 0.058  lr: 0.000099  max_mem: 11209M      
[2026-01-28 15:08:10]   epoch: [6/70]  step: [1050/2078] (50.5%)  eta_epoch: 7:27  eta_total: 18:42:05  loss: 1.6353  time: 0.248  data_time: 0.001  forward_time: 0.016  backward_time: 0.066  lr: 0.000099  max_mem: 11209M      
[2026-01-28 15:08:15]   epoch: [6/70]  step: [1060/2078] (51.0%)  eta_epoch: 7:22  eta_total: 18:41:52  loss: 2.0128  time: 0.248  data_time: 0.002  forward_time: 0.017  backward_time: 0.064  lr: 0.000099  max_mem: 11209M      
[2026-01-28 15:08:21]   epoch: [6/70]  step: [1070/2078] (51.5%)  eta_epoch: 7:18  eta_total: 18:41:45  loss: 1.8588  time: 0.247  data_time: 0.001  forward_time: 0.016  backward_time: 0.064  lr: 0.000099  max_mem: 11209M      
[2026-01-28 15:08:25]   epoch: [6/70]  step: [1080/2078] (52.0%)  eta_epoch: 7:14  eta_total: 18:41:23  loss: 1.7772  time: 0.247  data_time: 0.001  forward_time: 0.016  backward_time: 0.065  lr: 0.000099  max_mem: 11209M      
[2026-01-28 15:08:31]   epoch: [6/70]  step: [1090/2078] (52.5%)  eta_epoch: 7:10  eta_total: 18:41:07  loss: 1.7175  time: 0.248  data_time: 0.001  forward_time: 0.018  backward_time: 0.063  lr: 0.000099  max_mem: 11209M      
[2026-01-28 15:08:36]   epoch: [6/70]  step: [1100/2078] (52.9%)  eta_epoch: 7:05  eta_total: 18:40:57  loss: 1.9287  time: 0.249  data_time: 0.003  forward_time: 0.016  backward_time: 0.065  lr: 0.000099  max_mem: 11209M      
[2026-01-28 15:08:41]   epoch: [6/70]  step: [1110/2078] (53.4%)  eta_epoch: 7:01  eta_total: 18:40:49  loss: 1.6397  time: 0.248  data_time: 0.001  forward_time: 0.018  backward_time: 0.066  lr: 0.000099  max_mem: 11209M      
[2026-01-28 15:08:46]   epoch: [6/70]  step: [1120/2078] (53.9%)  eta_epoch: 6:57  eta_total: 18:40:32  loss: 1.9150  time: 0.247  data_time: 0.001  forward_time: 0.016  backward_time: 0.065  lr: 0.000099  max_mem: 11209M      
[2026-01-28 15:08:52]   epoch: [6/70]  step: [1130/2078] (54.4%)  eta_epoch: 6:52  eta_total: 18:40:25  loss: 1.8822  time: 0.248  data_time: 0.001  forward_time: 0.017  backward_time: 0.065  lr: 0.000099  max_mem: 11209M      
[2026-01-28 15:08:57]   epoch: [6/70]  step: [1140/2078] (54.9%)  eta_epoch: 6:48  eta_total: 18:40:14  loss: 2.1232  time: 0.248  data_time: 0.001  forward_time: 0.016  backward_time: 0.062  lr: 0.000099  max_mem: 11209M      
[2026-01-28 15:09:02]   epoch: [6/70]  step: [1150/2078] (55.3%)  eta_epoch: 6:44  eta_total: 18:39:53  loss: 2.0914  time: 0.248  data_time: 0.001  forward_time: 0.016  backward_time: 0.066  lr: 0.000099  max_mem: 11209M      
[2026-01-28 15:09:07]   epoch: [6/70]  step: [1160/2078] (55.8%)  eta_epoch: 6:39  eta_total: 18:39:38  loss: 2.2389  time: 0.247  data_time: 0.001  forward_time: 0.016  backward_time: 0.070  lr: 0.000099  max_mem: 11209M      
[2026-01-28 15:09:12]   epoch: [6/70]  step: [1170/2078] (56.3%)  eta_epoch: 6:35  eta_total: 18:39:30  loss: 1.8235  time: 0.247  data_time: 0.001  forward_time: 0.017  backward_time: 0.061  lr: 0.000099  max_mem: 11209M      
[2026-01-28 15:09:17]   epoch: [6/70]  step: [1180/2078] (56.8%)  eta_epoch: 6:30  eta_total: 18:39:12  loss: 1.9859  time: 0.247  data_time: 0.001  forward_time: 0.015  backward_time: 0.065  lr: 0.000099  max_mem: 11209M      
[2026-01-28 15:09:23]   epoch: [6/70]  step: [1190/2078] (57.3%)  eta_epoch: 6:26  eta_total: 18:39:01  loss: 1.8063  time: 0.247  data_time: 0.001  forward_time: 0.017  backward_time: 0.064  lr: 0.000099  max_mem: 11209M      
[2026-01-28 15:09:28]   epoch: [6/70]  step: [1200/2078] (57.7%)  eta_epoch: 6:22  eta_total: 18:38:49  loss: 2.0433  time: 0.247  data_time: 0.001  forward_time: 0.020  backward_time: 0.061  lr: 0.000099  max_mem: 11209M      
[2026-01-28 15:09:33]   epoch: [6/70]  step: [1210/2078] (58.2%)  eta_epoch: 6:18  eta_total: 18:38:43  loss: 1.8909  time: 0.248  data_time: 0.001  forward_time: 0.017  backward_time: 0.064  lr: 0.000099  max_mem: 11209M      
[2026-01-28 15:09:38]   epoch: [6/70]  step: [1220/2078] (58.7%)  eta_epoch: 6:13  eta_total: 18:38:28  loss: 2.0096  time: 0.248  data_time: 0.002  forward_time: 0.017  backward_time: 0.064  lr: 0.000099  max_mem: 11209M      
[2026-01-28 15:09:44]   epoch: [6/70]  step: [1230/2078] (59.2%)  eta_epoch: 6:09  eta_total: 18:38:20  loss: 1.8100  time: 0.247  data_time: 0.001  forward_time: 0.017  backward_time: 0.061  lr: 0.000099  max_mem: 11209M      
[2026-01-28 15:09:48]   epoch: [6/70]  step: [1240/2078] (59.7%)  eta_epoch: 6:04  eta_total: 18:38:04  loss: 2.2231  time: 0.247  data_time: 0.001  forward_time: 0.016  backward_time: 0.065  lr: 0.000099  max_mem: 11209M      
[2026-01-28 15:09:54]   epoch: [6/70]  step: [1250/2078] (60.2%)  eta_epoch: 6:00  eta_total: 18:37:54  loss: 1.5629  time: 0.247  data_time: 0.001  forward_time: 0.018  backward_time: 0.063  lr: 0.000099  max_mem: 11209M      
[2026-01-28 15:09:58]   epoch: [6/70]  step: [1260/2078] (60.6%)  eta_epoch: 5:56  eta_total: 18:37:33  loss: 1.5271  time: 0.247  data_time: 0.001  forward_time: 0.016  backward_time: 0.065  lr: 0.000099  max_mem: 11209M      
[2026-01-28 15:10:04]   epoch: [6/70]  step: [1270/2078] (61.1%)  eta_epoch: 5:51  eta_total: 18:37:19  loss: 2.0622  time: 0.248  data_time: 0.001  forward_time: 0.016  backward_time: 0.064  lr: 0.000099  max_mem: 11209M      
[2026-01-28 15:10:08]   epoch: [6/70]  step: [1280/2078] (61.6%)  eta_epoch: 5:47  eta_total: 18:37:07  loss: 1.7537  time: 0.247  data_time: 0.001  forward_time: 0.019  backward_time: 0.062  lr: 0.000098  max_mem: 11209M      
[2026-01-28 15:10:14]   epoch: [6/70]  step: [1290/2078] (62.1%)  eta_epoch: 5:43  eta_total: 18:37:08  loss: 2.1867  time: 0.248  data_time: 0.001  forward_time: 0.040  backward_time: 0.066  lr: 0.000098  max_mem: 11209M      
[2026-01-28 15:10:19]   epoch: [6/70]  step: [1300/2078] (62.6%)  eta_epoch: 5:38  eta_total: 18:36:51  loss: 1.7888  time: 0.247  data_time: 0.001  forward_time: 0.016  backward_time: 0.065  lr: 0.000098  max_mem: 11209M      
[2026-01-28 15:10:25]   epoch: [6/70]  step: [1310/2078] (63.0%)  eta_epoch: 5:34  eta_total: 18:36:51  loss: 1.7486  time: 0.248  data_time: 0.001  forward_time: 0.039  backward_time: 0.053  lr: 0.000098  max_mem: 11209M      
[2026-01-28 15:10:29]   epoch: [6/70]  step: [1320/2078] (63.5%)  eta_epoch: 5:29  eta_total: 18:36:36  loss: 1.8144  time: 0.248  data_time: 0.001  forward_time: 0.015  backward_time: 0.065  lr: 0.000098  max_mem: 11209M      
[2026-01-28 15:10:35]   epoch: [6/70]  step: [1330/2078] (64.0%)  eta_epoch: 5:25  eta_total: 18:36:23  loss: 2.0002  time: 0.249  data_time: 0.001  forward_time: 0.041  backward_time: 0.059  lr: 0.000098  max_mem: 11209M      
[2026-01-28 15:10:39]   epoch: [6/70]  step: [1340/2078] (64.5%)  eta_epoch: 5:21  eta_total: 18:36:02  loss: 2.4984  time: 0.247  data_time: 0.001  forward_time: 0.016  backward_time: 0.066  lr: 0.000098  max_mem: 11209M      
[2026-01-28 15:10:45]   epoch: [6/70]  step: [1350/2078] (65.0%)  eta_epoch: 5:17  eta_total: 18:35:57  loss: 1.9701  time: 0.252  data_time: 0.001  forward_time: 0.048  backward_time: 0.054  lr: 0.000098  max_mem: 11209M      
[2026-01-28 15:10:50]   epoch: [6/70]  step: [1360/2078] (65.4%)  eta_epoch: 5:12  eta_total: 18:35:34  loss: 1.9445  time: 0.247  data_time: 0.001  forward_time: 0.015  backward_time: 0.065  lr: 0.000098  max_mem: 11209M      
[2026-01-28 15:10:56]   epoch: [6/70]  step: [1370/2078] (65.9%)  eta_epoch: 5:08  eta_total: 18:35:25  loss: 2.3567  time: 0.249  data_time: 0.001  forward_time: 0.032  backward_time: 0.060  lr: 0.000098  max_mem: 11209M      
[2026-01-28 15:11:00]   epoch: [6/70]  step: [1380/2078] (66.4%)  eta_epoch: 5:03  eta_total: 18:35:08  loss: 2.1380  time: 0.247  data_time: 0.001  forward_time: 0.016  backward_time: 0.065  lr: 0.000098  max_mem: 11209M      
[2026-01-28 15:11:06]   epoch: [6/70]  step: [1390/2078] (66.9%)  eta_epoch: 4:59  eta_total: 18:34:58  loss: 2.0237  time: 0.249  data_time: 0.001  forward_time: 0.040  backward_time: 0.053  lr: 0.000098  max_mem: 11209M      
[2026-01-28 15:11:11]   epoch: [6/70]  step: [1400/2078] (67.4%)  eta_epoch: 4:55  eta_total: 18:34:42  loss: 2.1938  time: 0.247  data_time: 0.001  forward_time: 0.016  backward_time: 0.065  lr: 0.000098  max_mem: 11209M      
[2026-01-28 15:11:17]   epoch: [6/70]  step: [1410/2078] (67.9%)  eta_epoch: 4:51  eta_total: 18:34:36  loss: 1.9606  time: 0.248  data_time: 0.001  forward_time: 0.040  backward_time: 0.053  lr: 0.000098  max_mem: 11209M      
[2026-01-28 15:11:21]   epoch: [6/70]  step: [1420/2078] (68.3%)  eta_epoch: 4:46  eta_total: 18:34:19  loss: 1.7739  time: 0.248  data_time: 0.001  forward_time: 0.016  backward_time: 0.065  lr: 0.000098  max_mem: 11209M      
[2026-01-28 15:11:28]   epoch: [6/70]  step: [1430/2078] (68.8%)  eta_epoch: 4:42  eta_total: 18:34:15  loss: 1.7715  time: 0.248  data_time: 0.001  forward_time: 0.038  backward_time: 0.051  lr: 0.000098  max_mem: 11209M      
[2026-01-28 15:11:32]   epoch: [6/70]  step: [1440/2078] (69.3%)  eta_epoch: 4:38  eta_total: 18:33:56  loss: 1.9240  time: 0.247  data_time: 0.001  forward_time: 0.016  backward_time: 0.065  lr: 0.000098  max_mem: 11209M      
[2026-01-28 15:11:38]   epoch: [6/70]  step: [1450/2078] (69.8%)  eta_epoch: 4:33  eta_total: 18:33:43  loss: 1.8315  time: 0.248  data_time: 0.001  forward_time: 0.039  backward_time: 0.052  lr: 0.000098  max_mem: 11209M      
[2026-01-28 15:11:42]   epoch: [6/70]  step: [1460/2078] (70.3%)  eta_epoch: 4:29  eta_total: 18:33:27  loss: 2.0688  time: 0.248  data_time: 0.002  forward_time: 0.034  backward_time: 0.053  lr: 0.000098  max_mem: 11209M      
[2026-01-28 15:11:47]   epoch: [6/70]  step: [1470/2078] (70.7%)  eta_epoch: 4:24  eta_total: 18:33:16  loss: 1.8473  time: 0.248  data_time: 0.001  forward_time: 0.047  backward_time: 0.055  lr: 0.000098  max_mem: 11209M      
[2026-01-28 15:11:52]   epoch: [6/70]  step: [1480/2078] (71.2%)  eta_epoch: 4:20  eta_total: 18:33:02  loss: 1.9237  time: 0.249  data_time: 0.002  forward_time: 0.022  backward_time: 0.060  lr: 0.000098  max_mem: 11209M      
[2026-01-28 15:11:58]   epoch: [6/70]  step: [1490/2078] (71.7%)  eta_epoch: 4:16  eta_total: 18:33:01  loss: 1.7674  time: 0.247  data_time: 0.001  forward_time: 0.012  backward_time: 0.069  lr: 0.000098  max_mem: 11209M      
[2026-01-28 15:12:03]   epoch: [6/70]  step: [1500/2078] (72.2%)  eta_epoch: 4:11  eta_total: 18:32:44  loss: 1.6335  time: 0.247  data_time: 0.001  forward_time: 0.016  backward_time: 0.067  lr: 0.000098  max_mem: 11209M      
[2026-01-28 15:12:08]   epoch: [6/70]  step: [1510/2078] (72.7%)  eta_epoch: 4:07  eta_total: 18:32:34  loss: 1.7793  time: 0.248  data_time: 0.001  forward_time: 0.024  backward_time: 0.057  lr: 0.000098  max_mem: 11209M      
[2026-01-28 15:12:13]   epoch: [6/70]  step: [1520/2078] (73.1%)  eta_epoch: 4:02  eta_total: 18:32:18  loss: 2.1343  time: 0.248  data_time: 0.001  forward_time: 0.017  backward_time: 0.064  lr: 0.000098  max_mem: 11209M      
[2026-01-28 15:12:19]   epoch: [6/70]  step: [1530/2078] (73.6%)  eta_epoch: 3:58  eta_total: 18:32:17  loss: 1.9078  time: 0.249  data_time: 0.001  forward_time: 0.041  backward_time: 0.054  lr: 0.000098  max_mem: 11209M      
[2026-01-28 15:12:23]   epoch: [6/70]  step: [1540/2078] (74.1%)  eta_epoch: 3:54  eta_total: 18:31:57  loss: 1.7058  time: 0.247  data_time: 0.001  forward_time: 0.015  backward_time: 0.066  lr: 0.000098  max_mem: 11209M      
[2026-01-28 15:12:29]   epoch: [6/70]  step: [1550/2078] (74.6%)  eta_epoch: 3:50  eta_total: 18:31:52  loss: 1.5531  time: 0.249  data_time: 0.001  forward_time: 0.039  backward_time: 0.057  lr: 0.000098  max_mem: 11209M      
[2026-01-28 15:12:33]   epoch: [6/70]  step: [1560/2078] (75.1%)  eta_epoch: 3:45  eta_total: 18:31:37  loss: 2.1338  time: 0.247  data_time: 0.001  forward_time: 0.015  backward_time: 0.065  lr: 0.000098  max_mem: 11209M      
[2026-01-28 15:12:39]   epoch: [6/70]  step: [1570/2078] (75.6%)  eta_epoch: 3:41  eta_total: 18:31:30  loss: 1.6182  time: 0.249  data_time: 0.001  forward_time: 0.040  backward_time: 0.054  lr: 0.000098  max_mem: 11209M      
[2026-01-28 15:12:44]   epoch: [6/70]  step: [1580/2078] (76.0%)  eta_epoch: 3:36  eta_total: 18:31:03  loss: 2.1026  time: 0.248  data_time: 0.001  forward_time: 0.018  backward_time: 0.061  lr: 0.000098  max_mem: 11209M      
[2026-01-28 15:12:50]   epoch: [6/70]  step: [1590/2078] (76.5%)  eta_epoch: 3:32  eta_total: 18:31:01  loss: 1.8004  time: 0.248  data_time: 0.002  forward_time: 0.016  backward_time: 0.067  lr: 0.000098  max_mem: 11209M      
[2026-01-28 15:12:54]   epoch: [6/70]  step: [1600/2078] (77.0%)  eta_epoch: 3:28  eta_total: 18:30:44  loss: 1.5910  time: 0.248  data_time: 0.001  forward_time: 0.017  backward_time: 0.064  lr: 0.000098  max_mem: 11209M      
[2026-01-28 15:13:00]   epoch: [6/70]  step: [1610/2078] (77.5%)  eta_epoch: 3:24  eta_total: 18:30:36  loss: 2.1581  time: 0.248  data_time: 0.001  forward_time: 0.016  backward_time: 0.064  lr: 0.000098  max_mem: 11209M      
[2026-01-28 15:13:05]   epoch: [6/70]  step: [1620/2078] (78.0%)  eta_epoch: 3:19  eta_total: 18:30:13  loss: 2.3467  time: 0.247  data_time: 0.001  forward_time: 0.016  backward_time: 0.067  lr: 0.000098  max_mem: 11209M      
[2026-01-28 15:13:10]   epoch: [6/70]  step: [1630/2078] (78.4%)  eta_epoch: 3:15  eta_total: 18:30:04  loss: 1.8851  time: 0.247  data_time: 0.001  forward_time: 0.017  backward_time: 0.064  lr: 0.000098  max_mem: 11209M      
[2026-01-28 15:13:15]   epoch: [6/70]  step: [1640/2078] (78.9%)  eta_epoch: 3:10  eta_total: 18:29:45  loss: 2.0668  time: 0.248  data_time: 0.001  forward_time: 0.016  backward_time: 0.066  lr: 0.000098  max_mem: 11209M      
[2026-01-28 15:13:20]   epoch: [6/70]  step: [1650/2078] (79.4%)  eta_epoch: 3:06  eta_total: 18:29:35  loss: 1.8332  time: 0.247  data_time: 0.001  forward_time: 0.017  backward_time: 0.064  lr: 0.000098  max_mem: 11209M      
[2026-01-28 15:13:25]   epoch: [6/70]  step: [1660/2078] (79.9%)  eta_epoch: 3:01  eta_total: 18:29:19  loss: 2.0706  time: 0.248  data_time: 0.001  forward_time: 0.016  backward_time: 0.065  lr: 0.000098  max_mem: 11209M      
[2026-01-28 15:13:31]   epoch: [6/70]  step: [1670/2078] (80.4%)  eta_epoch: 2:57  eta_total: 18:29:19  loss: 1.9122  time: 0.248  data_time: 0.001  forward_time: 0.039  backward_time: 0.063  lr: 0.000098  max_mem: 11209M      
[2026-01-28 15:13:36]   epoch: [6/70]  step: [1680/2078] (80.8%)  eta_epoch: 2:53  eta_total: 18:29:04  loss: 2.2441  time: 0.247  data_time: 0.001  forward_time: 0.015  backward_time: 0.065  lr: 0.000098  max_mem: 11209M      
[2026-01-28 15:13:42]   epoch: [6/70]  step: [1690/2078] (81.3%)  eta_epoch: 2:49  eta_total: 18:29:00  loss: 1.9538  time: 0.248  data_time: 0.001  forward_time: 0.041  backward_time: 0.052  lr: 0.000098  max_mem: 11209M      
[2026-01-28 15:13:46]   epoch: [6/70]  step: [1700/2078] (81.8%)  eta_epoch: 2:44  eta_total: 18:28:42  loss: 2.1150  time: 0.247  data_time: 0.001  forward_time: 0.016  backward_time: 0.065  lr: 0.000098  max_mem: 11209M      
[2026-01-28 15:13:52]   epoch: [6/70]  step: [1710/2078] (82.3%)  eta_epoch: 2:40  eta_total: 18:28:34  loss: 2.0235  time: 0.248  data_time: 0.001  forward_time: 0.038  backward_time: 0.053  lr: 0.000098  max_mem: 11209M      
[2026-01-28 15:13:57]   epoch: [6/70]  step: [1720/2078] (82.8%)  eta_epoch: 2:36  eta_total: 18:28:16  loss: 2.2551  time: 0.247  data_time: 0.001  forward_time: 0.016  backward_time: 0.065  lr: 0.000098  max_mem: 11209M      
[2026-01-28 15:14:02]   epoch: [6/70]  step: [1730/2078] (83.3%)  eta_epoch: 2:31  eta_total: 18:28:04  loss: 1.7976  time: 0.248  data_time: 0.001  forward_time: 0.039  backward_time: 0.058  lr: 0.000098  max_mem: 11209M      
[2026-01-28 15:14:07]   epoch: [6/70]  step: [1740/2078] (83.7%)  eta_epoch: 2:27  eta_total: 18:27:45  loss: 2.0784  time: 0.248  data_time: 0.001  forward_time: 0.016  backward_time: 0.064  lr: 0.000098  max_mem: 11209M      
[2026-01-28 15:14:12]   epoch: [6/70]  step: [1750/2078] (84.2%)  eta_epoch: 2:22  eta_total: 18:27:38  loss: 2.0390  time: 0.248  data_time: 0.001  forward_time: 0.039  backward_time: 0.055  lr: 0.000098  max_mem: 11209M      
[2026-01-28 15:14:17]   epoch: [6/70]  step: [1760/2078] (84.7%)  eta_epoch: 2:18  eta_total: 18:27:18  loss: 2.0367  time: 0.247  data_time: 0.001  forward_time: 0.019  backward_time: 0.069  lr: 0.000098  max_mem: 11209M      
[2026-01-28 15:14:23]   epoch: [6/70]  step: [1770/2078] (85.2%)  eta_epoch: 2:14  eta_total: 18:27:15  loss: 1.9352  time: 0.248  data_time: 0.001  forward_time: 0.038  backward_time: 0.052  lr: 0.000098  max_mem: 11209M      
[2026-01-28 15:14:28]   epoch: [6/70]  step: [1780/2078] (85.7%)  eta_epoch: 2:09  eta_total: 18:26:59  loss: 1.5132  time: 0.247  data_time: 0.001  forward_time: 0.015  backward_time: 0.065  lr: 0.000098  max_mem: 11209M      
[2026-01-28 15:14:33]   epoch: [6/70]  step: [1790/2078] (86.1%)  eta_epoch: 2:05  eta_total: 18:26:50  loss: 1.8896  time: 0.249  data_time: 0.001  forward_time: 0.041  backward_time: 0.065  lr: 0.000098  max_mem: 11209M      
[2026-01-28 15:14:37]   epoch: [6/70]  step: [1800/2078] (86.6%)  eta_epoch: 2:01  eta_total: 18:26:38  loss: 2.0299  time: 0.255  data_time: 0.001  forward_time: 0.036  backward_time: 0.055  lr: 0.000098  max_mem: 11209M      
[2026-01-28 15:14:43]   epoch: [6/70]  step: [1810/2078] (87.1%)  eta_epoch: 1:56  eta_total: 18:26:32  loss: 2.0564  time: 0.250  data_time: 0.001  forward_time: 0.044  backward_time: 0.055  lr: 0.000098  max_mem: 11209M      
[2026-01-28 15:14:48]   epoch: [6/70]  step: [1820/2078] (87.6%)  eta_epoch: 1:52  eta_total: 18:26:18  loss: 1.7777  time: 0.248  data_time: 0.001  forward_time: 0.017  backward_time: 0.064  lr: 0.000098  max_mem: 11209M      
[2026-01-28 15:14:53]   epoch: [6/70]  step: [1830/2078] (88.1%)  eta_epoch: 1:48  eta_total: 18:26:13  loss: 1.7971  time: 0.249  data_time: 0.001  forward_time: 0.042  backward_time: 0.054  lr: 0.000098  max_mem: 11209M      
[2026-01-28 15:14:58]   epoch: [6/70]  step: [1840/2078] (88.5%)  eta_epoch: 1:43  eta_total: 18:26:02  loss: 2.0142  time: 0.247  data_time: 0.001  forward_time: 0.016  backward_time: 0.065  lr: 0.000098  max_mem: 11209M      
[2026-01-28 15:15:03]   epoch: [6/70]  step: [1850/2078] (89.0%)  eta_epoch: 1:39  eta_total: 18:26:03  loss: 1.8304  time: 0.256  data_time: 0.001  forward_time: 0.055  backward_time: 0.052  lr: 0.000098  max_mem: 11209M      
[2026-01-28 15:15:08]   epoch: [6/70]  step: [1860/2078] (89.5%)  eta_epoch: 1:34  eta_total: 18:25:46  loss: 1.7700  time: 0.249  data_time: 0.003  forward_time: 0.013  backward_time: 0.065  lr: 0.000098  max_mem: 11209M      
[2026-01-28 15:15:13]   epoch: [6/70]  step: [1870/2078] (90.0%)  eta_epoch: 1:30  eta_total: 18:25:34  loss: 1.5938  time: 0.248  data_time: 0.001  forward_time: 0.042  backward_time: 0.052  lr: 0.000098  max_mem: 11209M      
[2026-01-28 15:15:18]   epoch: [6/70]  step: [1880/2078] (90.5%)  eta_epoch: 1:26  eta_total: 18:25:16  loss: 2.0789  time: 0.248  data_time: 0.002  forward_time: 0.019  backward_time: 0.063  lr: 0.000098  max_mem: 11209M      
[2026-01-28 15:15:24]   epoch: [6/70]  step: [1890/2078] (91.0%)  eta_epoch: 1:21  eta_total: 18:25:05  loss: 2.0493  time: 0.249  data_time: 0.002  forward_time: 0.040  backward_time: 0.054  lr: 0.000098  max_mem: 11209M      
[2026-01-28 15:15:28]   epoch: [6/70]  step: [1900/2078] (91.4%)  eta_epoch: 1:17  eta_total: 18:24:29  loss: 1.9299  time: 0.247  data_time: 0.001  forward_time: 0.017  backward_time: 0.064  lr: 0.000098  max_mem: 11209M      
[2026-01-28 15:15:33]   epoch: [6/70]  step: [1910/2078] (91.9%)  eta_epoch: 1:13  eta_total: 18:24:26  loss: 1.8397  time: 0.250  data_time: 0.002  forward_time: 0.044  backward_time: 0.056  lr: 0.000098  max_mem: 11209M      
[2026-01-28 15:15:38]   epoch: [6/70]  step: [1920/2078] (92.4%)  eta_epoch: 1:08  eta_total: 18:24:22  loss: 1.8329  time: 0.247  data_time: 0.001  forward_time: 0.016  backward_time: 0.064  lr: 0.000098  max_mem: 11209M      
[2026-01-28 15:15:44]   epoch: [6/70]  step: [1930/2078] (92.9%)  eta_epoch: 1:04  eta_total: 18:24:12  loss: 2.0963  time: 0.248  data_time: 0.001  forward_time: 0.039  backward_time: 0.044  lr: 0.000098  max_mem: 11209M      
[2026-01-28 15:15:49]   epoch: [6/70]  step: [1940/2078] (93.4%)  eta_epoch: 1:00  eta_total: 18:24:00  loss: 1.9815  time: 0.247  data_time: 0.001  forward_time: 0.016  backward_time: 0.065  lr: 0.000098  max_mem: 11209M      
[2026-01-28 15:15:54]   epoch: [6/70]  step: [1950/2078] (93.8%)  eta_epoch: 0:55  eta_total: 18:23:45  loss: 1.8372  time: 0.247  data_time: 0.001  forward_time: 0.017  backward_time: 0.068  lr: 0.000098  max_mem: 11209M      
[2026-01-28 15:15:59]   epoch: [6/70]  step: [1960/2078] (94.3%)  eta_epoch: 0:51  eta_total: 18:23:32  loss: 2.1845  time: 0.248  data_time: 0.002  forward_time: 0.017  backward_time: 0.064  lr: 0.000098  max_mem: 11209M      
[2026-01-28 15:16:05]   epoch: [6/70]  step: [1970/2078] (94.8%)  eta_epoch: 0:47  eta_total: 18:23:14  loss: 1.9255  time: 0.247  data_time: 0.001  forward_time: 0.015  backward_time: 0.067  lr: 0.000098  max_mem: 11209M      
[2026-01-28 15:16:11]   epoch: [6/70]  step: [1980/2078] (95.3%)  eta_epoch: 0:42  eta_total: 18:23:06  loss: 1.8605  time: 0.247  data_time: 0.001  forward_time: 0.016  backward_time: 0.065  lr: 0.000098  max_mem: 11209M      
[2026-01-28 15:16:15]   epoch: [6/70]  step: [1990/2078] (95.8%)  eta_epoch: 0:38  eta_total: 18:22:50  loss: 1.7735  time: 0.248  data_time: 0.001  forward_time: 0.014  backward_time: 0.067  lr: 0.000098  max_mem: 11209M      
[2026-01-28 15:16:21]   epoch: [6/70]  step: [2000/2078] (96.2%)  eta_epoch: 0:33  eta_total: 18:22:41  loss: 1.7747  time: 0.247  data_time: 0.001  forward_time: 0.016  backward_time: 0.065  lr: 0.000098  max_mem: 11209M      
[2026-01-28 15:16:26]   epoch: [6/70]  step: [2010/2078] (96.7%)  eta_epoch: 0:29  eta_total: 18:22:21  loss: 2.0733  time: 0.247  data_time: 0.001  forward_time: 0.017  backward_time: 0.063  lr: 0.000098  max_mem: 11209M      
[2026-01-28 15:16:32]   epoch: [6/70]  step: [2020/2078] (97.2%)  eta_epoch: 0:25  eta_total: 18:22:17  loss: 1.6576  time: 0.247  data_time: 0.001  forward_time: 0.016  backward_time: 0.065  lr: 0.000098  max_mem: 11209M      
[2026-01-28 15:16:37]   epoch: [6/70]  step: [2030/2078] (97.7%)  eta_epoch: 0:20  eta_total: 18:22:01  loss: 2.3460  time: 0.247  data_time: 0.001  forward_time: 0.016  backward_time: 0.065  lr: 0.000098  max_mem: 11209M      
[2026-01-28 15:16:42]   epoch: [6/70]  step: [2040/2078] (98.2%)  eta_epoch: 0:16  eta_total: 18:21:49  loss: 1.7761  time: 0.248  data_time: 0.001  forward_time: 0.016  backward_time: 0.066  lr: 0.000098  max_mem: 11209M      
[2026-01-28 15:16:46]   epoch: [6/70]  step: [2050/2078] (98.7%)  eta_epoch: 0:12  eta_total: 18:21:36  loss: 1.7067  time: 0.248  data_time: 0.001  forward_time: 0.039  backward_time: 0.053  lr: 0.000098  max_mem: 11209M      
[2026-01-28 15:16:52]   epoch: [6/70]  step: [2060/2078] (99.1%)  eta_epoch: 0:07  eta_total: 18:21:30  loss: 1.7097  time: 0.247  data_time: 0.001  forward_time: 0.012  backward_time: 0.069  lr: 0.000098  max_mem: 11209M      
[2026-01-28 15:16:57]   epoch: [6/70]  step: [2070/2078] (99.6%)  eta_epoch: 0:03  eta_total: 18:21:52  loss: 1.6873  time: 0.292  data_time: 0.001  forward_time: 0.104  backward_time: 0.056  lr: 0.000098  max_mem: 11209M      
[2026-01-28 15:17:01]   epoch: [6/70]  step: [2078/2078] (100.0%)  eta_epoch: 0:00  eta_total: 18:19:52  loss: 2.4157  time: 0.110  data_time: 0.001  forward_time: 0.017  backward_time: 0.052  lr: 0.000098  max_mem: 11209M      
[2026-01-28 15:17:01]   [epoch 6 training completed] avg_loss: 1.9566  epoch_time: 1071.99s  avg_data_time: 0.001s  avg_forward_time: 0.026s  avg_backward_time: 0.060s  avg_step_time: 0.246s  throughput: 93.0 samples/s    
[2026-01-28 15:17:01]   Validating epoch[6/70]...    
[2026-01-28 15:19:57]   
============================================================    
[2026-01-28 15:19:57]   [Epoch 6/70] Validation Results:    
[2026-01-28 15:19:57]     Train Loss:     1.9566    
[2026-01-28 15:19:57]     Top-1 Acc:       0.4442 (44.42%)    
[2026-01-28 15:19:57]     Top-5 Acc:       0.8251 (82.51%)    
[2026-01-28 15:19:57]     Precision:      0.4024    
[2026-01-28 15:19:57]     Recall:          0.4450    
[2026-01-28 15:19:57]     Specificity:     0.9740    
[2026-01-28 15:19:57]     F1-Score:        0.3828    
[2026-01-28 15:19:57]     AUC:             0.8251    
[2026-01-28 15:19:57]     Overall Acc:     0.4450    
[2026-01-28 15:19:57]   ============================================================
    
[2026-01-28 15:19:57]   
Saving checkpoint...    
[2026-01-28 15:20:14]   epoch: [7/70]  step: [10/2078] (0.5%)  eta_epoch: 19:33  eta_total: 18:42:59  loss: 1.9634  time: 0.247  data_time: 0.001  forward_time: 0.017  backward_time: 0.064  lr: 0.000098  max_mem: 11209M      
[2026-01-28 15:20:19]   epoch: [7/70]  step: [20/2078] (1.0%)  eta_epoch: 16:56  eta_total: 18:42:40  loss: 1.7653  time: 0.247  data_time: 0.001  forward_time: 0.033  backward_time: 0.058  lr: 0.000098  max_mem: 11209M      
[2026-01-28 15:20:24]   epoch: [7/70]  step: [30/2078] (1.4%)  eta_epoch: 16:22  eta_total: 18:42:23  loss: 2.1109  time: 0.247  data_time: 0.001  forward_time: 0.017  backward_time: 0.063  lr: 0.000098  max_mem: 11209M      
[2026-01-28 15:20:29]   epoch: [7/70]  step: [40/2078] (1.9%)  eta_epoch: 15:34  eta_total: 18:42:05  loss: 1.8833  time: 0.247  data_time: 0.001  forward_time: 0.016  backward_time: 0.065  lr: 0.000098  max_mem: 11209M      
[2026-01-28 15:20:34]   epoch: [7/70]  step: [50/2078] (2.4%)  eta_epoch: 15:43  eta_total: 18:43:12  loss: 2.0492  time: 0.247  data_time: 0.001  forward_time: 0.017  backward_time: 0.063  lr: 0.000098  max_mem: 11209M      
[2026-01-28 15:20:39]   epoch: [7/70]  step: [60/2078] (2.9%)  eta_epoch: 15:18  eta_total: 18:43:01  loss: 2.1229  time: 0.247  data_time: 0.001  forward_time: 0.016  backward_time: 0.066  lr: 0.000098  max_mem: 11209M      
[2026-01-28 15:20:45]   epoch: [7/70]  step: [70/2078] (3.4%)  eta_epoch: 15:16  eta_total: 18:42:58  loss: 1.7769  time: 0.248  data_time: 0.001  forward_time: 0.041  backward_time: 0.052  lr: 0.000098  max_mem: 11209M      
[2026-01-28 15:20:49]   epoch: [7/70]  step: [80/2078] (3.8%)  eta_epoch: 14:57  eta_total: 18:42:41  loss: 1.9438  time: 0.247  data_time: 0.001  forward_time: 0.016  backward_time: 0.065  lr: 0.000098  max_mem: 11209M      
[2026-01-28 15:20:55]   epoch: [7/70]  step: [90/2078] (4.3%)  eta_epoch: 15:00  eta_total: 18:42:33  loss: 1.8612  time: 0.248  data_time: 0.002  forward_time: 0.016  backward_time: 0.067  lr: 0.000098  max_mem: 11209M      
[2026-01-28 15:21:00]   epoch: [7/70]  step: [100/2078] (4.8%)  eta_epoch: 14:44  eta_total: 18:42:13  loss: 2.3202  time: 0.248  data_time: 0.001  forward_time: 0.019  backward_time: 0.063  lr: 0.000098  max_mem: 11209M      
[2026-01-28 15:21:06]   epoch: [7/70]  step: [110/2078] (5.3%)  eta_epoch: 14:45  eta_total: 18:42:05  loss: 1.9967  time: 0.248  data_time: 0.001  forward_time: 0.017  backward_time: 0.064  lr: 0.000098  max_mem: 11209M      
[2026-01-28 15:21:11]   epoch: [7/70]  step: [120/2078] (5.8%)  eta_epoch: 14:36  eta_total: 18:41:48  loss: 2.0064  time: 0.248  data_time: 0.002  forward_time: 0.019  backward_time: 0.062  lr: 0.000098  max_mem: 11209M      
[2026-01-28 15:21:16]   epoch: [7/70]  step: [130/2078] (6.3%)  eta_epoch: 14:34  eta_total: 18:41:41  loss: 2.0784  time: 0.247  data_time: 0.001  forward_time: 0.017  backward_time: 0.064  lr: 0.000098  max_mem: 11209M      
[2026-01-28 15:21:21]   epoch: [7/70]  step: [140/2078] (6.7%)  eta_epoch: 14:23  eta_total: 18:41:27  loss: 1.7203  time: 0.248  data_time: 0.002  forward_time: 0.012  backward_time: 0.069  lr: 0.000098  max_mem: 11209M      
[2026-01-28 15:21:27]   epoch: [7/70]  step: [150/2078] (7.2%)  eta_epoch: 14:24  eta_total: 18:41:22  loss: 1.8184  time: 0.247  data_time: 0.001  forward_time: 0.016  backward_time: 0.065  lr: 0.000098  max_mem: 11209M      
[2026-01-28 15:21:31]   epoch: [7/70]  step: [160/2078] (7.7%)  eta_epoch: 14:12  eta_total: 18:41:02  loss: 1.9364  time: 0.247  data_time: 0.001  forward_time: 0.015  backward_time: 0.065  lr: 0.000098  max_mem: 11209M      
[2026-01-28 15:21:36]   epoch: [7/70]  step: [170/2078] (8.2%)  eta_epoch: 14:07  eta_total: 18:40:50  loss: 2.0414  time: 0.247  data_time: 0.001  forward_time: 0.018  backward_time: 0.063  lr: 0.000098  max_mem: 11209M      
[2026-01-28 15:21:41]   epoch: [7/70]  step: [180/2078] (8.7%)  eta_epoch: 13:58  eta_total: 18:40:36  loss: 1.8424  time: 0.247  data_time: 0.001  forward_time: 0.016  backward_time: 0.065  lr: 0.000098  max_mem: 11209M      
[2026-01-28 15:21:47]   epoch: [7/70]  step: [190/2078] (9.1%)  eta_epoch: 13:56  eta_total: 18:40:27  loss: 2.0235  time: 0.248  data_time: 0.001  forward_time: 0.017  backward_time: 0.064  lr: 0.000098  max_mem: 11209M      
[2026-01-28 15:21:51]   epoch: [7/70]  step: [200/2078] (9.6%)  eta_epoch: 13:45  eta_total: 18:40:09  loss: 1.9361  time: 0.248  data_time: 0.002  forward_time: 0.016  backward_time: 0.067  lr: 0.000098  max_mem: 11209M      
[2026-01-28 15:21:57]   epoch: [7/70]  step: [210/2078] (10.1%)  eta_epoch: 13:43  eta_total: 18:40:05  loss: 1.7633  time: 0.250  data_time: 0.001  forward_time: 0.019  backward_time: 0.065  lr: 0.000098  max_mem: 11209M      
[2026-01-28 15:22:01]   epoch: [7/70]  step: [220/2078] (10.6%)  eta_epoch: 13:35  eta_total: 18:39:50  loss: 1.7908  time: 0.248  data_time: 0.002  forward_time: 0.029  backward_time: 0.060  lr: 0.000098  max_mem: 11209M      
[2026-01-28 15:22:06]   epoch: [7/70]  step: [230/2078] (11.1%)  eta_epoch: 13:31  eta_total: 18:39:38  loss: 1.9257  time: 0.247  data_time: 0.001  forward_time: 0.016  backward_time: 0.064  lr: 0.000098  max_mem: 11209M      
[2026-01-28 15:22:11]   epoch: [7/70]  step: [240/2078] (11.5%)  eta_epoch: 13:23  eta_total: 18:39:19  loss: 1.8010  time: 0.247  data_time: 0.001  forward_time: 0.016  backward_time: 0.065  lr: 0.000098  max_mem: 11209M      
[2026-01-28 15:22:16]   epoch: [7/70]  step: [250/2078] (12.0%)  eta_epoch: 13:20  eta_total: 18:39:12  loss: 1.8915  time: 0.249  data_time: 0.002  forward_time: 0.040  backward_time: 0.054  lr: 0.000098  max_mem: 11209M      
[2026-01-28 15:22:21]   epoch: [7/70]  step: [260/2078] (12.5%)  eta_epoch: 13:12  eta_total: 18:38:51  loss: 1.9385  time: 0.248  data_time: 0.001  forward_time: 0.018  backward_time: 0.065  lr: 0.000098  max_mem: 11209M      
[2026-01-28 15:22:26]   epoch: [7/70]  step: [270/2078] (13.0%)  eta_epoch: 13:08  eta_total: 18:38:37  loss: 1.4002  time: 0.247  data_time: 0.001  forward_time: 0.017  backward_time: 0.065  lr: 0.000098  max_mem: 11209M      
[2026-01-28 15:22:30]   epoch: [7/70]  step: [280/2078] (13.5%)  eta_epoch: 13:00  eta_total: 18:38:19  loss: 1.7508  time: 0.249  data_time: 0.001  forward_time: 0.020  backward_time: 0.062  lr: 0.000098  max_mem: 11209M      
[2026-01-28 15:22:36]   epoch: [7/70]  step: [290/2078] (14.0%)  eta_epoch: 12:57  eta_total: 18:38:17  loss: 1.7291  time: 0.247  data_time: 0.002  forward_time: 0.016  backward_time: 0.065  lr: 0.000098  max_mem: 11209M      
[2026-01-28 15:22:41]   epoch: [7/70]  step: [300/2078] (14.4%)  eta_epoch: 12:52  eta_total: 18:38:05  loss: 2.0353  time: 0.247  data_time: 0.001  forward_time: 0.015  backward_time: 0.065  lr: 0.000098  max_mem: 11209M      
[2026-01-28 15:22:47]   epoch: [7/70]  step: [310/2078] (14.9%)  eta_epoch: 12:50  eta_total: 18:37:57  loss: 1.4081  time: 0.247  data_time: 0.001  forward_time: 0.017  backward_time: 0.066  lr: 0.000098  max_mem: 11209M      
[2026-01-28 15:22:51]   epoch: [7/70]  step: [320/2078] (15.4%)  eta_epoch: 12:43  eta_total: 18:37:42  loss: 1.8172  time: 0.248  data_time: 0.001  forward_time: 0.017  backward_time: 0.064  lr: 0.000098  max_mem: 11209M      
[2026-01-28 15:22:56]   epoch: [7/70]  step: [330/2078] (15.9%)  eta_epoch: 12:39  eta_total: 18:37:33  loss: 1.8715  time: 0.248  data_time: 0.002  forward_time: 0.018  backward_time: 0.064  lr: 0.000098  max_mem: 11209M      
[2026-01-28 15:23:01]   epoch: [7/70]  step: [340/2078] (16.4%)  eta_epoch: 12:31  eta_total: 18:37:08  loss: 2.0029  time: 0.247  data_time: 0.001  forward_time: 0.016  backward_time: 0.066  lr: 0.000098  max_mem: 11209M      
[2026-01-28 15:23:06]   epoch: [7/70]  step: [350/2078] (16.8%)  eta_epoch: 12:28  eta_total: 18:36:58  loss: 1.7912  time: 0.248  data_time: 0.001  forward_time: 0.016  backward_time: 0.065  lr: 0.000098  max_mem: 11209M      
[2026-01-28 15:23:10]   epoch: [7/70]  step: [360/2078] (17.3%)  eta_epoch: 12:21  eta_total: 18:36:37  loss: 1.5896  time: 0.247  data_time: 0.001  forward_time: 0.016  backward_time: 0.066  lr: 0.000098  max_mem: 11209M      
[2026-01-28 15:23:16]   epoch: [7/70]  step: [370/2078] (17.8%)  eta_epoch: 12:17  eta_total: 18:36:21  loss: 1.9268  time: 0.247  data_time: 0.001  forward_time: 0.017  backward_time: 0.065  lr: 0.000098  max_mem: 11209M      
[2026-01-28 15:23:20]   epoch: [7/70]  step: [380/2078] (18.3%)  eta_epoch: 12:11  eta_total: 18:36:00  loss: 2.1973  time: 0.247  data_time: 0.001  forward_time: 0.017  backward_time: 0.064  lr: 0.000098  max_mem: 11209M      
[2026-01-28 15:23:25]   epoch: [7/70]  step: [390/2078] (18.8%)  eta_epoch: 12:06  eta_total: 18:35:52  loss: 1.4573  time: 0.247  data_time: 0.001  forward_time: 0.011  backward_time: 0.069  lr: 0.000098  max_mem: 11209M      
[2026-01-28 15:23:29]   epoch: [7/70]  step: [400/2078] (19.2%)  eta_epoch: 12:00  eta_total: 18:35:30  loss: 1.5329  time: 0.248  data_time: 0.002  forward_time: 0.016  backward_time: 0.064  lr: 0.000098  max_mem: 11209M      
[2026-01-28 15:23:35]   epoch: [7/70]  step: [410/2078] (19.7%)  eta_epoch: 11:57  eta_total: 18:35:24  loss: 1.7126  time: 0.247  data_time: 0.001  forward_time: 0.017  backward_time: 0.064  lr: 0.000098  max_mem: 11209M      
[2026-01-28 15:23:39]   epoch: [7/70]  step: [420/2078] (20.2%)  eta_epoch: 11:51  eta_total: 18:35:09  loss: 1.7215  time: 0.247  data_time: 0.001  forward_time: 0.016  backward_time: 0.067  lr: 0.000098  max_mem: 11209M      
[2026-01-28 15:23:45]   epoch: [7/70]  step: [430/2078] (20.7%)  eta_epoch: 11:48  eta_total: 18:35:08  loss: 1.8583  time: 0.248  data_time: 0.001  forward_time: 0.023  backward_time: 0.058  lr: 0.000098  max_mem: 11209M      
[2026-01-28 15:23:50]   epoch: [7/70]  step: [440/2078] (21.2%)  eta_epoch: 11:43  eta_total: 18:34:46  loss: 2.0974  time: 0.247  data_time: 0.001  forward_time: 0.016  backward_time: 0.064  lr: 0.000098  max_mem: 11209M      
[2026-01-28 15:23:55]   epoch: [7/70]  step: [450/2078] (21.7%)  eta_epoch: 11:39  eta_total: 18:34:41  loss: 2.1247  time: 0.247  data_time: 0.001  forward_time: 0.016  backward_time: 0.065  lr: 0.000098  max_mem: 11209M      
[2026-01-28 15:23:59]   epoch: [7/70]  step: [460/2078] (22.1%)  eta_epoch: 11:33  eta_total: 18:34:20  loss: 2.1408  time: 0.247  data_time: 0.001  forward_time: 0.012  backward_time: 0.066  lr: 0.000098  max_mem: 11209M      
[2026-01-28 15:24:05]   epoch: [7/70]  step: [470/2078] (22.6%)  eta_epoch: 11:30  eta_total: 18:34:12  loss: 1.9448  time: 0.247  data_time: 0.001  forward_time: 0.016  backward_time: 0.065  lr: 0.000098  max_mem: 11209M      
[2026-01-28 15:24:10]   epoch: [7/70]  step: [480/2078] (23.1%)  eta_epoch: 11:25  eta_total: 18:33:50  loss: 2.0396  time: 0.247  data_time: 0.001  forward_time: 0.015  backward_time: 0.065  lr: 0.000098  max_mem: 11209M      
[2026-01-28 15:24:15]   epoch: [7/70]  step: [490/2078] (23.6%)  eta_epoch: 11:21  eta_total: 18:33:42  loss: 2.1763  time: 0.248  data_time: 0.002  forward_time: 0.016  backward_time: 0.064  lr: 0.000098  max_mem: 11209M      
[2026-01-28 15:24:19]   epoch: [7/70]  step: [500/2078] (24.1%)  eta_epoch: 11:15  eta_total: 18:33:23  loss: 1.8256  time: 0.248  data_time: 0.001  forward_time: 0.012  backward_time: 0.067  lr: 0.000098  max_mem: 11209M      
[2026-01-28 15:24:24]   epoch: [7/70]  step: [510/2078] (24.5%)  eta_epoch: 11:10  eta_total: 18:33:11  loss: 1.7228  time: 0.248  data_time: 0.001  forward_time: 0.017  backward_time: 0.068  lr: 0.000098  max_mem: 11209M      
[2026-01-28 15:24:28]   epoch: [7/70]  step: [520/2078] (25.0%)  eta_epoch: 11:05  eta_total: 18:32:56  loss: 1.9406  time: 0.248  data_time: 0.002  forward_time: 0.016  backward_time: 0.065  lr: 0.000098  max_mem: 11209M      
[2026-01-28 15:24:34]   epoch: [7/70]  step: [530/2078] (25.5%)  eta_epoch: 11:01  eta_total: 18:32:45  loss: 1.7066  time: 0.249  data_time: 0.001  forward_time: 0.039  backward_time: 0.055  lr: 0.000098  max_mem: 11209M      
[2026-01-28 15:24:38]   epoch: [7/70]  step: [540/2078] (26.0%)  eta_epoch: 10:55  eta_total: 18:32:28  loss: 1.5189  time: 0.248  data_time: 0.002  forward_time: 0.017  backward_time: 0.064  lr: 0.000098  max_mem: 11209M      
[2026-01-28 15:24:43]   epoch: [7/70]  step: [550/2078] (26.5%)  eta_epoch: 10:51  eta_total: 18:32:17  loss: 1.9692  time: 0.248  data_time: 0.001  forward_time: 0.041  backward_time: 0.061  lr: 0.000098  max_mem: 11209M      
[2026-01-28 15:24:48]   epoch: [7/70]  step: [560/2078] (26.9%)  eta_epoch: 10:46  eta_total: 18:32:03  loss: 2.0417  time: 0.248  data_time: 0.001  forward_time: 0.018  backward_time: 0.064  lr: 0.000098  max_mem: 11209M      
[2026-01-28 15:24:53]   epoch: [7/70]  step: [570/2078] (27.4%)  eta_epoch: 10:42  eta_total: 18:31:50  loss: 1.8104  time: 0.249  data_time: 0.001  forward_time: 0.040  backward_time: 0.053  lr: 0.000098  max_mem: 11209M      
[2026-01-28 15:24:57]   epoch: [7/70]  step: [580/2078] (27.9%)  eta_epoch: 10:36  eta_total: 18:31:31  loss: 1.7726  time: 0.247  data_time: 0.001  forward_time: 0.012  backward_time: 0.068  lr: 0.000098  max_mem: 11209M      
[2026-01-28 15:25:03]   epoch: [7/70]  step: [590/2078] (28.4%)  eta_epoch: 10:33  eta_total: 18:31:18  loss: 2.0759  time: 0.248  data_time: 0.001  forward_time: 0.021  backward_time: 0.061  lr: 0.000098  max_mem: 11209M      
[2026-01-28 15:25:07]   epoch: [7/70]  step: [600/2078] (28.9%)  eta_epoch: 10:28  eta_total: 18:30:57  loss: 1.7016  time: 0.247  data_time: 0.001  forward_time: 0.016  backward_time: 0.064  lr: 0.000098  max_mem: 11209M      
[2026-01-28 15:25:13]   epoch: [7/70]  step: [610/2078] (29.4%)  eta_epoch: 10:24  eta_total: 18:30:42  loss: 1.7544  time: 0.248  data_time: 0.001  forward_time: 0.027  backward_time: 0.054  lr: 0.000098  max_mem: 11209M      
[2026-01-28 15:25:18]   epoch: [7/70]  step: [620/2078] (29.8%)  eta_epoch: 10:20  eta_total: 18:30:30  loss: 2.0396  time: 0.248  data_time: 0.002  forward_time: 0.018  backward_time: 0.064  lr: 0.000098  max_mem: 11209M      
[2026-01-28 15:25:24]   epoch: [7/70]  step: [630/2078] (30.3%)  eta_epoch: 10:18  eta_total: 18:30:26  loss: 1.8314  time: 0.247  data_time: 0.001  forward_time: 0.013  backward_time: 0.064  lr: 0.000098  max_mem: 11209M      
[2026-01-28 15:25:29]   epoch: [7/70]  step: [640/2078] (30.8%)  eta_epoch: 10:13  eta_total: 18:30:11  loss: 1.8989  time: 0.247  data_time: 0.001  forward_time: 0.016  backward_time: 0.065  lr: 0.000098  max_mem: 11209M      
[2026-01-28 15:25:35]   epoch: [7/70]  step: [650/2078] (31.3%)  eta_epoch: 10:10  eta_total: 18:30:06  loss: 1.8550  time: 0.247  data_time: 0.001  forward_time: 0.017  backward_time: 0.064  lr: 0.000098  max_mem: 11209M      
[2026-01-28 15:25:40]   epoch: [7/70]  step: [660/2078] (31.8%)  eta_epoch: 10:06  eta_total: 18:29:56  loss: 1.8777  time: 0.248  data_time: 0.001  forward_time: 0.016  backward_time: 0.065  lr: 0.000098  max_mem: 11209M      
[2026-01-28 15:25:46]   epoch: [7/70]  step: [670/2078] (32.2%)  eta_epoch: 10:03  eta_total: 18:29:47  loss: 2.2082  time: 0.247  data_time: 0.002  forward_time: 0.019  backward_time: 0.058  lr: 0.000098  max_mem: 11209M      
[2026-01-28 15:25:51]   epoch: [7/70]  step: [680/2078] (32.7%)  eta_epoch: 9:59  eta_total: 18:29:33  loss: 1.9394  time: 0.247  data_time: 0.001  forward_time: 0.016  backward_time: 0.065  lr: 0.000098  max_mem: 11209M      
[2026-01-28 15:25:57]   epoch: [7/70]  step: [690/2078] (33.2%)  eta_epoch: 9:56  eta_total: 18:29:29  loss: 2.0107  time: 0.247  data_time: 0.001  forward_time: 0.017  backward_time: 0.064  lr: 0.000098  max_mem: 11209M      
[2026-01-28 15:26:02]   epoch: [7/70]  step: [700/2078] (33.7%)  eta_epoch: 9:52  eta_total: 18:29:19  loss: 2.3043  time: 0.248  data_time: 0.001  forward_time: 0.016  backward_time: 0.067  lr: 0.000098  max_mem: 11209M      
[2026-01-28 15:26:08]   epoch: [7/70]  step: [710/2078] (34.2%)  eta_epoch: 9:48  eta_total: 18:29:12  loss: 1.5974  time: 0.247  data_time: 0.001  forward_time: 0.018  backward_time: 0.065  lr: 0.000098  max_mem: 11209M      
[2026-01-28 15:26:13]   epoch: [7/70]  step: [720/2078] (34.6%)  eta_epoch: 9:44  eta_total: 18:28:58  loss: 2.3050  time: 0.247  data_time: 0.001  forward_time: 0.016  backward_time: 0.064  lr: 0.000098  max_mem: 11209M      
[2026-01-28 15:26:19]   epoch: [7/70]  step: [730/2078] (35.1%)  eta_epoch: 9:42  eta_total: 18:28:54  loss: 1.6667  time: 0.247  data_time: 0.001  forward_time: 0.015  backward_time: 0.066  lr: 0.000098  max_mem: 11209M      
[2026-01-28 15:26:24]   epoch: [7/70]  step: [740/2078] (35.6%)  eta_epoch: 9:37  eta_total: 18:28:40  loss: 1.8769  time: 0.247  data_time: 0.001  forward_time: 0.016  backward_time: 0.070  lr: 0.000098  max_mem: 11209M      
[2026-01-28 15:26:30]   epoch: [7/70]  step: [750/2078] (36.1%)  eta_epoch: 9:34  eta_total: 18:28:29  loss: 2.1102  time: 0.247  data_time: 0.001  forward_time: 0.017  backward_time: 0.064  lr: 0.000098  max_mem: 11209M      
[2026-01-28 15:26:35]   epoch: [7/70]  step: [760/2078] (36.6%)  eta_epoch: 9:29  eta_total: 18:28:20  loss: 1.8045  time: 0.247  data_time: 0.001  forward_time: 0.016  backward_time: 0.065  lr: 0.000098  max_mem: 11209M      
[2026-01-28 15:26:41]   epoch: [7/70]  step: [770/2078] (37.1%)  eta_epoch: 9:26  eta_total: 18:28:11  loss: 1.9822  time: 0.247  data_time: 0.001  forward_time: 0.016  backward_time: 0.064  lr: 0.000098  max_mem: 11209M      
[2026-01-28 15:26:46]   epoch: [7/70]  step: [780/2078] (37.5%)  eta_epoch: 9:22  eta_total: 18:27:57  loss: 1.6618  time: 0.248  data_time: 0.001  forward_time: 0.016  backward_time: 0.065  lr: 0.000098  max_mem: 11209M      
[2026-01-28 15:26:53]   epoch: [7/70]  step: [790/2078] (38.0%)  eta_epoch: 9:19  eta_total: 18:27:53  loss: 1.9443  time: 0.247  data_time: 0.001  forward_time: 0.016  backward_time: 0.064  lr: 0.000098  max_mem: 11209M      
[2026-01-28 15:26:58]   epoch: [7/70]  step: [800/2078] (38.5%)  eta_epoch: 9:14  eta_total: 18:27:40  loss: 1.6147  time: 0.247  data_time: 0.001  forward_time: 0.015  backward_time: 0.069  lr: 0.000098  max_mem: 11209M      
[2026-01-28 15:27:03]   epoch: [7/70]  step: [810/2078] (39.0%)  eta_epoch: 9:10  eta_total: 18:27:24  loss: 2.0067  time: 0.247  data_time: 0.001  forward_time: 0.016  backward_time: 0.065  lr: 0.000098  max_mem: 11209M      
[2026-01-28 15:27:08]   epoch: [7/70]  step: [820/2078] (39.5%)  eta_epoch: 9:06  eta_total: 18:27:14  loss: 1.8008  time: 0.247  data_time: 0.001  forward_time: 0.016  backward_time: 0.064  lr: 0.000098  max_mem: 11209M      
[2026-01-28 15:27:15]   epoch: [7/70]  step: [830/2078] (39.9%)  eta_epoch: 9:03  eta_total: 18:27:12  loss: 1.9570  time: 0.247  data_time: 0.001  forward_time: 0.016  backward_time: 0.065  lr: 0.000098  max_mem: 11209M      
[2026-01-28 15:27:19]   epoch: [7/70]  step: [840/2078] (40.4%)  eta_epoch: 8:58  eta_total: 18:27:00  loss: 1.8553  time: 0.247  data_time: 0.001  forward_time: 0.015  backward_time: 0.067  lr: 0.000098  max_mem: 11209M      
[2026-01-28 15:27:26]   epoch: [7/70]  step: [850/2078] (40.9%)  eta_epoch: 8:55  eta_total: 18:26:59  loss: 1.6453  time: 0.247  data_time: 0.001  forward_time: 0.018  backward_time: 0.062  lr: 0.000098  max_mem: 11209M      
[2026-01-28 15:27:31]   epoch: [7/70]  step: [860/2078] (41.4%)  eta_epoch: 8:51  eta_total: 18:26:49  loss: 2.0266  time: 0.247  data_time: 0.002  forward_time: 0.016  backward_time: 0.064  lr: 0.000098  max_mem: 11209M      
[2026-01-28 15:27:37]   epoch: [7/70]  step: [870/2078] (41.9%)  eta_epoch: 8:47  eta_total: 18:26:47  loss: 1.7903  time: 0.247  data_time: 0.002  forward_time: 0.012  backward_time: 0.069  lr: 0.000098  max_mem: 11209M      
[2026-01-28 15:27:42]   epoch: [7/70]  step: [880/2078] (42.3%)  eta_epoch: 8:43  eta_total: 18:26:31  loss: 1.9079  time: 0.247  data_time: 0.001  forward_time: 0.016  backward_time: 0.065  lr: 0.000098  max_mem: 11209M      
[2026-01-28 15:27:49]   epoch: [7/70]  step: [890/2078] (42.8%)  eta_epoch: 8:40  eta_total: 18:26:25  loss: 1.9116  time: 0.247  data_time: 0.001  forward_time: 0.019  backward_time: 0.062  lr: 0.000098  max_mem: 11209M      
[2026-01-28 15:27:54]   epoch: [7/70]  step: [900/2078] (43.3%)  eta_epoch: 8:35  eta_total: 18:26:12  loss: 1.7166  time: 0.247  data_time: 0.001  forward_time: 0.016  backward_time: 0.065  lr: 0.000098  max_mem: 11209M      
[2026-01-28 15:28:00]   epoch: [7/70]  step: [910/2078] (43.8%)  eta_epoch: 8:32  eta_total: 18:26:10  loss: 1.7399  time: 0.247  data_time: 0.001  forward_time: 0.012  backward_time: 0.069  lr: 0.000098  max_mem: 11209M      
[2026-01-28 15:28:05]   epoch: [7/70]  step: [920/2078] (44.3%)  eta_epoch: 8:27  eta_total: 18:25:53  loss: 1.7549  time: 0.248  data_time: 0.001  forward_time: 0.018  backward_time: 0.067  lr: 0.000098  max_mem: 11209M      
[2026-01-28 15:28:11]   epoch: [7/70]  step: [930/2078] (44.8%)  eta_epoch: 8:23  eta_total: 18:25:44  loss: 1.6571  time: 0.247  data_time: 0.001  forward_time: 0.016  backward_time: 0.064  lr: 0.000098  max_mem: 11209M      
[2026-01-28 15:28:15]   epoch: [7/70]  step: [940/2078] (45.2%)  eta_epoch: 8:18  eta_total: 18:25:32  loss: 2.0229  time: 0.248  data_time: 0.001  forward_time: 0.015  backward_time: 0.066  lr: 0.000098  max_mem: 11209M      
[2026-01-28 15:28:22]   epoch: [7/70]  step: [950/2078] (45.7%)  eta_epoch: 8:15  eta_total: 18:25:29  loss: 1.5699  time: 0.247  data_time: 0.001  forward_time: 0.016  backward_time: 0.065  lr: 0.000098  max_mem: 11209M      
[2026-01-28 15:28:27]   epoch: [7/70]  step: [960/2078] (46.2%)  eta_epoch: 8:10  eta_total: 18:25:18  loss: 1.9789  time: 0.247  data_time: 0.001  forward_time: 0.015  backward_time: 0.067  lr: 0.000098  max_mem: 11209M      
[2026-01-28 15:28:33]   epoch: [7/70]  step: [970/2078] (46.7%)  eta_epoch: 8:07  eta_total: 18:25:14  loss: 1.9488  time: 0.248  data_time: 0.001  forward_time: 0.017  backward_time: 0.064  lr: 0.000098  max_mem: 11209M      
[2026-01-28 15:28:38]   epoch: [7/70]  step: [980/2078] (47.2%)  eta_epoch: 8:02  eta_total: 18:25:08  loss: 1.6764  time: 0.247  data_time: 0.001  forward_time: 0.016  backward_time: 0.065  lr: 0.000098  max_mem: 11209M      
[2026-01-28 15:28:44]   epoch: [7/70]  step: [990/2078] (47.6%)  eta_epoch: 7:58  eta_total: 18:25:00  loss: 2.2835  time: 0.247  data_time: 0.001  forward_time: 0.017  backward_time: 0.069  lr: 0.000098  max_mem: 11209M      
[2026-01-28 15:28:49]   epoch: [7/70]  step: [1000/2078] (48.1%)  eta_epoch: 7:54  eta_total: 18:24:49  loss: 2.1419  time: 0.247  data_time: 0.001  forward_time: 0.016  backward_time: 0.065  lr: 0.000098  max_mem: 11209M      
[2026-01-28 15:28:55]   epoch: [7/70]  step: [1010/2078] (48.6%)  eta_epoch: 7:50  eta_total: 18:24:45  loss: 1.8762  time: 0.247  data_time: 0.001  forward_time: 0.016  backward_time: 0.065  lr: 0.000098  max_mem: 11209M      
[2026-01-28 15:29:00]   epoch: [7/70]  step: [1020/2078] (49.1%)  eta_epoch: 7:45  eta_total: 18:24:32  loss: 2.1519  time: 0.247  data_time: 0.001  forward_time: 0.015  backward_time: 0.065  lr: 0.000098  max_mem: 11209M      
[2026-01-28 15:29:06]   epoch: [7/70]  step: [1030/2078] (49.6%)  eta_epoch: 7:42  eta_total: 18:24:22  loss: 1.9913  time: 0.247  data_time: 0.002  forward_time: 0.017  backward_time: 0.064  lr: 0.000098  max_mem: 11209M      
[2026-01-28 15:29:11]   epoch: [7/70]  step: [1040/2078] (50.0%)  eta_epoch: 7:37  eta_total: 18:24:08  loss: 2.1267  time: 0.248  data_time: 0.001  forward_time: 0.016  backward_time: 0.065  lr: 0.000098  max_mem: 11209M      
[2026-01-28 15:29:17]   epoch: [7/70]  step: [1050/2078] (50.5%)  eta_epoch: 7:33  eta_total: 18:24:02  loss: 1.9132  time: 0.247  data_time: 0.001  forward_time: 0.016  backward_time: 0.064  lr: 0.000098  max_mem: 11209M      
[2026-01-28 15:29:22]   epoch: [7/70]  step: [1060/2078] (51.0%)  eta_epoch: 7:28  eta_total: 18:23:49  loss: 1.9739  time: 0.248  data_time: 0.001  forward_time: 0.019  backward_time: 0.062  lr: 0.000098  max_mem: 11209M      
[2026-01-28 15:29:28]   epoch: [7/70]  step: [1070/2078] (51.5%)  eta_epoch: 7:25  eta_total: 18:23:45  loss: 1.9939  time: 0.247  data_time: 0.001  forward_time: 0.016  backward_time: 0.064  lr: 0.000098  max_mem: 11209M      
[2026-01-28 15:29:33]   epoch: [7/70]  step: [1080/2078] (52.0%)  eta_epoch: 7:20  eta_total: 18:23:31  loss: 2.1098  time: 0.247  data_time: 0.001  forward_time: 0.016  backward_time: 0.065  lr: 0.000098  max_mem: 11209M      
[2026-01-28 15:29:39]   epoch: [7/70]  step: [1090/2078] (52.5%)  eta_epoch: 7:16  eta_total: 18:23:30  loss: 2.0831  time: 0.247  data_time: 0.001  forward_time: 0.016  backward_time: 0.064  lr: 0.000098  max_mem: 11209M      
[2026-01-28 15:29:44]   epoch: [7/70]  step: [1100/2078] (52.9%)  eta_epoch: 7:12  eta_total: 18:23:15  loss: 1.9272  time: 0.247  data_time: 0.001  forward_time: 0.020  backward_time: 0.061  lr: 0.000098  max_mem: 11209M      
[2026-01-28 15:29:50]   epoch: [7/70]  step: [1110/2078] (53.4%)  eta_epoch: 7:08  eta_total: 18:23:08  loss: 1.9901  time: 0.247  data_time: 0.001  forward_time: 0.018  backward_time: 0.063  lr: 0.000098  max_mem: 11209M      
[2026-01-28 15:29:55]   epoch: [7/70]  step: [1120/2078] (53.9%)  eta_epoch: 7:03  eta_total: 18:22:54  loss: 1.6402  time: 0.248  data_time: 0.001  forward_time: 0.017  backward_time: 0.064  lr: 0.000098  max_mem: 11209M      
[2026-01-28 15:30:01]   epoch: [7/70]  step: [1130/2078] (54.4%)  eta_epoch: 6:59  eta_total: 18:22:49  loss: 1.8820  time: 0.248  data_time: 0.001  forward_time: 0.017  backward_time: 0.064  lr: 0.000098  max_mem: 11209M      
[2026-01-28 15:30:05]   epoch: [7/70]  step: [1140/2078] (54.9%)  eta_epoch: 6:54  eta_total: 18:22:31  loss: 2.1916  time: 0.247  data_time: 0.001  forward_time: 0.016  backward_time: 0.065  lr: 0.000098  max_mem: 11209M      
[2026-01-28 15:30:11]   epoch: [7/70]  step: [1150/2078] (55.3%)  eta_epoch: 6:50  eta_total: 18:22:27  loss: 1.8350  time: 0.248  data_time: 0.001  forward_time: 0.016  backward_time: 0.064  lr: 0.000098  max_mem: 11209M      
[2026-01-28 15:30:16]   epoch: [7/70]  step: [1160/2078] (55.8%)  eta_epoch: 6:45  eta_total: 18:22:12  loss: 1.6078  time: 0.247  data_time: 0.001  forward_time: 0.016  backward_time: 0.065  lr: 0.000098  max_mem: 11209M      
[2026-01-28 15:30:22]   epoch: [7/70]  step: [1170/2078] (56.3%)  eta_epoch: 6:41  eta_total: 18:22:06  loss: 2.1341  time: 0.247  data_time: 0.001  forward_time: 0.016  backward_time: 0.067  lr: 0.000098  max_mem: 11209M      
[2026-01-28 15:30:27]   epoch: [7/70]  step: [1180/2078] (56.8%)  eta_epoch: 6:37  eta_total: 18:21:53  loss: 1.8775  time: 0.247  data_time: 0.001  forward_time: 0.016  backward_time: 0.065  lr: 0.000098  max_mem: 11209M      
[2026-01-28 15:30:33]   epoch: [7/70]  step: [1190/2078] (57.3%)  eta_epoch: 6:33  eta_total: 18:21:47  loss: 1.8701  time: 0.247  data_time: 0.001  forward_time: 0.016  backward_time: 0.065  lr: 0.000098  max_mem: 11209M      
[2026-01-28 15:30:38]   epoch: [7/70]  step: [1200/2078] (57.7%)  eta_epoch: 6:28  eta_total: 18:21:34  loss: 1.7946  time: 0.247  data_time: 0.001  forward_time: 0.015  backward_time: 0.065  lr: 0.000098  max_mem: 11209M      
[2026-01-28 15:30:44]   epoch: [7/70]  step: [1210/2078] (58.2%)  eta_epoch: 6:24  eta_total: 18:21:27  loss: 1.7993  time: 0.247  data_time: 0.001  forward_time: 0.017  backward_time: 0.064  lr: 0.000098  max_mem: 11209M      
[2026-01-28 15:30:49]   epoch: [7/70]  step: [1220/2078] (58.7%)  eta_epoch: 6:19  eta_total: 18:21:16  loss: 2.0742  time: 0.247  data_time: 0.001  forward_time: 0.016  backward_time: 0.064  lr: 0.000098  max_mem: 11209M      
[2026-01-28 15:30:55]   epoch: [7/70]  step: [1230/2078] (59.2%)  eta_epoch: 6:15  eta_total: 18:21:12  loss: 1.7245  time: 0.248  data_time: 0.001  forward_time: 0.017  backward_time: 0.064  lr: 0.000098  max_mem: 11209M      
[2026-01-28 15:31:00]   epoch: [7/70]  step: [1240/2078] (59.7%)  eta_epoch: 6:11  eta_total: 18:21:03  loss: 1.8815  time: 0.247  data_time: 0.001  forward_time: 0.016  backward_time: 0.067  lr: 0.000098  max_mem: 11209M      
[2026-01-28 15:31:06]   epoch: [7/70]  step: [1250/2078] (60.2%)  eta_epoch: 6:07  eta_total: 18:21:00  loss: 1.8824  time: 0.247  data_time: 0.001  forward_time: 0.017  backward_time: 0.064  lr: 0.000098  max_mem: 11209M      
[2026-01-28 15:31:11]   epoch: [7/70]  step: [1260/2078] (60.6%)  eta_epoch: 6:02  eta_total: 18:20:47  loss: 2.2337  time: 0.248  data_time: 0.001  forward_time: 0.016  backward_time: 0.064  lr: 0.000098  max_mem: 11209M      
[2026-01-28 15:31:18]   epoch: [7/70]  step: [1270/2078] (61.1%)  eta_epoch: 5:58  eta_total: 18:20:42  loss: 1.6509  time: 0.247  data_time: 0.001  forward_time: 0.017  backward_time: 0.064  lr: 0.000098  max_mem: 11209M      
[2026-01-28 15:31:23]   epoch: [7/70]  step: [1280/2078] (61.6%)  eta_epoch: 5:54  eta_total: 18:20:28  loss: 2.0921  time: 0.247  data_time: 0.001  forward_time: 0.016  backward_time: 0.068  lr: 0.000098  max_mem: 11209M      
[2026-01-28 15:31:29]   epoch: [7/70]  step: [1290/2078] (62.1%)  eta_epoch: 5:50  eta_total: 18:20:25  loss: 1.6914  time: 0.247  data_time: 0.001  forward_time: 0.017  backward_time: 0.064  lr: 0.000098  max_mem: 11209M      
[2026-01-28 15:31:34]   epoch: [7/70]  step: [1300/2078] (62.6%)  eta_epoch: 5:45  eta_total: 18:20:10  loss: 1.8594  time: 0.247  data_time: 0.001  forward_time: 0.016  backward_time: 0.065  lr: 0.000098  max_mem: 11209M      
[2026-01-28 15:31:40]   epoch: [7/70]  step: [1310/2078] (63.0%)  eta_epoch: 5:41  eta_total: 18:20:05  loss: 1.9331  time: 0.247  data_time: 0.001  forward_time: 0.016  backward_time: 0.066  lr: 0.000098  max_mem: 11209M      
[2026-01-28 15:31:45]   epoch: [7/70]  step: [1320/2078] (63.5%)  eta_epoch: 5:37  eta_total: 18:19:50  loss: 1.9363  time: 0.247  data_time: 0.001  forward_time: 0.015  backward_time: 0.065  lr: 0.000098  max_mem: 11209M      
[2026-01-28 15:31:51]   epoch: [7/70]  step: [1330/2078] (64.0%)  eta_epoch: 5:32  eta_total: 18:19:43  loss: 1.9451  time: 0.247  data_time: 0.001  forward_time: 0.016  backward_time: 0.065  lr: 0.000098  max_mem: 11209M      
[2026-01-28 15:31:56]   epoch: [7/70]  step: [1340/2078] (64.5%)  eta_epoch: 5:28  eta_total: 18:19:29  loss: 2.0455  time: 0.247  data_time: 0.001  forward_time: 0.021  backward_time: 0.060  lr: 0.000098  max_mem: 11209M      
[2026-01-28 15:32:01]   epoch: [7/70]  step: [1350/2078] (65.0%)  eta_epoch: 5:23  eta_total: 18:19:24  loss: 2.1231  time: 0.248  data_time: 0.001  forward_time: 0.017  backward_time: 0.063  lr: 0.000098  max_mem: 11209M      
[2026-01-28 15:32:06]   epoch: [7/70]  step: [1360/2078] (65.4%)  eta_epoch: 5:19  eta_total: 18:19:13  loss: 1.7215  time: 0.248  data_time: 0.001  forward_time: 0.016  backward_time: 0.075  lr: 0.000098  max_mem: 11209M      
[2026-01-28 15:32:13]   epoch: [7/70]  step: [1370/2078] (65.9%)  eta_epoch: 5:15  eta_total: 18:19:12  loss: 2.2205  time: 0.247  data_time: 0.001  forward_time: 0.017  backward_time: 0.064  lr: 0.000098  max_mem: 11209M      
[2026-01-28 15:32:18]   epoch: [7/70]  step: [1380/2078] (66.4%)  eta_epoch: 5:10  eta_total: 18:19:06  loss: 1.9487  time: 0.247  data_time: 0.001  forward_time: 0.015  backward_time: 0.067  lr: 0.000098  max_mem: 11209M      
[2026-01-28 15:32:24]   epoch: [7/70]  step: [1390/2078] (66.9%)  eta_epoch: 5:06  eta_total: 18:19:04  loss: 1.9453  time: 0.248  data_time: 0.001  forward_time: 0.017  backward_time: 0.064  lr: 0.000098  max_mem: 11209M      
[2026-01-28 15:32:29]   epoch: [7/70]  step: [1400/2078] (67.4%)  eta_epoch: 5:02  eta_total: 18:18:51  loss: 2.0095  time: 0.247  data_time: 0.001  forward_time: 0.016  backward_time: 0.065  lr: 0.000098  max_mem: 11209M      
[2026-01-28 15:32:36]   epoch: [7/70]  step: [1410/2078] (67.9%)  eta_epoch: 4:58  eta_total: 18:18:49  loss: 1.7693  time: 0.248  data_time: 0.001  forward_time: 0.016  backward_time: 0.065  lr: 0.000098  max_mem: 11209M      
[2026-01-28 15:32:41]   epoch: [7/70]  step: [1420/2078] (68.3%)  eta_epoch: 4:53  eta_total: 18:18:36  loss: 1.3731  time: 0.247  data_time: 0.001  forward_time: 0.016  backward_time: 0.071  lr: 0.000098  max_mem: 11209M      
[2026-01-28 15:32:47]   epoch: [7/70]  step: [1430/2078] (68.8%)  eta_epoch: 4:49  eta_total: 18:18:27  loss: 1.8382  time: 0.247  data_time: 0.001  forward_time: 0.016  backward_time: 0.065  lr: 0.000098  max_mem: 11209M      
[2026-01-28 15:32:52]   epoch: [7/70]  step: [1440/2078] (69.3%)  eta_epoch: 4:44  eta_total: 18:18:16  loss: 1.7465  time: 0.248  data_time: 0.001  forward_time: 0.019  backward_time: 0.062  lr: 0.000098  max_mem: 11209M      
[2026-01-28 15:32:58]   epoch: [7/70]  step: [1450/2078] (69.8%)  eta_epoch: 4:40  eta_total: 18:18:13  loss: 2.0522  time: 0.247  data_time: 0.001  forward_time: 0.016  backward_time: 0.066  lr: 0.000098  max_mem: 11209M      
[2026-01-28 15:33:03]   epoch: [7/70]  step: [1460/2078] (70.3%)  eta_epoch: 4:36  eta_total: 18:17:59  loss: 1.7712  time: 0.248  data_time: 0.001  forward_time: 0.016  backward_time: 0.064  lr: 0.000098  max_mem: 11209M      
[2026-01-28 15:33:09]   epoch: [7/70]  step: [1470/2078] (70.7%)  eta_epoch: 4:31  eta_total: 18:17:55  loss: 1.8036  time: 0.248  data_time: 0.001  forward_time: 0.031  backward_time: 0.057  lr: 0.000098  max_mem: 11209M      
[2026-01-28 15:33:15]   epoch: [7/70]  step: [1480/2078] (71.2%)  eta_epoch: 4:27  eta_total: 18:17:42  loss: 1.6714  time: 0.247  data_time: 0.001  forward_time: 0.015  backward_time: 0.071  lr: 0.000098  max_mem: 11209M      
[2026-01-28 15:33:21]   epoch: [7/70]  step: [1490/2078] (71.7%)  eta_epoch: 4:23  eta_total: 18:17:37  loss: 2.1185  time: 0.248  data_time: 0.001  forward_time: 0.017  backward_time: 0.064  lr: 0.000098  max_mem: 11209M      
[2026-01-28 15:33:26]   epoch: [7/70]  step: [1500/2078] (72.2%)  eta_epoch: 4:18  eta_total: 18:17:25  loss: 1.9173  time: 0.248  data_time: 0.001  forward_time: 0.019  backward_time: 0.062  lr: 0.000098  max_mem: 11209M      
[2026-01-28 15:33:32]   epoch: [7/70]  step: [1510/2078] (72.7%)  eta_epoch: 4:14  eta_total: 18:17:19  loss: 1.8273  time: 0.247  data_time: 0.001  forward_time: 0.016  backward_time: 0.064  lr: 0.000098  max_mem: 11209M      
[2026-01-28 15:33:37]   epoch: [7/70]  step: [1520/2078] (73.1%)  eta_epoch: 4:09  eta_total: 18:17:07  loss: 1.9234  time: 0.247  data_time: 0.001  forward_time: 0.019  backward_time: 0.062  lr: 0.000098  max_mem: 11209M      
[2026-01-28 15:33:43]   epoch: [7/70]  step: [1530/2078] (73.6%)  eta_epoch: 4:05  eta_total: 18:17:03  loss: 1.7886  time: 0.247  data_time: 0.002  forward_time: 0.012  backward_time: 0.069  lr: 0.000098  max_mem: 11209M      
[2026-01-28 15:33:48]   epoch: [7/70]  step: [1540/2078] (74.1%)  eta_epoch: 4:00  eta_total: 18:16:50  loss: 1.5395  time: 0.247  data_time: 0.001  forward_time: 0.016  backward_time: 0.065  lr: 0.000098  max_mem: 11209M      
[2026-01-28 15:33:54]   epoch: [7/70]  step: [1550/2078] (74.6%)  eta_epoch: 3:56  eta_total: 18:16:46  loss: 1.7505  time: 0.247  data_time: 0.001  forward_time: 0.016  backward_time: 0.064  lr: 0.000098  max_mem: 11209M      
[2026-01-28 15:33:59]   epoch: [7/70]  step: [1560/2078] (75.1%)  eta_epoch: 3:52  eta_total: 18:16:37  loss: 1.6436  time: 0.247  data_time: 0.001  forward_time: 0.016  backward_time: 0.070  lr: 0.000098  max_mem: 11209M      
[2026-01-28 15:34:05]   epoch: [7/70]  step: [1570/2078] (75.6%)  eta_epoch: 3:47  eta_total: 18:16:30  loss: 1.5618  time: 0.247  data_time: 0.001  forward_time: 0.016  backward_time: 0.064  lr: 0.000098  max_mem: 11209M      
[2026-01-28 15:34:10]   epoch: [7/70]  step: [1580/2078] (76.0%)  eta_epoch: 3:43  eta_total: 18:16:17  loss: 1.9830  time: 0.247  data_time: 0.001  forward_time: 0.016  backward_time: 0.065  lr: 0.000098  max_mem: 11209M      
[2026-01-28 15:34:17]   epoch: [7/70]  step: [1590/2078] (76.5%)  eta_epoch: 3:38  eta_total: 18:16:10  loss: 1.7404  time: 0.248  data_time: 0.001  forward_time: 0.016  backward_time: 0.064  lr: 0.000098  max_mem: 11209M      
[2026-01-28 15:34:21]   epoch: [7/70]  step: [1600/2078] (77.0%)  eta_epoch: 3:34  eta_total: 18:15:57  loss: 1.9218  time: 0.247  data_time: 0.001  forward_time: 0.011  backward_time: 0.069  lr: 0.000098  max_mem: 11209M      
[2026-01-28 15:34:28]   epoch: [7/70]  step: [1610/2078] (77.5%)  eta_epoch: 3:30  eta_total: 18:15:53  loss: 1.8653  time: 0.247  data_time: 0.001  forward_time: 0.016  backward_time: 0.065  lr: 0.000098  max_mem: 11209M      
[2026-01-28 15:34:33]   epoch: [7/70]  step: [1620/2078] (78.0%)  eta_epoch: 3:25  eta_total: 18:15:43  loss: 2.1910  time: 0.247  data_time: 0.001  forward_time: 0.018  backward_time: 0.064  lr: 0.000098  max_mem: 11209M      
[2026-01-28 15:34:39]   epoch: [7/70]  step: [1630/2078] (78.4%)  eta_epoch: 3:21  eta_total: 18:15:41  loss: 1.7259  time: 0.247  data_time: 0.001  forward_time: 0.016  backward_time: 0.064  lr: 0.000098  max_mem: 11209M      
[2026-01-28 15:34:44]   epoch: [7/70]  step: [1640/2078] (78.9%)  eta_epoch: 3:16  eta_total: 18:15:30  loss: 2.0947  time: 0.247  data_time: 0.001  forward_time: 0.016  backward_time: 0.065  lr: 0.000098  max_mem: 11209M      
[2026-01-28 15:34:51]   epoch: [7/70]  step: [1650/2078] (79.4%)  eta_epoch: 3:12  eta_total: 18:15:29  loss: 2.1225  time: 0.248  data_time: 0.001  forward_time: 0.012  backward_time: 0.065  lr: 0.000098  max_mem: 11209M      
[2026-01-28 15:34:56]   epoch: [7/70]  step: [1660/2078] (79.9%)  eta_epoch: 3:07  eta_total: 18:15:16  loss: 1.9772  time: 0.248  data_time: 0.002  forward_time: 0.026  backward_time: 0.056  lr: 0.000098  max_mem: 11209M      
[2026-01-28 15:35:02]   epoch: [7/70]  step: [1670/2078] (80.4%)  eta_epoch: 3:03  eta_total: 18:15:19  loss: 2.0393  time: 0.247  data_time: 0.001  forward_time: 0.016  backward_time: 0.065  lr: 0.000098  max_mem: 11209M      
[2026-01-28 15:35:07]   epoch: [7/70]  step: [1680/2078] (80.8%)  eta_epoch: 2:58  eta_total: 18:15:08  loss: 1.6333  time: 0.248  data_time: 0.002  forward_time: 0.019  backward_time: 0.071  lr: 0.000098  max_mem: 11209M      
[2026-01-28 15:35:13]   epoch: [7/70]  step: [1690/2078] (81.3%)  eta_epoch: 2:54  eta_total: 18:15:05  loss: 1.8048  time: 0.247  data_time: 0.001  forward_time: 0.011  backward_time: 0.069  lr: 0.000098  max_mem: 11209M      
[2026-01-28 15:35:18]   epoch: [7/70]  step: [1700/2078] (81.8%)  eta_epoch: 2:49  eta_total: 18:14:50  loss: 1.9260  time: 0.247  data_time: 0.001  forward_time: 0.016  backward_time: 0.072  lr: 0.000098  max_mem: 11209M      
[2026-01-28 15:35:24]   epoch: [7/70]  step: [1710/2078] (82.3%)  eta_epoch: 2:45  eta_total: 18:14:49  loss: 1.7017  time: 0.247  data_time: 0.001  forward_time: 0.017  backward_time: 0.064  lr: 0.000098  max_mem: 11209M      
[2026-01-28 15:35:30]   epoch: [7/70]  step: [1720/2078] (82.8%)  eta_epoch: 2:41  eta_total: 18:14:32  loss: 1.9236  time: 0.249  data_time: 0.002  forward_time: 0.044  backward_time: 0.041  lr: 0.000098  max_mem: 11209M      
[2026-01-28 15:35:36]   epoch: [7/70]  step: [1730/2078] (83.3%)  eta_epoch: 2:36  eta_total: 18:14:29  loss: 2.0612  time: 0.248  data_time: 0.001  forward_time: 0.020  backward_time: 0.062  lr: 0.000098  max_mem: 11209M      
[2026-01-28 15:35:40]   epoch: [7/70]  step: [1740/2078] (83.7%)  eta_epoch: 2:32  eta_total: 18:14:16  loss: 1.6936  time: 0.248  data_time: 0.001  forward_time: 0.017  backward_time: 0.064  lr: 0.000098  max_mem: 11209M      
[2026-01-28 15:35:46]   epoch: [7/70]  step: [1750/2078] (84.2%)  eta_epoch: 2:27  eta_total: 18:14:16  loss: 1.8866  time: 0.247  data_time: 0.001  forward_time: 0.017  backward_time: 0.063  lr: 0.000098  max_mem: 11209M      
[2026-01-28 15:35:51]   epoch: [7/70]  step: [1760/2078] (84.7%)  eta_epoch: 2:23  eta_total: 18:14:03  loss: 1.7305  time: 0.247  data_time: 0.001  forward_time: 0.015  backward_time: 0.072  lr: 0.000098  max_mem: 11209M      
[2026-01-28 15:35:57]   epoch: [7/70]  step: [1770/2078] (85.2%)  eta_epoch: 2:18  eta_total: 18:13:58  loss: 1.5025  time: 0.247  data_time: 0.001  forward_time: 0.017  backward_time: 0.064  lr: 0.000098  max_mem: 11209M      
[2026-01-28 15:36:02]   epoch: [7/70]  step: [1780/2078] (85.7%)  eta_epoch: 2:14  eta_total: 18:13:44  loss: 1.8922  time: 0.247  data_time: 0.001  forward_time: 0.016  backward_time: 0.066  lr: 0.000098  max_mem: 11209M      
[2026-01-28 15:36:08]   epoch: [7/70]  step: [1790/2078] (86.1%)  eta_epoch: 2:09  eta_total: 18:13:41  loss: 1.7297  time: 0.248  data_time: 0.001  forward_time: 0.016  backward_time: 0.065  lr: 0.000098  max_mem: 11209M      
[2026-01-28 15:36:13]   epoch: [7/70]  step: [1800/2078] (86.6%)  eta_epoch: 2:05  eta_total: 18:13:25  loss: 1.6251  time: 0.247  data_time: 0.001  forward_time: 0.015  backward_time: 0.067  lr: 0.000098  max_mem: 11209M      
[2026-01-28 15:36:19]   epoch: [7/70]  step: [1810/2078] (87.1%)  eta_epoch: 2:00  eta_total: 18:13:15  loss: 1.6209  time: 0.247  data_time: 0.001  forward_time: 0.020  backward_time: 0.061  lr: 0.000098  max_mem: 11209M      
[2026-01-28 15:36:24]   epoch: [7/70]  step: [1820/2078] (87.6%)  eta_epoch: 1:56  eta_total: 18:12:59  loss: 1.6535  time: 0.248  data_time: 0.001  forward_time: 0.016  backward_time: 0.065  lr: 0.000098  max_mem: 11209M      
[2026-01-28 15:36:30]   epoch: [7/70]  step: [1830/2078] (88.1%)  eta_epoch: 1:51  eta_total: 18:12:51  loss: 1.8161  time: 0.247  data_time: 0.001  forward_time: 0.016  backward_time: 0.064  lr: 0.000098  max_mem: 11209M      
[2026-01-28 15:36:35]   epoch: [7/70]  step: [1840/2078] (88.5%)  eta_epoch: 1:47  eta_total: 18:12:40  loss: 1.8590  time: 0.247  data_time: 0.001  forward_time: 0.017  backward_time: 0.067  lr: 0.000098  max_mem: 11209M      
[2026-01-28 15:36:41]   epoch: [7/70]  step: [1850/2078] (89.0%)  eta_epoch: 1:42  eta_total: 18:12:38  loss: 2.5797  time: 0.247  data_time: 0.001  forward_time: 0.018  backward_time: 0.063  lr: 0.000098  max_mem: 11209M      
[2026-01-28 15:36:46]   epoch: [7/70]  step: [1860/2078] (89.5%)  eta_epoch: 1:38  eta_total: 18:12:29  loss: 2.2479  time: 0.248  data_time: 0.001  forward_time: 0.018  backward_time: 0.063  lr: 0.000098  max_mem: 11209M      
[2026-01-28 15:36:52]   epoch: [7/70]  step: [1870/2078] (90.0%)  eta_epoch: 1:33  eta_total: 18:12:25  loss: 2.3956  time: 0.247  data_time: 0.001  forward_time: 0.017  backward_time: 0.066  lr: 0.000098  max_mem: 11209M      
[2026-01-28 15:36:58]   epoch: [7/70]  step: [1880/2078] (90.5%)  eta_epoch: 1:29  eta_total: 18:12:24  loss: 1.6903  time: 0.247  data_time: 0.001  forward_time: 0.016  backward_time: 0.064  lr: 0.000098  max_mem: 11209M      
[2026-01-28 15:37:03]   epoch: [7/70]  step: [1890/2078] (91.0%)  eta_epoch: 1:24  eta_total: 18:12:10  loss: 2.0273  time: 0.248  data_time: 0.001  forward_time: 0.023  backward_time: 0.058  lr: 0.000098  max_mem: 11209M      
[2026-01-28 15:37:09]   epoch: [7/70]  step: [1900/2078] (91.4%)  eta_epoch: 1:20  eta_total: 18:12:03  loss: 1.8539  time: 0.247  data_time: 0.001  forward_time: 0.016  backward_time: 0.064  lr: 0.000098  max_mem: 11209M      
[2026-01-28 15:37:15]   epoch: [7/70]  step: [1910/2078] (91.9%)  eta_epoch: 1:15  eta_total: 18:11:49  loss: 1.6013  time: 0.247  data_time: 0.001  forward_time: 0.016  backward_time: 0.065  lr: 0.000098  max_mem: 11209M      
[2026-01-28 15:37:21]   epoch: [7/70]  step: [1920/2078] (92.4%)  eta_epoch: 1:11  eta_total: 18:11:46  loss: 1.6122  time: 0.247  data_time: 0.001  forward_time: 0.017  backward_time: 0.067  lr: 0.000098  max_mem: 11209M      
[2026-01-28 15:37:26]   epoch: [7/70]  step: [1930/2078] (92.9%)  eta_epoch: 1:06  eta_total: 18:11:31  loss: 1.8232  time: 0.247  data_time: 0.001  forward_time: 0.016  backward_time: 0.065  lr: 0.000098  max_mem: 11209M      
[2026-01-28 15:37:32]   epoch: [7/70]  step: [1940/2078] (93.4%)  eta_epoch: 1:02  eta_total: 18:11:35  loss: 2.0942  time: 0.248  data_time: 0.001  forward_time: 0.018  backward_time: 0.063  lr: 0.000098  max_mem: 11209M      
[2026-01-28 15:37:37]   epoch: [7/70]  step: [1950/2078] (93.8%)  eta_epoch: 0:57  eta_total: 18:11:25  loss: 1.9658  time: 0.248  data_time: 0.001  forward_time: 0.022  backward_time: 0.063  lr: 0.000098  max_mem: 11209M      
[2026-01-28 15:37:44]   epoch: [7/70]  step: [1960/2078] (94.3%)  eta_epoch: 0:53  eta_total: 18:11:26  loss: 1.7727  time: 0.248  data_time: 0.002  forward_time: 0.018  backward_time: 0.064  lr: 0.000098  max_mem: 11209M      
[2026-01-28 15:37:49]   epoch: [7/70]  step: [1970/2078] (94.8%)  eta_epoch: 0:48  eta_total: 18:11:12  loss: 1.8996  time: 0.247  data_time: 0.001  forward_time: 0.016  backward_time: 0.065  lr: 0.000098  max_mem: 11209M      
[2026-01-28 15:37:55]   epoch: [7/70]  step: [1980/2078] (95.3%)  eta_epoch: 0:44  eta_total: 18:11:12  loss: 1.7318  time: 0.247  data_time: 0.001  forward_time: 0.017  backward_time: 0.064  lr: 0.000098  max_mem: 11209M      
[2026-01-28 15:38:00]   epoch: [7/70]  step: [1990/2078] (95.8%)  eta_epoch: 0:39  eta_total: 18:10:52  loss: 1.9490  time: 0.247  data_time: 0.001  forward_time: 0.015  backward_time: 0.065  lr: 0.000098  max_mem: 11209M      
[2026-01-28 15:38:06]   epoch: [7/70]  step: [2000/2078] (96.2%)  eta_epoch: 0:35  eta_total: 18:10:48  loss: 1.8583  time: 0.247  data_time: 0.001  forward_time: 0.018  backward_time: 0.063  lr: 0.000098  max_mem: 11209M      
[2026-01-28 15:38:11]   epoch: [7/70]  step: [2010/2078] (96.7%)  eta_epoch: 0:30  eta_total: 18:10:33  loss: 1.7669  time: 0.248  data_time: 0.001  forward_time: 0.022  backward_time: 0.059  lr: 0.000098  max_mem: 11209M      
[2026-01-28 15:38:17]   epoch: [7/70]  step: [2020/2078] (97.2%)  eta_epoch: 0:26  eta_total: 18:10:34  loss: 2.0856  time: 0.247  data_time: 0.001  forward_time: 0.016  backward_time: 0.065  lr: 0.000098  max_mem: 11209M      
[2026-01-28 15:38:23]   epoch: [7/70]  step: [2030/2078] (97.7%)  eta_epoch: 0:21  eta_total: 18:10:20  loss: 1.6272  time: 0.247  data_time: 0.001  forward_time: 0.016  backward_time: 0.065  lr: 0.000098  max_mem: 11209M      
[2026-01-28 15:38:29]   epoch: [7/70]  step: [2040/2078] (98.2%)  eta_epoch: 0:17  eta_total: 18:10:13  loss: 2.2383  time: 0.247  data_time: 0.001  forward_time: 0.016  backward_time: 0.065  lr: 0.000098  max_mem: 11209M      
[2026-01-28 15:38:33]   epoch: [7/70]  step: [2050/2078] (98.7%)  eta_epoch: 0:12  eta_total: 18:09:59  loss: 2.1546  time: 0.248  data_time: 0.001  forward_time: 0.016  backward_time: 0.065  lr: 0.000098  max_mem: 11209M      
[2026-01-28 15:38:39]   epoch: [7/70]  step: [2060/2078] (99.1%)  eta_epoch: 0:08  eta_total: 18:09:54  loss: 1.9072  time: 0.248  data_time: 0.001  forward_time: 0.012  backward_time: 0.070  lr: 0.000098  max_mem: 11209M      
[2026-01-28 15:38:45]   epoch: [7/70]  step: [2070/2078] (99.6%)  eta_epoch: 0:03  eta_total: 18:09:49  loss: 1.7601  time: 0.263  data_time: 0.001  forward_time: 0.060  backward_time: 0.051  lr: 0.000098  max_mem: 11209M      
[2026-01-28 15:38:49]   epoch: [7/70]  step: [2078/2078] (100.0%)  eta_epoch: 0:00  eta_total: 18:07:52  loss: 1.9324  time: 0.110  data_time: 0.001  forward_time: 0.016  backward_time: 0.051  lr: 0.000098  max_mem: 11209M      
[2026-01-28 15:38:49]   [epoch 7 training completed] avg_loss: 1.8899  epoch_time: 1122.54s  avg_data_time: 0.001s  avg_forward_time: 0.024s  avg_backward_time: 0.061s  avg_step_time: 0.245s  throughput: 88.8 samples/s    
[2026-01-28 15:38:49]   Validating epoch[7/70]...    
[2026-01-28 15:41:36]   
============================================================    
[2026-01-28 15:41:37]   [Epoch 7/70] Validation Results:    
[2026-01-28 15:41:37]     Train Loss:     1.8899    
[2026-01-28 15:41:37]     Top-1 Acc:       0.4630 (46.30%)    
[2026-01-28 15:41:37]     Top-5 Acc:       0.8370 (83.70%)    
[2026-01-28 15:41:37]     Precision:      0.4320    
[2026-01-28 15:41:37]     Recall:          0.4638    
[2026-01-28 15:41:37]     Specificity:     0.9755    
[2026-01-28 15:41:37]     F1-Score:        0.4155    
[2026-01-28 15:41:37]     AUC:             0.8411    
[2026-01-28 15:41:37]     Overall Acc:     0.4638    
[2026-01-28 15:41:37]   ============================================================
    
[2026-01-28 15:41:37]   
Saving checkpoint...    
[2026-01-28 15:41:53]   epoch: [8/70]  step: [10/2078] (0.5%)  eta_epoch: 18:24  eta_total: 18:26:23  loss: 1.9047  time: 0.247  data_time: 0.001  forward_time: 0.017  backward_time: 0.064  lr: 0.000098  max_mem: 11209M      
[2026-01-28 15:41:58]   epoch: [8/70]  step: [20/2078] (1.0%)  eta_epoch: 16:02  eta_total: 18:26:03  loss: 2.1032  time: 0.247  data_time: 0.001  forward_time: 0.020  backward_time: 0.061  lr: 0.000098  max_mem: 11209M      
[2026-01-28 15:42:03]   epoch: [8/70]  step: [30/2078] (1.4%)  eta_epoch: 15:53  eta_total: 18:25:51  loss: 1.6707  time: 0.248  data_time: 0.001  forward_time: 0.045  backward_time: 0.058  lr: 0.000098  max_mem: 11209M      
[2026-01-28 15:42:08]   epoch: [8/70]  step: [40/2078] (1.9%)  eta_epoch: 15:09  eta_total: 18:25:38  loss: 1.7792  time: 0.248  data_time: 0.002  forward_time: 0.016  backward_time: 0.064  lr: 0.000098  max_mem: 11209M      
[2026-01-28 15:42:13]   epoch: [8/70]  step: [50/2078] (2.4%)  eta_epoch: 15:12  eta_total: 18:27:08  loss: 1.7367  time: 0.248  data_time: 0.001  forward_time: 0.047  backward_time: 0.056  lr: 0.000098  max_mem: 11209M      
[2026-01-28 15:42:18]   epoch: [8/70]  step: [60/2078] (2.9%)  eta_epoch: 14:55  eta_total: 18:26:59  loss: 2.1030  time: 0.247  data_time: 0.001  forward_time: 0.016  backward_time: 0.065  lr: 0.000098  max_mem: 11209M      
[2026-01-28 15:42:24]   epoch: [8/70]  step: [70/2078] (3.4%)  eta_epoch: 15:00  eta_total: 18:26:56  loss: 2.0267  time: 0.247  data_time: 0.001  forward_time: 0.039  backward_time: 0.053  lr: 0.000098  max_mem: 11209M      
[2026-01-28 15:42:29]   epoch: [8/70]  step: [80/2078] (3.8%)  eta_epoch: 14:46  eta_total: 18:26:43  loss: 1.7223  time: 0.247  data_time: 0.001  forward_time: 0.016  backward_time: 0.065  lr: 0.000098  max_mem: 11209M      
[2026-01-28 15:42:34]   epoch: [8/70]  step: [90/2078] (4.3%)  eta_epoch: 14:42  eta_total: 18:26:36  loss: 1.7612  time: 0.248  data_time: 0.001  forward_time: 0.037  backward_time: 0.052  lr: 0.000098  max_mem: 11209M      
[2026-01-28 15:42:39]   epoch: [8/70]  step: [100/2078] (4.8%)  eta_epoch: 14:30  eta_total: 18:26:27  loss: 1.8405  time: 0.247  data_time: 0.001  forward_time: 0.016  backward_time: 0.065  lr: 0.000098  max_mem: 11209M      
[2026-01-28 15:42:44]   epoch: [8/70]  step: [110/2078] (5.3%)  eta_epoch: 14:30  eta_total: 18:26:21  loss: 2.1168  time: 0.247  data_time: 0.001  forward_time: 0.023  backward_time: 0.058  lr: 0.000098  max_mem: 11209M      
[2026-01-28 15:42:49]   epoch: [8/70]  step: [120/2078] (5.8%)  eta_epoch: 14:17  eta_total: 18:26:08  loss: 1.8878  time: 0.247  data_time: 0.001  forward_time: 0.017  backward_time: 0.062  lr: 0.000098  max_mem: 11209M      
[2026-01-28 15:42:54]   epoch: [8/70]  step: [130/2078] (6.3%)  eta_epoch: 14:17  eta_total: 18:26:05  loss: 1.8823  time: 0.248  data_time: 0.001  forward_time: 0.040  backward_time: 0.051  lr: 0.000098  max_mem: 11209M      
[2026-01-28 15:42:59]   epoch: [8/70]  step: [140/2078] (6.7%)  eta_epoch: 14:07  eta_total: 18:25:47  loss: 1.8659  time: 0.248  data_time: 0.002  forward_time: 0.023  backward_time: 0.061  lr: 0.000098  max_mem: 11209M      
[2026-01-28 15:43:04]   epoch: [8/70]  step: [150/2078] (7.2%)  eta_epoch: 14:03  eta_total: 18:25:30  loss: 2.3685  time: 0.249  data_time: 0.001  forward_time: 0.043  backward_time: 0.057  lr: 0.000098  max_mem: 11209M      
[2026-01-28 15:43:09]   epoch: [8/70]  step: [160/2078] (7.7%)  eta_epoch: 13:55  eta_total: 18:25:15  loss: 1.8934  time: 0.247  data_time: 0.001  forward_time: 0.016  backward_time: 0.064  lr: 0.000098  max_mem: 11209M      
[2026-01-28 15:43:14]   epoch: [8/70]  step: [170/2078] (8.2%)  eta_epoch: 13:51  eta_total: 18:25:08  loss: 1.7546  time: 0.251  data_time: 0.001  forward_time: 0.045  backward_time: 0.038  lr: 0.000098  max_mem: 11209M      
[2026-01-28 15:43:19]   epoch: [8/70]  step: [180/2078] (8.7%)  eta_epoch: 13:44  eta_total: 18:24:54  loss: 1.8916  time: 0.247  data_time: 0.001  forward_time: 0.018  backward_time: 0.063  lr: 0.000098  max_mem: 11209M      
[2026-01-28 15:43:24]   epoch: [8/70]  step: [190/2078] (9.1%)  eta_epoch: 13:38  eta_total: 18:24:46  loss: 1.7790  time: 0.248  data_time: 0.001  forward_time: 0.040  backward_time: 0.051  lr: 0.000098  max_mem: 11209M      
[2026-01-28 15:43:29]   epoch: [8/70]  step: [200/2078] (9.6%)  eta_epoch: 13:36  eta_total: 18:24:37  loss: 1.9463  time: 0.248  data_time: 0.001  forward_time: 0.016  backward_time: 0.065  lr: 0.000098  max_mem: 11209M      
[2026-01-28 15:43:34]   epoch: [8/70]  step: [210/2078] (10.1%)  eta_epoch: 13:27  eta_total: 18:24:17  loss: 1.8346  time: 0.247  data_time: 0.001  forward_time: 0.016  backward_time: 0.064  lr: 0.000098  max_mem: 11209M      
[2026-01-28 15:43:39]   epoch: [8/70]  step: [220/2078] (10.6%)  eta_epoch: 13:25  eta_total: 18:24:04  loss: 1.4065  time: 0.247  data_time: 0.001  forward_time: 0.018  backward_time: 0.063  lr: 0.000098  max_mem: 11209M      
[2026-01-28 15:43:44]   epoch: [8/70]  step: [230/2078] (11.1%)  eta_epoch: 13:18  eta_total: 18:23:46  loss: 2.2008  time: 0.248  data_time: 0.001  forward_time: 0.020  backward_time: 0.061  lr: 0.000098  max_mem: 11209M      
[2026-01-28 15:43:49]   epoch: [8/70]  step: [240/2078] (11.5%)  eta_epoch: 13:15  eta_total: 18:23:32  loss: 1.7662  time: 0.247  data_time: 0.001  forward_time: 0.018  backward_time: 0.063  lr: 0.000098  max_mem: 11209M      
[2026-01-28 15:43:54]   epoch: [8/70]  step: [250/2078] (12.0%)  eta_epoch: 13:08  eta_total: 18:23:19  loss: 1.7725  time: 0.247  data_time: 0.001  forward_time: 0.013  backward_time: 0.064  lr: 0.000098  max_mem: 11209M      
[2026-01-28 15:43:59]   epoch: [8/70]  step: [260/2078] (12.5%)  eta_epoch: 13:05  eta_total: 18:23:11  loss: 1.5701  time: 0.247  data_time: 0.001  forward_time: 0.017  backward_time: 0.063  lr: 0.000098  max_mem: 11209M      
[2026-01-28 15:44:04]   epoch: [8/70]  step: [270/2078] (13.0%)  eta_epoch: 13:00  eta_total: 18:22:58  loss: 2.0256  time: 0.247  data_time: 0.001  forward_time: 0.016  backward_time: 0.065  lr: 0.000098  max_mem: 11209M      
[2026-01-28 15:44:10]   epoch: [8/70]  step: [280/2078] (13.5%)  eta_epoch: 12:57  eta_total: 18:22:52  loss: 1.8273  time: 0.247  data_time: 0.001  forward_time: 0.017  backward_time: 0.064  lr: 0.000098  max_mem: 11209M      
[2026-01-28 15:44:14]   epoch: [8/70]  step: [290/2078] (14.0%)  eta_epoch: 12:51  eta_total: 18:22:38  loss: 1.7453  time: 0.247  data_time: 0.001  forward_time: 0.017  backward_time: 0.069  lr: 0.000098  max_mem: 11209M      
[2026-01-28 15:44:20]   epoch: [8/70]  step: [300/2078] (14.4%)  eta_epoch: 12:48  eta_total: 18:22:31  loss: 1.9414  time: 0.251  data_time: 0.001  forward_time: 0.016  backward_time: 0.064  lr: 0.000098  max_mem: 11209M      
[2026-01-28 15:44:24]   epoch: [8/70]  step: [310/2078] (14.9%)  eta_epoch: 12:41  eta_total: 18:22:17  loss: 1.9459  time: 0.248  data_time: 0.001  forward_time: 0.016  backward_time: 0.064  lr: 0.000098  max_mem: 11209M      
[2026-01-28 15:44:30]   epoch: [8/70]  step: [320/2078] (15.4%)  eta_epoch: 12:39  eta_total: 18:22:06  loss: 1.7288  time: 0.247  data_time: 0.001  forward_time: 0.017  backward_time: 0.065  lr: 0.000098  max_mem: 11209M      
[2026-01-28 15:44:35]   epoch: [8/70]  step: [330/2078] (15.9%)  eta_epoch: 12:33  eta_total: 18:21:47  loss: 2.0358  time: 0.247  data_time: 0.001  forward_time: 0.016  backward_time: 0.065  lr: 0.000098  max_mem: 11209M      
[2026-01-28 15:44:40]   epoch: [8/70]  step: [340/2078] (16.4%)  eta_epoch: 12:31  eta_total: 18:21:40  loss: 1.6889  time: 0.247  data_time: 0.001  forward_time: 0.016  backward_time: 0.064  lr: 0.000098  max_mem: 11209M      
[2026-01-28 15:44:45]   epoch: [8/70]  step: [350/2078] (16.8%)  eta_epoch: 12:25  eta_total: 18:21:19  loss: 1.9786  time: 0.247  data_time: 0.001  forward_time: 0.015  backward_time: 0.065  lr: 0.000098  max_mem: 11209M      
[2026-01-28 15:44:50]   epoch: [8/70]  step: [360/2078] (17.3%)  eta_epoch: 12:22  eta_total: 18:21:09  loss: 2.1801  time: 0.247  data_time: 0.001  forward_time: 0.022  backward_time: 0.058  lr: 0.000098  max_mem: 11209M      
[2026-01-28 15:44:55]   epoch: [8/70]  step: [370/2078] (17.8%)  eta_epoch: 12:16  eta_total: 18:20:55  loss: 1.9533  time: 0.248  data_time: 0.002  forward_time: 0.016  backward_time: 0.064  lr: 0.000098  max_mem: 11209M      
[2026-01-28 15:45:00]   epoch: [8/70]  step: [380/2078] (18.3%)  eta_epoch: 12:12  eta_total: 18:20:46  loss: 1.7581  time: 0.247  data_time: 0.001  forward_time: 0.016  backward_time: 0.064  lr: 0.000098  max_mem: 11209M      
[2026-01-28 15:45:05]   epoch: [8/70]  step: [390/2078] (18.8%)  eta_epoch: 12:06  eta_total: 18:20:29  loss: 1.6583  time: 0.247  data_time: 0.001  forward_time: 0.016  backward_time: 0.069  lr: 0.000098  max_mem: 11209M      
[2026-01-28 15:45:11]   epoch: [8/70]  step: [400/2078] (19.2%)  eta_epoch: 12:04  eta_total: 18:20:22  loss: 1.9449  time: 0.247  data_time: 0.001  forward_time: 0.017  backward_time: 0.064  lr: 0.000098  max_mem: 11209M      
[2026-01-28 15:45:15]   epoch: [8/70]  step: [410/2078] (19.7%)  eta_epoch: 11:58  eta_total: 18:20:07  loss: 1.9970  time: 0.248  data_time: 0.002  forward_time: 0.026  backward_time: 0.056  lr: 0.000098  max_mem: 11209M      
[2026-01-28 15:45:20]   epoch: [8/70]  step: [420/2078] (20.2%)  eta_epoch: 11:54  eta_total: 18:19:57  loss: 1.7718  time: 0.247  data_time: 0.001  forward_time: 0.019  backward_time: 0.062  lr: 0.000098  max_mem: 11209M      
[2026-01-28 15:45:25]   epoch: [8/70]  step: [430/2078] (20.7%)  eta_epoch: 11:49  eta_total: 18:19:43  loss: 1.8832  time: 0.247  data_time: 0.001  forward_time: 0.016  backward_time: 0.065  lr: 0.000098  max_mem: 11209M      
[2026-01-28 15:45:30]   epoch: [8/70]  step: [440/2078] (21.2%)  eta_epoch: 11:45  eta_total: 18:19:33  loss: 2.2495  time: 0.247  data_time: 0.001  forward_time: 0.016  backward_time: 0.064  lr: 0.000098  max_mem: 11209M      
[2026-01-28 15:45:35]   epoch: [8/70]  step: [450/2078] (21.7%)  eta_epoch: 11:40  eta_total: 18:19:24  loss: 1.7368  time: 0.247  data_time: 0.001  forward_time: 0.015  backward_time: 0.065  lr: 0.000098  max_mem: 11209M      
[2026-01-28 15:45:40]   epoch: [8/70]  step: [460/2078] (22.1%)  eta_epoch: 11:36  eta_total: 18:19:15  loss: 1.7497  time: 0.247  data_time: 0.001  forward_time: 0.016  backward_time: 0.064  lr: 0.000098  max_mem: 11209M      
[2026-01-28 15:45:45]   epoch: [8/70]  step: [470/2078] (22.6%)  eta_epoch: 11:31  eta_total: 18:19:02  loss: 1.8416  time: 0.247  data_time: 0.001  forward_time: 0.016  backward_time: 0.073  lr: 0.000098  max_mem: 11209M      
[2026-01-28 15:45:51]   epoch: [8/70]  step: [480/2078] (23.1%)  eta_epoch: 11:28  eta_total: 18:18:52  loss: 1.6638  time: 0.248  data_time: 0.001  forward_time: 0.018  backward_time: 0.068  lr: 0.000098  max_mem: 11209M      
[2026-01-28 15:45:55]   epoch: [8/70]  step: [490/2078] (23.6%)  eta_epoch: 11:22  eta_total: 18:18:38  loss: 1.8047  time: 0.247  data_time: 0.001  forward_time: 0.016  backward_time: 0.066  lr: 0.000098  max_mem: 11209M      
[2026-01-28 15:46:01]   epoch: [8/70]  step: [500/2078] (24.1%)  eta_epoch: 11:19  eta_total: 18:18:26  loss: 1.9720  time: 0.248  data_time: 0.001  forward_time: 0.016  backward_time: 0.065  lr: 0.000098  max_mem: 11209M      
[2026-01-28 15:46:05]   epoch: [8/70]  step: [510/2078] (24.5%)  eta_epoch: 11:14  eta_total: 18:18:11  loss: 1.8783  time: 0.247  data_time: 0.001  forward_time: 0.016  backward_time: 0.065  lr: 0.000098  max_mem: 11209M      
[2026-01-28 15:46:11]   epoch: [8/70]  step: [520/2078] (25.0%)  eta_epoch: 11:10  eta_total: 18:18:01  loss: 1.6134  time: 0.247  data_time: 0.001  forward_time: 0.016  backward_time: 0.064  lr: 0.000098  max_mem: 11209M      
[2026-01-28 15:46:15]   epoch: [8/70]  step: [530/2078] (25.5%)  eta_epoch: 11:04  eta_total: 18:17:44  loss: 1.5506  time: 0.247  data_time: 0.001  forward_time: 0.016  backward_time: 0.065  lr: 0.000098  max_mem: 11209M      
[2026-01-28 15:46:21]   epoch: [8/70]  step: [540/2078] (26.0%)  eta_epoch: 11:01  eta_total: 18:17:38  loss: 2.0597  time: 0.247  data_time: 0.001  forward_time: 0.016  backward_time: 0.065  lr: 0.000097  max_mem: 11209M      
[2026-01-28 15:46:26]   epoch: [8/70]  step: [550/2078] (26.5%)  eta_epoch: 10:56  eta_total: 18:17:24  loss: 1.7473  time: 0.248  data_time: 0.002  forward_time: 0.023  backward_time: 0.057  lr: 0.000097  max_mem: 11209M      
[2026-01-28 15:46:31]   epoch: [8/70]  step: [560/2078] (26.9%)  eta_epoch: 10:52  eta_total: 18:17:19  loss: 2.1720  time: 0.248  data_time: 0.001  forward_time: 0.018  backward_time: 0.063  lr: 0.000097  max_mem: 11209M      
[2026-01-28 15:46:36]   epoch: [8/70]  step: [570/2078] (27.4%)  eta_epoch: 10:48  eta_total: 18:17:13  loss: 1.5947  time: 0.248  data_time: 0.001  forward_time: 0.017  backward_time: 0.064  lr: 0.000097  max_mem: 11209M      
[2026-01-28 15:46:41]   epoch: [8/70]  step: [580/2078] (27.9%)  eta_epoch: 10:44  eta_total: 18:17:08  loss: 1.3333  time: 0.247  data_time: 0.001  forward_time: 0.017  backward_time: 0.064  lr: 0.000097  max_mem: 11209M      
[2026-01-28 15:46:46]   epoch: [8/70]  step: [590/2078] (28.4%)  eta_epoch: 10:40  eta_total: 18:17:01  loss: 1.5143  time: 0.247  data_time: 0.001  forward_time: 0.012  backward_time: 0.068  lr: 0.000097  max_mem: 11209M      
[2026-01-28 15:46:51]   epoch: [8/70]  step: [600/2078] (28.9%)  eta_epoch: 10:35  eta_total: 18:16:48  loss: 1.3875  time: 0.247  data_time: 0.001  forward_time: 0.016  backward_time: 0.066  lr: 0.000097  max_mem: 11209M      
[2026-01-28 15:46:56]   epoch: [8/70]  step: [610/2078] (29.4%)  eta_epoch: 10:31  eta_total: 18:16:35  loss: 1.9923  time: 0.249  data_time: 0.002  forward_time: 0.037  backward_time: 0.055  lr: 0.000097  max_mem: 11209M      
[2026-01-28 15:47:02]   epoch: [8/70]  step: [620/2078] (29.8%)  eta_epoch: 10:27  eta_total: 18:16:18  loss: 1.7342  time: 0.247  data_time: 0.001  forward_time: 0.017  backward_time: 0.064  lr: 0.000097  max_mem: 11209M      
[2026-01-28 15:47:07]   epoch: [8/70]  step: [630/2078] (30.3%)  eta_epoch: 10:23  eta_total: 18:16:05  loss: 1.5168  time: 0.247  data_time: 0.001  forward_time: 0.016  backward_time: 0.064  lr: 0.000097  max_mem: 11209M      
[2026-01-28 15:47:12]   epoch: [8/70]  step: [640/2078] (30.8%)  eta_epoch: 10:19  eta_total: 18:15:51  loss: 2.0705  time: 0.247  data_time: 0.001  forward_time: 0.016  backward_time: 0.073  lr: 0.000097  max_mem: 11209M      
[2026-01-28 15:47:18]   epoch: [8/70]  step: [650/2078] (31.3%)  eta_epoch: 10:15  eta_total: 18:15:41  loss: 1.8563  time: 0.247  data_time: 0.001  forward_time: 0.017  backward_time: 0.064  lr: 0.000097  max_mem: 11209M      
[2026-01-28 15:47:22]   epoch: [8/70]  step: [660/2078] (31.8%)  eta_epoch: 10:10  eta_total: 18:15:23  loss: 1.9248  time: 0.247  data_time: 0.001  forward_time: 0.016  backward_time: 0.065  lr: 0.000097  max_mem: 11209M      
[2026-01-28 15:47:28]   epoch: [8/70]  step: [670/2078] (32.2%)  eta_epoch: 10:07  eta_total: 18:15:13  loss: 1.9163  time: 0.247  data_time: 0.001  forward_time: 0.011  backward_time: 0.069  lr: 0.000097  max_mem: 11209M      
[2026-01-28 15:47:33]   epoch: [8/70]  step: [680/2078] (32.7%)  eta_epoch: 10:02  eta_total: 18:14:56  loss: 1.8209  time: 0.247  data_time: 0.001  forward_time: 0.015  backward_time: 0.065  lr: 0.000097  max_mem: 11209M      
[2026-01-28 15:47:38]   epoch: [8/70]  step: [690/2078] (33.2%)  eta_epoch: 9:58  eta_total: 18:14:46  loss: 1.9132  time: 0.248  data_time: 0.001  forward_time: 0.016  backward_time: 0.064  lr: 0.000097  max_mem: 11209M      
[2026-01-28 15:47:43]   epoch: [8/70]  step: [700/2078] (33.7%)  eta_epoch: 9:53  eta_total: 18:14:37  loss: 2.4957  time: 0.247  data_time: 0.002  forward_time: 0.016  backward_time: 0.063  lr: 0.000097  max_mem: 11209M      
[2026-01-28 15:47:48]   epoch: [8/70]  step: [710/2078] (34.2%)  eta_epoch: 9:50  eta_total: 18:14:34  loss: 1.8451  time: 0.247  data_time: 0.001  forward_time: 0.016  backward_time: 0.064  lr: 0.000097  max_mem: 11209M      
[2026-01-28 15:47:53]   epoch: [8/70]  step: [720/2078] (34.6%)  eta_epoch: 9:45  eta_total: 18:14:22  loss: 2.0528  time: 0.247  data_time: 0.001  forward_time: 0.016  backward_time: 0.065  lr: 0.000097  max_mem: 11209M      
[2026-01-28 15:47:59]   epoch: [8/70]  step: [730/2078] (35.1%)  eta_epoch: 9:41  eta_total: 18:14:14  loss: 1.5042  time: 0.248  data_time: 0.001  forward_time: 0.016  backward_time: 0.064  lr: 0.000097  max_mem: 11209M      
[2026-01-28 15:48:03]   epoch: [8/70]  step: [740/2078] (35.6%)  eta_epoch: 9:36  eta_total: 18:14:06  loss: 1.9535  time: 0.248  data_time: 0.001  forward_time: 0.016  backward_time: 0.064  lr: 0.000097  max_mem: 11209M      
[2026-01-28 15:48:09]   epoch: [8/70]  step: [750/2078] (36.1%)  eta_epoch: 9:33  eta_total: 18:13:53  loss: 1.8590  time: 0.248  data_time: 0.001  forward_time: 0.016  backward_time: 0.066  lr: 0.000097  max_mem: 11209M      
[2026-01-28 15:48:14]   epoch: [8/70]  step: [760/2078] (36.6%)  eta_epoch: 9:29  eta_total: 18:13:40  loss: 1.9049  time: 0.248  data_time: 0.001  forward_time: 0.022  backward_time: 0.060  lr: 0.000097  max_mem: 11209M      
[2026-01-28 15:48:20]   epoch: [8/70]  step: [770/2078] (37.1%)  eta_epoch: 9:25  eta_total: 18:13:31  loss: 1.7888  time: 0.248  data_time: 0.001  forward_time: 0.015  backward_time: 0.069  lr: 0.000097  max_mem: 11209M      
[2026-01-28 15:48:25]   epoch: [8/70]  step: [780/2078] (37.5%)  eta_epoch: 9:21  eta_total: 18:13:23  loss: 1.8416  time: 0.247  data_time: 0.001  forward_time: 0.016  backward_time: 0.065  lr: 0.000097  max_mem: 11209M      
[2026-01-28 15:48:31]   epoch: [8/70]  step: [790/2078] (38.0%)  eta_epoch: 9:17  eta_total: 18:13:15  loss: 1.6424  time: 0.247  data_time: 0.001  forward_time: 0.016  backward_time: 0.064  lr: 0.000097  max_mem: 11209M      
[2026-01-28 15:48:36]   epoch: [8/70]  step: [800/2078] (38.5%)  eta_epoch: 9:12  eta_total: 18:13:06  loss: 1.9744  time: 0.248  data_time: 0.001  forward_time: 0.016  backward_time: 0.065  lr: 0.000097  max_mem: 11209M      
[2026-01-28 15:48:41]   epoch: [8/70]  step: [810/2078] (39.0%)  eta_epoch: 9:08  eta_total: 18:12:58  loss: 2.0568  time: 0.248  data_time: 0.001  forward_time: 0.017  backward_time: 0.064  lr: 0.000097  max_mem: 11209M      
[2026-01-28 15:48:46]   epoch: [8/70]  step: [820/2078] (39.5%)  eta_epoch: 9:04  eta_total: 18:12:47  loss: 1.6401  time: 0.247  data_time: 0.001  forward_time: 0.029  backward_time: 0.056  lr: 0.000097  max_mem: 11209M      
[2026-01-28 15:48:52]   epoch: [8/70]  step: [830/2078] (39.9%)  eta_epoch: 9:00  eta_total: 18:12:38  loss: 2.1723  time: 0.249  data_time: 0.001  forward_time: 0.043  backward_time: 0.051  lr: 0.000097  max_mem: 11209M      
[2026-01-28 15:48:58]   epoch: [8/70]  step: [840/2078] (40.4%)  eta_epoch: 8:57  eta_total: 18:12:28  loss: 2.0351  time: 0.247  data_time: 0.001  forward_time: 0.011  backward_time: 0.069  lr: 0.000097  max_mem: 11209M      
[2026-01-28 15:49:03]   epoch: [8/70]  step: [850/2078] (40.9%)  eta_epoch: 8:52  eta_total: 18:12:15  loss: 2.0631  time: 0.248  data_time: 0.001  forward_time: 0.041  backward_time: 0.051  lr: 0.000097  max_mem: 11209M      
[2026-01-28 15:49:08]   epoch: [8/70]  step: [860/2078] (41.4%)  eta_epoch: 8:48  eta_total: 18:12:05  loss: 1.8139  time: 0.248  data_time: 0.002  forward_time: 0.022  backward_time: 0.059  lr: 0.000097  max_mem: 11209M      
[2026-01-28 15:49:14]   epoch: [8/70]  step: [870/2078] (41.9%)  eta_epoch: 8:44  eta_total: 18:11:51  loss: 1.8348  time: 0.247  data_time: 0.001  forward_time: 0.021  backward_time: 0.061  lr: 0.000097  max_mem: 11209M      
[2026-01-28 15:49:19]   epoch: [8/70]  step: [880/2078] (42.3%)  eta_epoch: 8:40  eta_total: 18:11:42  loss: 1.7467  time: 0.247  data_time: 0.001  forward_time: 0.016  backward_time: 0.064  lr: 0.000097  max_mem: 11209M      
[2026-01-28 15:49:25]   epoch: [8/70]  step: [890/2078] (42.8%)  eta_epoch: 8:36  eta_total: 18:11:30  loss: 1.4615  time: 0.247  data_time: 0.001  forward_time: 0.015  backward_time: 0.065  lr: 0.000097  max_mem: 11209M      
[2026-01-28 15:49:31]   epoch: [8/70]  step: [900/2078] (43.3%)  eta_epoch: 8:33  eta_total: 18:11:24  loss: 2.3065  time: 0.248  data_time: 0.001  forward_time: 0.034  backward_time: 0.051  lr: 0.000097  max_mem: 11209M      
[2026-01-28 15:49:36]   epoch: [8/70]  step: [910/2078] (43.8%)  eta_epoch: 8:28  eta_total: 18:11:10  loss: 1.8891  time: 0.247  data_time: 0.001  forward_time: 0.016  backward_time: 0.065  lr: 0.000097  max_mem: 11209M      
[2026-01-28 15:49:42]   epoch: [8/70]  step: [920/2078] (44.3%)  eta_epoch: 8:25  eta_total: 18:11:11  loss: 1.8207  time: 0.249  data_time: 0.002  forward_time: 0.040  backward_time: 0.053  lr: 0.000097  max_mem: 11209M      
[2026-01-28 15:49:47]   epoch: [8/70]  step: [930/2078] (44.8%)  eta_epoch: 8:20  eta_total: 18:11:01  loss: 1.6964  time: 0.248  data_time: 0.001  forward_time: 0.016  backward_time: 0.065  lr: 0.000097  max_mem: 11209M      
[2026-01-28 15:49:52]   epoch: [8/70]  step: [940/2078] (45.2%)  eta_epoch: 8:16  eta_total: 18:10:53  loss: 1.6877  time: 0.247  data_time: 0.001  forward_time: 0.016  backward_time: 0.064  lr: 0.000097  max_mem: 11209M      
[2026-01-28 15:49:57]   epoch: [8/70]  step: [950/2078] (45.7%)  eta_epoch: 8:11  eta_total: 18:10:38  loss: 1.7769  time: 0.247  data_time: 0.001  forward_time: 0.016  backward_time: 0.065  lr: 0.000097  max_mem: 11209M      
[2026-01-28 15:50:03]   epoch: [8/70]  step: [960/2078] (46.2%)  eta_epoch: 8:08  eta_total: 18:10:36  loss: 2.2105  time: 0.247  data_time: 0.001  forward_time: 0.016  backward_time: 0.067  lr: 0.000097  max_mem: 11209M      
[2026-01-28 15:50:08]   epoch: [8/70]  step: [970/2078] (46.7%)  eta_epoch: 8:03  eta_total: 18:10:21  loss: 1.6059  time: 0.247  data_time: 0.001  forward_time: 0.016  backward_time: 0.066  lr: 0.000097  max_mem: 11209M      
[2026-01-28 15:50:14]   epoch: [8/70]  step: [980/2078] (47.2%)  eta_epoch: 7:59  eta_total: 18:10:09  loss: 1.9089  time: 0.247  data_time: 0.001  forward_time: 0.017  backward_time: 0.064  lr: 0.000097  max_mem: 11209M      
[2026-01-28 15:50:18]   epoch: [8/70]  step: [990/2078] (47.6%)  eta_epoch: 7:54  eta_total: 18:09:55  loss: 1.8495  time: 0.247  data_time: 0.001  forward_time: 0.016  backward_time: 0.066  lr: 0.000097  max_mem: 11209M      
[2026-01-28 15:50:24]   epoch: [8/70]  step: [1000/2078] (48.1%)  eta_epoch: 7:50  eta_total: 18:09:51  loss: 1.7234  time: 0.249  data_time: 0.002  forward_time: 0.018  backward_time: 0.064  lr: 0.000097  max_mem: 11209M      
[2026-01-28 15:50:29]   epoch: [8/70]  step: [1010/2078] (48.6%)  eta_epoch: 7:46  eta_total: 18:09:44  loss: 1.7717  time: 0.249  data_time: 0.001  forward_time: 0.040  backward_time: 0.052  lr: 0.000097  max_mem: 11209M      
[2026-01-28 15:50:35]   epoch: [8/70]  step: [1020/2078] (49.1%)  eta_epoch: 7:42  eta_total: 18:09:41  loss: 2.1539  time: 0.247  data_time: 0.001  forward_time: 0.017  backward_time: 0.064  lr: 0.000097  max_mem: 11209M      
[2026-01-28 15:50:39]   epoch: [8/70]  step: [1030/2078] (49.6%)  eta_epoch: 7:37  eta_total: 18:09:33  loss: 1.5744  time: 0.248  data_time: 0.002  forward_time: 0.017  backward_time: 0.064  lr: 0.000097  max_mem: 11209M      
[2026-01-28 15:50:45]   epoch: [8/70]  step: [1040/2078] (50.0%)  eta_epoch: 7:33  eta_total: 18:09:30  loss: 2.0993  time: 0.247  data_time: 0.001  forward_time: 0.017  backward_time: 0.061  lr: 0.000097  max_mem: 11209M      
[2026-01-28 15:50:50]   epoch: [8/70]  step: [1050/2078] (50.5%)  eta_epoch: 7:29  eta_total: 18:09:15  loss: 1.8796  time: 0.248  data_time: 0.001  forward_time: 0.041  backward_time: 0.057  lr: 0.000097  max_mem: 11209M      
[2026-01-28 15:50:56]   epoch: [8/70]  step: [1060/2078] (51.0%)  eta_epoch: 7:25  eta_total: 18:09:04  loss: 1.7943  time: 0.248  data_time: 0.001  forward_time: 0.018  backward_time: 0.063  lr: 0.000097  max_mem: 11209M      
[2026-01-28 15:51:01]   epoch: [8/70]  step: [1070/2078] (51.5%)  eta_epoch: 7:20  eta_total: 18:08:52  loss: 1.8518  time: 0.249  data_time: 0.002  forward_time: 0.040  backward_time: 0.053  lr: 0.000097  max_mem: 11209M      
[2026-01-28 15:51:06]   epoch: [8/70]  step: [1080/2078] (52.0%)  eta_epoch: 7:16  eta_total: 18:08:40  loss: 1.9076  time: 0.247  data_time: 0.001  forward_time: 0.017  backward_time: 0.064  lr: 0.000097  max_mem: 11209M      
[2026-01-28 15:51:11]   epoch: [8/70]  step: [1090/2078] (52.5%)  eta_epoch: 7:11  eta_total: 18:08:28  loss: 1.7380  time: 0.247  data_time: 0.001  forward_time: 0.017  backward_time: 0.064  lr: 0.000097  max_mem: 11209M      
[2026-01-28 15:51:17]   epoch: [8/70]  step: [1100/2078] (52.9%)  eta_epoch: 7:07  eta_total: 18:08:16  loss: 2.0344  time: 0.247  data_time: 0.001  forward_time: 0.016  backward_time: 0.064  lr: 0.000097  max_mem: 11209M      
[2026-01-28 15:51:22]   epoch: [8/70]  step: [1110/2078] (53.4%)  eta_epoch: 7:03  eta_total: 18:08:09  loss: 1.6781  time: 0.247  data_time: 0.001  forward_time: 0.016  backward_time: 0.065  lr: 0.000097  max_mem: 11209M      
[2026-01-28 15:51:27]   epoch: [8/70]  step: [1120/2078] (53.9%)  eta_epoch: 6:59  eta_total: 18:07:56  loss: 1.7198  time: 0.248  data_time: 0.001  forward_time: 0.022  backward_time: 0.059  lr: 0.000097  max_mem: 11209M      
[2026-01-28 15:51:32]   epoch: [8/70]  step: [1130/2078] (54.4%)  eta_epoch: 6:54  eta_total: 18:07:44  loss: 1.9749  time: 0.247  data_time: 0.001  forward_time: 0.019  backward_time: 0.062  lr: 0.000097  max_mem: 11209M      
[2026-01-28 15:51:38]   epoch: [8/70]  step: [1140/2078] (54.9%)  eta_epoch: 6:50  eta_total: 18:07:33  loss: 1.8072  time: 0.247  data_time: 0.001  forward_time: 0.016  backward_time: 0.065  lr: 0.000097  max_mem: 11209M      
[2026-01-28 15:51:43]   epoch: [8/70]  step: [1150/2078] (55.3%)  eta_epoch: 6:46  eta_total: 18:07:26  loss: 1.9979  time: 0.247  data_time: 0.001  forward_time: 0.017  backward_time: 0.064  lr: 0.000097  max_mem: 11209M      
[2026-01-28 15:51:48]   epoch: [8/70]  step: [1160/2078] (55.8%)  eta_epoch: 6:41  eta_total: 18:07:14  loss: 2.0538  time: 0.248  data_time: 0.002  forward_time: 0.032  backward_time: 0.055  lr: 0.000097  max_mem: 11209M      
[2026-01-28 15:51:54]   epoch: [8/70]  step: [1170/2078] (56.3%)  eta_epoch: 6:37  eta_total: 18:07:13  loss: 1.8773  time: 0.249  data_time: 0.001  forward_time: 0.041  backward_time: 0.051  lr: 0.000097  max_mem: 11209M      
[2026-01-28 15:51:59]   epoch: [8/70]  step: [1180/2078] (56.8%)  eta_epoch: 6:33  eta_total: 18:07:02  loss: 1.6945  time: 0.247  data_time: 0.001  forward_time: 0.017  backward_time: 0.064  lr: 0.000097  max_mem: 11209M      
[2026-01-28 15:52:05]   epoch: [8/70]  step: [1190/2078] (57.3%)  eta_epoch: 6:29  eta_total: 18:06:56  loss: 1.8128  time: 0.248  data_time: 0.001  forward_time: 0.039  backward_time: 0.052  lr: 0.000097  max_mem: 11209M      
[2026-01-28 15:52:10]   epoch: [8/70]  step: [1200/2078] (57.7%)  eta_epoch: 6:24  eta_total: 18:06:45  loss: 1.7975  time: 0.247  data_time: 0.001  forward_time: 0.017  backward_time: 0.065  lr: 0.000097  max_mem: 11209M      
[2026-01-28 15:52:16]   epoch: [8/70]  step: [1210/2078] (58.2%)  eta_epoch: 6:20  eta_total: 18:06:37  loss: 2.1238  time: 0.248  data_time: 0.002  forward_time: 0.022  backward_time: 0.060  lr: 0.000097  max_mem: 11209M      
[2026-01-28 15:52:21]   epoch: [8/70]  step: [1220/2078] (58.7%)  eta_epoch: 6:16  eta_total: 18:06:19  loss: 2.2956  time: 0.248  data_time: 0.001  forward_time: 0.016  backward_time: 0.065  lr: 0.000097  max_mem: 11209M      
[2026-01-28 15:52:27]   epoch: [8/70]  step: [1230/2078] (59.2%)  eta_epoch: 6:12  eta_total: 18:06:12  loss: 1.6328  time: 0.247  data_time: 0.001  forward_time: 0.018  backward_time: 0.063  lr: 0.000097  max_mem: 11209M      
[2026-01-28 15:52:32]   epoch: [8/70]  step: [1240/2078] (59.7%)  eta_epoch: 6:07  eta_total: 18:05:58  loss: 1.9610  time: 0.248  data_time: 0.001  forward_time: 0.024  backward_time: 0.057  lr: 0.000097  max_mem: 11209M      
[2026-01-28 15:52:37]   epoch: [8/70]  step: [1250/2078] (60.2%)  eta_epoch: 6:03  eta_total: 18:05:52  loss: 1.8170  time: 0.247  data_time: 0.001  forward_time: 0.016  backward_time: 0.064  lr: 0.000097  max_mem: 11209M      
[2026-01-28 15:52:42]   epoch: [8/70]  step: [1260/2078] (60.6%)  eta_epoch: 5:58  eta_total: 18:05:39  loss: 2.0577  time: 0.247  data_time: 0.001  forward_time: 0.016  backward_time: 0.065  lr: 0.000097  max_mem: 11209M      
[2026-01-28 15:52:48]   epoch: [8/70]  step: [1270/2078] (61.1%)  eta_epoch: 5:54  eta_total: 18:05:38  loss: 1.6318  time: 0.247  data_time: 0.001  forward_time: 0.017  backward_time: 0.064  lr: 0.000097  max_mem: 11209M      
[2026-01-28 15:52:53]   epoch: [8/70]  step: [1280/2078] (61.6%)  eta_epoch: 5:50  eta_total: 18:05:25  loss: 1.7093  time: 0.247  data_time: 0.001  forward_time: 0.016  backward_time: 0.067  lr: 0.000097  max_mem: 11209M      
[2026-01-28 15:53:00]   epoch: [8/70]  step: [1290/2078] (62.1%)  eta_epoch: 5:46  eta_total: 18:05:16  loss: 1.8661  time: 0.247  data_time: 0.001  forward_time: 0.016  backward_time: 0.064  lr: 0.000097  max_mem: 11209M      
[2026-01-28 15:53:05]   epoch: [8/70]  step: [1300/2078] (62.6%)  eta_epoch: 5:41  eta_total: 18:05:05  loss: 1.6869  time: 0.247  data_time: 0.001  forward_time: 0.018  backward_time: 0.063  lr: 0.000097  max_mem: 11209M      
[2026-01-28 15:53:10]   epoch: [8/70]  step: [1310/2078] (63.0%)  eta_epoch: 5:37  eta_total: 18:05:04  loss: 1.9144  time: 0.247  data_time: 0.001  forward_time: 0.018  backward_time: 0.064  lr: 0.000097  max_mem: 11209M      
[2026-01-28 15:53:15]   epoch: [8/70]  step: [1320/2078] (63.5%)  eta_epoch: 5:33  eta_total: 18:04:48  loss: 1.6833  time: 0.247  data_time: 0.001  forward_time: 0.015  backward_time: 0.066  lr: 0.000097  max_mem: 11209M      
[2026-01-28 15:53:21]   epoch: [8/70]  step: [1330/2078] (64.0%)  eta_epoch: 5:29  eta_total: 18:04:44  loss: 2.1982  time: 0.248  data_time: 0.001  forward_time: 0.016  backward_time: 0.067  lr: 0.000097  max_mem: 11209M      
[2026-01-28 15:53:26]   epoch: [8/70]  step: [1340/2078] (64.5%)  eta_epoch: 5:24  eta_total: 18:04:32  loss: 1.7041  time: 0.247  data_time: 0.001  forward_time: 0.015  backward_time: 0.066  lr: 0.000097  max_mem: 11209M      
[2026-01-28 15:53:32]   epoch: [8/70]  step: [1350/2078] (65.0%)  eta_epoch: 5:20  eta_total: 18:04:26  loss: 1.9466  time: 0.247  data_time: 0.001  forward_time: 0.027  backward_time: 0.057  lr: 0.000097  max_mem: 11209M      
[2026-01-28 15:53:36]   epoch: [8/70]  step: [1360/2078] (65.4%)  eta_epoch: 5:15  eta_total: 18:04:05  loss: 1.9638  time: 0.247  data_time: 0.001  forward_time: 0.018  backward_time: 0.063  lr: 0.000097  max_mem: 11209M      
[2026-01-28 15:53:43]   epoch: [8/70]  step: [1370/2078] (65.9%)  eta_epoch: 5:11  eta_total: 18:04:01  loss: 1.9668  time: 0.247  data_time: 0.001  forward_time: 0.016  backward_time: 0.064  lr: 0.000097  max_mem: 11209M      
[2026-01-28 15:53:47]   epoch: [8/70]  step: [1380/2078] (66.4%)  eta_epoch: 5:07  eta_total: 18:03:49  loss: 1.9261  time: 0.248  data_time: 0.001  forward_time: 0.022  backward_time: 0.060  lr: 0.000097  max_mem: 11209M      
[2026-01-28 15:53:54]   epoch: [8/70]  step: [1390/2078] (66.9%)  eta_epoch: 5:03  eta_total: 18:03:44  loss: 1.5665  time: 0.248  data_time: 0.001  forward_time: 0.016  backward_time: 0.066  lr: 0.000097  max_mem: 11209M      
[2026-01-28 15:53:59]   epoch: [8/70]  step: [1400/2078] (67.4%)  eta_epoch: 4:58  eta_total: 18:03:32  loss: 1.9906  time: 0.247  data_time: 0.001  forward_time: 0.016  backward_time: 0.065  lr: 0.000097  max_mem: 11209M      
[2026-01-28 15:54:04]   epoch: [8/70]  step: [1410/2078] (67.9%)  eta_epoch: 4:54  eta_total: 18:03:25  loss: 1.9316  time: 0.248  data_time: 0.001  forward_time: 0.017  backward_time: 0.064  lr: 0.000097  max_mem: 11209M      
[2026-01-28 15:54:09]   epoch: [8/70]  step: [1420/2078] (68.3%)  eta_epoch: 4:49  eta_total: 18:03:09  loss: 1.6787  time: 0.247  data_time: 0.001  forward_time: 0.016  backward_time: 0.065  lr: 0.000097  max_mem: 11209M      
[2026-01-28 15:54:15]   epoch: [8/70]  step: [1430/2078] (68.8%)  eta_epoch: 4:45  eta_total: 18:03:01  loss: 1.6983  time: 0.248  data_time: 0.001  forward_time: 0.019  backward_time: 0.062  lr: 0.000097  max_mem: 11209M      
[2026-01-28 15:54:19]   epoch: [8/70]  step: [1440/2078] (69.3%)  eta_epoch: 4:40  eta_total: 18:02:46  loss: 1.6600  time: 0.247  data_time: 0.001  forward_time: 0.015  backward_time: 0.065  lr: 0.000097  max_mem: 11209M      
[2026-01-28 15:54:25]   epoch: [8/70]  step: [1450/2078] (69.8%)  eta_epoch: 4:36  eta_total: 18:02:38  loss: 1.9050  time: 0.247  data_time: 0.001  forward_time: 0.016  backward_time: 0.064  lr: 0.000097  max_mem: 11209M      
[2026-01-28 15:54:29]   epoch: [8/70]  step: [1460/2078] (70.3%)  eta_epoch: 4:32  eta_total: 18:02:29  loss: 2.2094  time: 0.247  data_time: 0.001  forward_time: 0.016  backward_time: 0.064  lr: 0.000097  max_mem: 11209M      
[2026-01-28 15:54:35]   epoch: [8/70]  step: [1470/2078] (70.7%)  eta_epoch: 4:27  eta_total: 18:02:21  loss: 1.5569  time: 0.247  data_time: 0.001  forward_time: 0.016  backward_time: 0.065  lr: 0.000097  max_mem: 11209M      
[2026-01-28 15:54:40]   epoch: [8/70]  step: [1480/2078] (71.2%)  eta_epoch: 4:23  eta_total: 18:02:17  loss: 1.6891  time: 0.249  data_time: 0.001  forward_time: 0.025  backward_time: 0.057  lr: 0.000097  max_mem: 11209M      
[2026-01-28 15:54:46]   epoch: [8/70]  step: [1490/2078] (71.7%)  eta_epoch: 4:19  eta_total: 18:02:13  loss: 2.1263  time: 0.248  data_time: 0.001  forward_time: 0.017  backward_time: 0.066  lr: 0.000097  max_mem: 11209M      
[2026-01-28 15:54:50]   epoch: [8/70]  step: [1500/2078] (72.2%)  eta_epoch: 4:14  eta_total: 18:02:01  loss: 2.1165  time: 0.247  data_time: 0.001  forward_time: 0.016  backward_time: 0.064  lr: 0.000097  max_mem: 11209M      
[2026-01-28 15:54:56]   epoch: [8/70]  step: [1510/2078] (72.7%)  eta_epoch: 4:10  eta_total: 18:01:51  loss: 1.9360  time: 0.248  data_time: 0.002  forward_time: 0.019  backward_time: 0.062  lr: 0.000097  max_mem: 11209M      
[2026-01-28 15:55:01]   epoch: [8/70]  step: [1520/2078] (73.1%)  eta_epoch: 4:05  eta_total: 18:01:39  loss: 1.8443  time: 0.247  data_time: 0.001  forward_time: 0.016  backward_time: 0.065  lr: 0.000097  max_mem: 11209M      
[2026-01-28 15:55:06]   epoch: [8/70]  step: [1530/2078] (73.6%)  eta_epoch: 4:01  eta_total: 18:01:25  loss: 1.8678  time: 0.247  data_time: 0.001  forward_time: 0.017  backward_time: 0.066  lr: 0.000097  max_mem: 11209M      
[2026-01-28 15:55:11]   epoch: [8/70]  step: [1540/2078] (74.1%)  eta_epoch: 3:56  eta_total: 18:01:10  loss: 1.9667  time: 0.249  data_time: 0.001  forward_time: 0.018  backward_time: 0.067  lr: 0.000097  max_mem: 11209M      
[2026-01-28 15:55:17]   epoch: [8/70]  step: [1550/2078] (74.6%)  eta_epoch: 3:52  eta_total: 18:01:03  loss: 1.9051  time: 0.248  data_time: 0.001  forward_time: 0.020  backward_time: 0.061  lr: 0.000097  max_mem: 11209M      
[2026-01-28 15:55:21]   epoch: [8/70]  step: [1560/2078] (75.1%)  eta_epoch: 3:47  eta_total: 18:00:48  loss: 1.7030  time: 0.247  data_time: 0.001  forward_time: 0.016  backward_time: 0.065  lr: 0.000097  max_mem: 11209M      
[2026-01-28 15:55:27]   epoch: [8/70]  step: [1570/2078] (75.6%)  eta_epoch: 3:43  eta_total: 18:00:43  loss: 1.8941  time: 0.248  data_time: 0.001  forward_time: 0.017  backward_time: 0.064  lr: 0.000097  max_mem: 11209M      
[2026-01-28 15:55:33]   epoch: [8/70]  step: [1580/2078] (76.0%)  eta_epoch: 3:39  eta_total: 18:00:33  loss: 1.6862  time: 0.248  data_time: 0.002  forward_time: 0.021  backward_time: 0.061  lr: 0.000097  max_mem: 11209M      
[2026-01-28 15:55:39]   epoch: [8/70]  step: [1590/2078] (76.5%)  eta_epoch: 3:35  eta_total: 18:00:33  loss: 1.5422  time: 0.248  data_time: 0.001  forward_time: 0.019  backward_time: 0.062  lr: 0.000097  max_mem: 11209M      
[2026-01-28 15:55:43]   epoch: [8/70]  step: [1600/2078] (77.0%)  eta_epoch: 3:30  eta_total: 18:00:19  loss: 2.0250  time: 0.247  data_time: 0.001  forward_time: 0.016  backward_time: 0.072  lr: 0.000097  max_mem: 11209M      
[2026-01-28 15:55:49]   epoch: [8/70]  step: [1610/2078] (77.5%)  eta_epoch: 3:26  eta_total: 18:00:13  loss: 2.1093  time: 0.248  data_time: 0.002  forward_time: 0.016  backward_time: 0.064  lr: 0.000097  max_mem: 11209M      
[2026-01-28 15:55:54]   epoch: [8/70]  step: [1620/2078] (78.0%)  eta_epoch: 3:21  eta_total: 18:00:02  loss: 1.6625  time: 0.247  data_time: 0.001  forward_time: 0.016  backward_time: 0.064  lr: 0.000097  max_mem: 11209M      
[2026-01-28 15:55:59]   epoch: [8/70]  step: [1630/2078] (78.4%)  eta_epoch: 3:17  eta_total: 17:59:53  loss: 1.8737  time: 0.247  data_time: 0.001  forward_time: 0.017  backward_time: 0.064  lr: 0.000097  max_mem: 11209M      
[2026-01-28 15:56:04]   epoch: [8/70]  step: [1640/2078] (78.9%)  eta_epoch: 3:12  eta_total: 17:59:36  loss: 1.8277  time: 0.248  data_time: 0.001  forward_time: 0.017  backward_time: 0.064  lr: 0.000097  max_mem: 11209M      
[2026-01-28 15:56:09]   epoch: [8/70]  step: [1650/2078] (79.4%)  eta_epoch: 3:08  eta_total: 17:59:30  loss: 1.6850  time: 0.247  data_time: 0.002  forward_time: 0.017  backward_time: 0.064  lr: 0.000097  max_mem: 11209M      
[2026-01-28 15:56:14]   epoch: [8/70]  step: [1660/2078] (79.9%)  eta_epoch: 3:03  eta_total: 17:59:17  loss: 1.7339  time: 0.248  data_time: 0.001  forward_time: 0.017  backward_time: 0.064  lr: 0.000097  max_mem: 11209M      
[2026-01-28 15:56:19]   epoch: [8/70]  step: [1670/2078] (80.4%)  eta_epoch: 2:59  eta_total: 17:59:08  loss: 2.2573  time: 0.247  data_time: 0.001  forward_time: 0.017  backward_time: 0.067  lr: 0.000097  max_mem: 11209M      
[2026-01-28 15:56:24]   epoch: [8/70]  step: [1680/2078] (80.8%)  eta_epoch: 2:55  eta_total: 17:58:55  loss: 2.1392  time: 0.248  data_time: 0.001  forward_time: 0.017  backward_time: 0.064  lr: 0.000097  max_mem: 11209M      
[2026-01-28 15:56:29]   epoch: [8/70]  step: [1690/2078] (81.3%)  eta_epoch: 2:50  eta_total: 17:58:44  loss: 1.4644  time: 0.247  data_time: 0.001  forward_time: 0.017  backward_time: 0.064  lr: 0.000097  max_mem: 11209M      
[2026-01-28 15:56:34]   epoch: [8/70]  step: [1700/2078] (81.8%)  eta_epoch: 2:46  eta_total: 17:58:28  loss: 1.8486  time: 0.247  data_time: 0.001  forward_time: 0.016  backward_time: 0.065  lr: 0.000097  max_mem: 11209M      
[2026-01-28 15:56:39]   epoch: [8/70]  step: [1710/2078] (82.3%)  eta_epoch: 2:41  eta_total: 17:58:21  loss: 1.8572  time: 0.247  data_time: 0.001  forward_time: 0.016  backward_time: 0.065  lr: 0.000097  max_mem: 11209M      
[2026-01-28 15:56:43]   epoch: [8/70]  step: [1720/2078] (82.8%)  eta_epoch: 2:37  eta_total: 17:58:09  loss: 1.9648  time: 0.247  data_time: 0.001  forward_time: 0.017  backward_time: 0.064  lr: 0.000097  max_mem: 11209M      
[2026-01-28 15:56:49]   epoch: [8/70]  step: [1730/2078] (83.3%)  eta_epoch: 2:33  eta_total: 17:58:07  loss: 1.7493  time: 0.248  data_time: 0.001  forward_time: 0.023  backward_time: 0.058  lr: 0.000097  max_mem: 11209M      
[2026-01-28 15:56:54]   epoch: [8/70]  step: [1740/2078] (83.7%)  eta_epoch: 2:28  eta_total: 17:57:57  loss: 2.0015  time: 0.250  data_time: 0.001  forward_time: 0.018  backward_time: 0.063  lr: 0.000097  max_mem: 11209M      
[2026-01-28 15:56:59]   epoch: [8/70]  step: [1750/2078] (84.2%)  eta_epoch: 2:24  eta_total: 17:57:48  loss: 1.6998  time: 0.247  data_time: 0.001  forward_time: 0.016  backward_time: 0.065  lr: 0.000097  max_mem: 11209M      
[2026-01-28 15:57:04]   epoch: [8/70]  step: [1760/2078] (84.7%)  eta_epoch: 2:19  eta_total: 17:57:31  loss: 1.4630  time: 0.247  data_time: 0.001  forward_time: 0.018  backward_time: 0.060  lr: 0.000097  max_mem: 11209M      
[2026-01-28 15:57:09]   epoch: [8/70]  step: [1770/2078] (85.2%)  eta_epoch: 2:15  eta_total: 17:57:21  loss: 1.6744  time: 0.248  data_time: 0.002  forward_time: 0.020  backward_time: 0.062  lr: 0.000097  max_mem: 11209M      
[2026-01-28 15:57:14]   epoch: [8/70]  step: [1780/2078] (85.7%)  eta_epoch: 2:10  eta_total: 17:57:02  loss: 1.8990  time: 0.247  data_time: 0.001  forward_time: 0.015  backward_time: 0.065  lr: 0.000097  max_mem: 11209M      
[2026-01-28 15:57:19]   epoch: [8/70]  step: [1790/2078] (86.1%)  eta_epoch: 2:06  eta_total: 17:56:50  loss: 2.0239  time: 0.247  data_time: 0.001  forward_time: 0.016  backward_time: 0.065  lr: 0.000097  max_mem: 11209M      
[2026-01-28 15:57:23]   epoch: [8/70]  step: [1800/2078] (86.6%)  eta_epoch: 2:01  eta_total: 17:56:35  loss: 1.8482  time: 0.247  data_time: 0.001  forward_time: 0.016  backward_time: 0.065  lr: 0.000097  max_mem: 11209M      
[2026-01-28 15:57:29]   epoch: [8/70]  step: [1810/2078] (87.1%)  eta_epoch: 1:57  eta_total: 17:56:34  loss: 1.6267  time: 0.248  data_time: 0.001  forward_time: 0.019  backward_time: 0.061  lr: 0.000097  max_mem: 11209M      
[2026-01-28 15:57:33]   epoch: [8/70]  step: [1820/2078] (87.6%)  eta_epoch: 1:53  eta_total: 17:56:18  loss: 1.9460  time: 0.247  data_time: 0.001  forward_time: 0.016  backward_time: 0.065  lr: 0.000097  max_mem: 11209M      
[2026-01-28 15:57:39]   epoch: [8/70]  step: [1830/2078] (88.1%)  eta_epoch: 1:48  eta_total: 17:56:11  loss: 1.8890  time: 0.247  data_time: 0.001  forward_time: 0.017  backward_time: 0.064  lr: 0.000097  max_mem: 11209M      
[2026-01-28 15:57:44]   epoch: [8/70]  step: [1840/2078] (88.5%)  eta_epoch: 1:44  eta_total: 17:55:57  loss: 1.6644  time: 0.247  data_time: 0.001  forward_time: 0.016  backward_time: 0.065  lr: 0.000097  max_mem: 11209M      
[2026-01-28 15:57:49]   epoch: [8/70]  step: [1850/2078] (89.0%)  eta_epoch: 1:40  eta_total: 17:55:49  loss: 1.9749  time: 0.247  data_time: 0.001  forward_time: 0.019  backward_time: 0.062  lr: 0.000097  max_mem: 11209M      
[2026-01-28 15:57:54]   epoch: [8/70]  step: [1860/2078] (89.5%)  eta_epoch: 1:35  eta_total: 17:55:27  loss: 1.6443  time: 0.248  data_time: 0.001  forward_time: 0.016  backward_time: 0.066  lr: 0.000097  max_mem: 11209M      
[2026-01-28 15:57:59]   epoch: [8/70]  step: [1870/2078] (90.0%)  eta_epoch: 1:31  eta_total: 17:55:19  loss: 1.8599  time: 0.247  data_time: 0.001  forward_time: 0.016  backward_time: 0.064  lr: 0.000097  max_mem: 11209M      
[2026-01-28 15:58:04]   epoch: [8/70]  step: [1880/2078] (90.5%)  eta_epoch: 1:26  eta_total: 17:55:05  loss: 1.7372  time: 0.247  data_time: 0.001  forward_time: 0.013  backward_time: 0.064  lr: 0.000097  max_mem: 11209M      
[2026-01-28 15:58:10]   epoch: [8/70]  step: [1890/2078] (91.0%)  eta_epoch: 1:22  eta_total: 17:55:02  loss: 1.9170  time: 0.247  data_time: 0.001  forward_time: 0.012  backward_time: 0.071  lr: 0.000097  max_mem: 11209M      
[2026-01-28 15:58:15]   epoch: [8/70]  step: [1900/2078] (91.4%)  eta_epoch: 1:18  eta_total: 17:54:50  loss: 2.0039  time: 0.247  data_time: 0.002  forward_time: 0.016  backward_time: 0.065  lr: 0.000097  max_mem: 11209M      
[2026-01-28 15:58:21]   epoch: [8/70]  step: [1910/2078] (91.9%)  eta_epoch: 1:13  eta_total: 17:54:48  loss: 1.7385  time: 0.248  data_time: 0.001  forward_time: 0.017  backward_time: 0.064  lr: 0.000097  max_mem: 11209M      
[2026-01-28 15:58:25]   epoch: [8/70]  step: [1920/2078] (92.4%)  eta_epoch: 1:09  eta_total: 17:54:36  loss: 1.9372  time: 0.248  data_time: 0.001  forward_time: 0.029  backward_time: 0.050  lr: 0.000097  max_mem: 11209M      
[2026-01-28 15:58:31]   epoch: [8/70]  step: [1930/2078] (92.9%)  eta_epoch: 1:04  eta_total: 17:54:29  loss: 1.9438  time: 0.247  data_time: 0.001  forward_time: 0.016  backward_time: 0.064  lr: 0.000097  max_mem: 11209M      
[2026-01-28 15:58:35]   epoch: [8/70]  step: [1940/2078] (93.4%)  eta_epoch: 1:00  eta_total: 17:54:14  loss: 1.7744  time: 0.248  data_time: 0.002  forward_time: 0.020  backward_time: 0.062  lr: 0.000097  max_mem: 11209M      
[2026-01-28 15:58:41]   epoch: [8/70]  step: [1950/2078] (93.8%)  eta_epoch: 0:56  eta_total: 17:54:04  loss: 1.9629  time: 0.247  data_time: 0.001  forward_time: 0.020  backward_time: 0.063  lr: 0.000097  max_mem: 11209M      
[2026-01-28 15:58:46]   epoch: [8/70]  step: [1960/2078] (94.3%)  eta_epoch: 0:51  eta_total: 17:53:50  loss: 1.5569  time: 0.247  data_time: 0.001  forward_time: 0.016  backward_time: 0.065  lr: 0.000097  max_mem: 11209M      
[2026-01-28 15:58:51]   epoch: [8/70]  step: [1970/2078] (94.8%)  eta_epoch: 0:47  eta_total: 17:53:42  loss: 1.5632  time: 0.247  data_time: 0.001  forward_time: 0.017  backward_time: 0.064  lr: 0.000097  max_mem: 11209M      
[2026-01-28 15:58:56]   epoch: [8/70]  step: [1980/2078] (95.3%)  eta_epoch: 0:42  eta_total: 17:53:29  loss: 1.7201  time: 0.247  data_time: 0.001  forward_time: 0.017  backward_time: 0.063  lr: 0.000097  max_mem: 11209M      
[2026-01-28 15:59:02]   epoch: [8/70]  step: [1990/2078] (95.8%)  eta_epoch: 0:38  eta_total: 17:53:21  loss: 1.7806  time: 0.247  data_time: 0.001  forward_time: 0.016  backward_time: 0.064  lr: 0.000097  max_mem: 11209M      
[2026-01-28 15:59:06]   epoch: [8/70]  step: [2000/2078] (96.2%)  eta_epoch: 0:34  eta_total: 17:53:08  loss: 1.8601  time: 0.247  data_time: 0.001  forward_time: 0.016  backward_time: 0.070  lr: 0.000097  max_mem: 11209M      
[2026-01-28 15:59:12]   epoch: [8/70]  step: [2010/2078] (96.7%)  eta_epoch: 0:29  eta_total: 17:53:00  loss: 1.7282  time: 0.248  data_time: 0.001  forward_time: 0.016  backward_time: 0.065  lr: 0.000097  max_mem: 11209M      
[2026-01-28 15:59:16]   epoch: [8/70]  step: [2020/2078] (97.2%)  eta_epoch: 0:25  eta_total: 17:52:45  loss: 1.6617  time: 0.247  data_time: 0.001  forward_time: 0.018  backward_time: 0.063  lr: 0.000097  max_mem: 11209M      
[2026-01-28 15:59:22]   epoch: [8/70]  step: [2030/2078] (97.7%)  eta_epoch: 0:21  eta_total: 17:52:41  loss: 1.9630  time: 0.247  data_time: 0.001  forward_time: 0.017  backward_time: 0.064  lr: 0.000097  max_mem: 11209M      
[2026-01-28 15:59:26]   epoch: [8/70]  step: [2040/2078] (98.2%)  eta_epoch: 0:16  eta_total: 17:52:27  loss: 1.6410  time: 0.248  data_time: 0.001  forward_time: 0.020  backward_time: 0.061  lr: 0.000097  max_mem: 11209M      
[2026-01-28 15:59:32]   epoch: [8/70]  step: [2050/2078] (98.7%)  eta_epoch: 0:12  eta_total: 17:52:21  loss: 1.8365  time: 0.247  data_time: 0.001  forward_time: 0.016  backward_time: 0.064  lr: 0.000097  max_mem: 11209M      
[2026-01-28 15:59:36]   epoch: [8/70]  step: [2060/2078] (99.1%)  eta_epoch: 0:07  eta_total: 17:52:05  loss: 1.9973  time: 0.247  data_time: 0.001  forward_time: 0.017  backward_time: 0.063  lr: 0.000097  max_mem: 11209M      
[2026-01-28 15:59:41]   epoch: [8/70]  step: [2070/2078] (99.6%)  eta_epoch: 0:03  eta_total: 17:52:02  loss: 2.0931  time: 0.257  data_time: 0.001  forward_time: 0.051  backward_time: 0.093  lr: 0.000097  max_mem: 11209M      
[2026-01-28 15:59:45]   epoch: [8/70]  step: [2078/2078] (100.0%)  eta_epoch: 0:00  eta_total: 17:50:03  loss: 1.7405  time: 0.110  data_time: 0.001  forward_time: 0.015  backward_time: 0.049  lr: 0.000097  max_mem: 11209M      
[2026-01-28 15:59:45]   [epoch 8 training completed] avg_loss: 1.8345  epoch_time: 1078.59s  avg_data_time: 0.001s  avg_forward_time: 0.025s  avg_backward_time: 0.060s  avg_step_time: 0.245s  throughput: 92.5 samples/s    
[2026-01-28 15:59:45]   Validating epoch[8/70]...    
[2026-01-28 16:02:25]   
============================================================    
[2026-01-28 16:02:25]   [Epoch 8/70] Validation Results:    
[2026-01-28 16:02:25]     Train Loss:     1.8345    
[2026-01-28 16:02:25]     Top-1 Acc:       0.4837 (48.37%)    
[2026-01-28 16:02:25]     Top-5 Acc:       0.8454 (84.54%)    
[2026-01-28 16:02:25]     Precision:      0.4301    
[2026-01-28 16:02:25]     Recall:          0.4845    
[2026-01-28 16:02:25]     Specificity:     0.9761    
[2026-01-28 16:02:25]     F1-Score:        0.4295    
[2026-01-28 16:02:25]     AUC:             0.8563    
[2026-01-28 16:02:25]     Overall Acc:     0.4845    
[2026-01-28 16:02:25]   ============================================================
    
[2026-01-28 16:02:25]   
Saving checkpoint...    
[2026-01-28 16:02:41]   epoch: [9/70]  step: [10/2078] (0.5%)  eta_epoch: 17:56  eta_total: 18:05:13  loss: 1.7039  time: 0.247  data_time: 0.001  forward_time: 0.017  backward_time: 0.064  lr: 0.000097  max_mem: 11209M      
[2026-01-28 16:02:45]   epoch: [9/70]  step: [20/2078] (1.0%)  eta_epoch: 15:22  eta_total: 18:04:53  loss: 1.8252  time: 0.247  data_time: 0.001  forward_time: 0.016  backward_time: 0.064  lr: 0.000097  max_mem: 11209M      
[2026-01-28 16:02:50]   epoch: [9/70]  step: [30/2078] (1.4%)  eta_epoch: 15:06  eta_total: 18:04:38  loss: 1.9641  time: 0.247  data_time: 0.001  forward_time: 0.017  backward_time: 0.067  lr: 0.000097  max_mem: 11209M      
[2026-01-28 16:02:55]   epoch: [9/70]  step: [40/2078] (1.9%)  eta_epoch: 14:41  eta_total: 18:04:22  loss: 1.6866  time: 0.247  data_time: 0.001  forward_time: 0.018  backward_time: 0.062  lr: 0.000097  max_mem: 11209M      
[2026-01-28 16:03:00]   epoch: [9/70]  step: [50/2078] (2.4%)  eta_epoch: 14:38  eta_total: 18:05:46  loss: 2.0610  time: 0.247  data_time: 0.001  forward_time: 0.017  backward_time: 0.064  lr: 0.000097  max_mem: 11209M      
[2026-01-28 16:03:04]   epoch: [9/70]  step: [60/2078] (2.9%)  eta_epoch: 14:15  eta_total: 18:05:29  loss: 1.7796  time: 0.247  data_time: 0.001  forward_time: 0.015  backward_time: 0.065  lr: 0.000097  max_mem: 11209M      
[2026-01-28 16:03:10]   epoch: [9/70]  step: [70/2078] (3.4%)  eta_epoch: 14:20  eta_total: 18:05:23  loss: 1.9828  time: 0.247  data_time: 0.001  forward_time: 0.018  backward_time: 0.064  lr: 0.000097  max_mem: 11209M      
[2026-01-28 16:03:14]   epoch: [9/70]  step: [80/2078] (3.8%)  eta_epoch: 14:03  eta_total: 18:05:13  loss: 1.8509  time: 0.247  data_time: 0.001  forward_time: 0.018  backward_time: 0.063  lr: 0.000097  max_mem: 11209M      
[2026-01-28 16:03:19]   epoch: [9/70]  step: [90/2078] (4.3%)  eta_epoch: 14:04  eta_total: 18:05:09  loss: 1.4088  time: 0.248  data_time: 0.001  forward_time: 0.040  backward_time: 0.044  lr: 0.000097  max_mem: 11209M      
[2026-01-28 16:03:24]   epoch: [9/70]  step: [100/2078] (4.8%)  eta_epoch: 13:51  eta_total: 18:04:58  loss: 1.7179  time: 0.248  data_time: 0.001  forward_time: 0.017  backward_time: 0.065  lr: 0.000097  max_mem: 11209M      
[2026-01-28 16:03:29]   epoch: [9/70]  step: [110/2078] (5.3%)  eta_epoch: 13:51  eta_total: 18:04:52  loss: 1.8952  time: 0.247  data_time: 0.001  forward_time: 0.016  backward_time: 0.065  lr: 0.000097  max_mem: 11209M      
[2026-01-28 16:03:33]   epoch: [9/70]  step: [120/2078] (5.8%)  eta_epoch: 13:39  eta_total: 18:04:41  loss: 1.7939  time: 0.247  data_time: 0.001  forward_time: 0.017  backward_time: 0.064  lr: 0.000097  max_mem: 11209M      
[2026-01-28 16:03:38]   epoch: [9/70]  step: [130/2078] (6.3%)  eta_epoch: 13:38  eta_total: 18:04:30  loss: 1.6309  time: 0.248  data_time: 0.001  forward_time: 0.021  backward_time: 0.060  lr: 0.000097  max_mem: 11209M      
[2026-01-28 16:03:43]   epoch: [9/70]  step: [140/2078] (6.7%)  eta_epoch: 13:34  eta_total: 18:04:19  loss: 1.9004  time: 0.247  data_time: 0.001  forward_time: 0.016  backward_time: 0.065  lr: 0.000097  max_mem: 11209M      
[2026-01-28 16:03:48]   epoch: [9/70]  step: [150/2078] (7.2%)  eta_epoch: 13:24  eta_total: 18:04:05  loss: 1.7837  time: 0.248  data_time: 0.001  forward_time: 0.018  backward_time: 0.062  lr: 0.000097  max_mem: 11209M      
[2026-01-28 16:03:53]   epoch: [9/70]  step: [160/2078] (7.7%)  eta_epoch: 13:22  eta_total: 18:03:58  loss: 1.8799  time: 0.247  data_time: 0.001  forward_time: 0.016  backward_time: 0.064  lr: 0.000097  max_mem: 11209M      
[2026-01-28 16:03:58]   epoch: [9/70]  step: [170/2078] (8.2%)  eta_epoch: 13:17  eta_total: 18:03:54  loss: 1.9049  time: 0.248  data_time: 0.001  forward_time: 0.019  backward_time: 0.062  lr: 0.000097  max_mem: 11209M      
[2026-01-28 16:04:03]   epoch: [9/70]  step: [180/2078] (8.7%)  eta_epoch: 13:13  eta_total: 18:03:43  loss: 1.4702  time: 0.248  data_time: 0.001  forward_time: 0.016  backward_time: 0.065  lr: 0.000097  max_mem: 11209M      
[2026-01-28 16:04:07]   epoch: [9/70]  step: [190/2078] (9.1%)  eta_epoch: 13:08  eta_total: 18:03:34  loss: 1.9754  time: 0.248  data_time: 0.002  forward_time: 0.017  backward_time: 0.064  lr: 0.000097  max_mem: 11209M      
[2026-01-28 16:04:12]   epoch: [9/70]  step: [200/2078] (9.6%)  eta_epoch: 13:00  eta_total: 18:03:26  loss: 1.8000  time: 0.248  data_time: 0.001  forward_time: 0.020  backward_time: 0.061  lr: 0.000097  max_mem: 11209M      
[2026-01-28 16:04:16]   epoch: [9/70]  step: [210/2078] (10.1%)  eta_epoch: 12:56  eta_total: 18:03:16  loss: 1.5920  time: 0.248  data_time: 0.001  forward_time: 0.024  backward_time: 0.059  lr: 0.000097  max_mem: 11209M      
[2026-01-28 16:04:21]   epoch: [9/70]  step: [220/2078] (10.6%)  eta_epoch: 12:51  eta_total: 18:02:55  loss: 1.6672  time: 0.247  data_time: 0.001  forward_time: 0.016  backward_time: 0.064  lr: 0.000097  max_mem: 11209M      
[2026-01-28 16:04:26]   epoch: [9/70]  step: [230/2078] (11.1%)  eta_epoch: 12:45  eta_total: 18:02:44  loss: 2.0111  time: 0.248  data_time: 0.001  forward_time: 0.039  backward_time: 0.054  lr: 0.000097  max_mem: 11209M      
[2026-01-28 16:04:31]   epoch: [9/70]  step: [240/2078] (11.5%)  eta_epoch: 12:40  eta_total: 18:02:29  loss: 1.4871  time: 0.248  data_time: 0.001  forward_time: 0.016  backward_time: 0.065  lr: 0.000097  max_mem: 11209M      
[2026-01-28 16:04:36]   epoch: [9/70]  step: [250/2078] (12.0%)  eta_epoch: 12:37  eta_total: 18:02:20  loss: 1.9084  time: 0.249  data_time: 0.001  forward_time: 0.041  backward_time: 0.054  lr: 0.000097  max_mem: 11209M      
[2026-01-28 16:04:41]   epoch: [9/70]  step: [260/2078] (12.5%)  eta_epoch: 12:33  eta_total: 18:02:10  loss: 1.7691  time: 0.248  data_time: 0.002  forward_time: 0.018  backward_time: 0.063  lr: 0.000097  max_mem: 11209M      
[2026-01-28 16:04:45]   epoch: [9/70]  step: [270/2078] (13.0%)  eta_epoch: 12:28  eta_total: 18:02:00  loss: 1.9126  time: 0.248  data_time: 0.001  forward_time: 0.016  backward_time: 0.065  lr: 0.000097  max_mem: 11209M      
[2026-01-28 16:04:51]   epoch: [9/70]  step: [280/2078] (13.5%)  eta_epoch: 12:26  eta_total: 18:01:48  loss: 1.6312  time: 0.247  data_time: 0.001  forward_time: 0.018  backward_time: 0.063  lr: 0.000097  max_mem: 11209M      
[2026-01-28 16:04:55]   epoch: [9/70]  step: [290/2078] (14.0%)  eta_epoch: 12:20  eta_total: 18:01:29  loss: 2.0688  time: 0.248  data_time: 0.001  forward_time: 0.016  backward_time: 0.065  lr: 0.000097  max_mem: 11209M      
[2026-01-28 16:05:00]   epoch: [9/70]  step: [300/2078] (14.4%)  eta_epoch: 12:17  eta_total: 18:01:10  loss: 1.9513  time: 0.248  data_time: 0.001  forward_time: 0.018  backward_time: 0.064  lr: 0.000097  max_mem: 11209M      
[2026-01-28 16:05:04]   epoch: [9/70]  step: [310/2078] (14.9%)  eta_epoch: 12:10  eta_total: 18:00:52  loss: 1.9170  time: 0.247  data_time: 0.002  forward_time: 0.016  backward_time: 0.065  lr: 0.000097  max_mem: 11209M      
[2026-01-28 16:05:10]   epoch: [9/70]  step: [320/2078] (15.4%)  eta_epoch: 12:07  eta_total: 18:00:41  loss: 1.8877  time: 0.248  data_time: 0.001  forward_time: 0.020  backward_time: 0.061  lr: 0.000097  max_mem: 11209M      
[2026-01-28 16:05:14]   epoch: [9/70]  step: [330/2078] (15.9%)  eta_epoch: 12:02  eta_total: 18:00:25  loss: 2.0303  time: 0.247  data_time: 0.001  forward_time: 0.016  backward_time: 0.065  lr: 0.000097  max_mem: 11209M      
[2026-01-28 16:05:19]   epoch: [9/70]  step: [340/2078] (16.4%)  eta_epoch: 11:59  eta_total: 18:00:17  loss: 1.8627  time: 0.248  data_time: 0.001  forward_time: 0.016  backward_time: 0.064  lr: 0.000097  max_mem: 11209M      
[2026-01-28 16:05:24]   epoch: [9/70]  step: [350/2078] (16.8%)  eta_epoch: 11:53  eta_total: 18:00:02  loss: 1.8579  time: 0.247  data_time: 0.001  forward_time: 0.016  backward_time: 0.065  lr: 0.000097  max_mem: 11209M      
[2026-01-28 16:05:29]   epoch: [9/70]  step: [360/2078] (17.3%)  eta_epoch: 11:52  eta_total: 17:59:54  loss: 1.7909  time: 0.247  data_time: 0.001  forward_time: 0.018  backward_time: 0.063  lr: 0.000097  max_mem: 11209M      
[2026-01-28 16:05:34]   epoch: [9/70]  step: [370/2078] (17.8%)  eta_epoch: 11:46  eta_total: 17:59:37  loss: 2.1034  time: 0.247  data_time: 0.001  forward_time: 0.015  backward_time: 0.065  lr: 0.000097  max_mem: 11209M      
[2026-01-28 16:05:39]   epoch: [9/70]  step: [380/2078] (18.3%)  eta_epoch: 11:43  eta_total: 17:59:29  loss: 2.0820  time: 0.247  data_time: 0.001  forward_time: 0.016  backward_time: 0.064  lr: 0.000097  max_mem: 11209M      
[2026-01-28 16:05:43]   epoch: [9/70]  step: [390/2078] (18.8%)  eta_epoch: 11:37  eta_total: 17:59:14  loss: 1.5133  time: 0.247  data_time: 0.001  forward_time: 0.011  backward_time: 0.069  lr: 0.000097  max_mem: 11209M      
[2026-01-28 16:05:48]   epoch: [9/70]  step: [400/2078] (19.2%)  eta_epoch: 11:34  eta_total: 17:59:05  loss: 1.7685  time: 0.247  data_time: 0.001  forward_time: 0.016  backward_time: 0.066  lr: 0.000097  max_mem: 11209M      
[2026-01-28 16:05:53]   epoch: [9/70]  step: [410/2078] (19.7%)  eta_epoch: 11:29  eta_total: 17:58:51  loss: 1.4790  time: 0.247  data_time: 0.001  forward_time: 0.015  backward_time: 0.065  lr: 0.000097  max_mem: 11209M      
[2026-01-28 16:05:58]   epoch: [9/70]  step: [420/2078] (20.2%)  eta_epoch: 11:26  eta_total: 17:58:46  loss: 1.3184  time: 0.248  data_time: 0.002  forward_time: 0.020  backward_time: 0.062  lr: 0.000097  max_mem: 11209M      
[2026-01-28 16:06:03]   epoch: [9/70]  step: [430/2078] (20.7%)  eta_epoch: 11:22  eta_total: 17:58:41  loss: 1.6657  time: 0.248  data_time: 0.001  forward_time: 0.016  backward_time: 0.065  lr: 0.000097  max_mem: 11209M      
[2026-01-28 16:06:08]   epoch: [9/70]  step: [440/2078] (21.2%)  eta_epoch: 11:19  eta_total: 17:58:34  loss: 1.9201  time: 0.247  data_time: 0.001  forward_time: 0.017  backward_time: 0.064  lr: 0.000097  max_mem: 11209M      
[2026-01-28 16:06:12]   epoch: [9/70]  step: [450/2078] (21.7%)  eta_epoch: 11:13  eta_total: 17:58:21  loss: 1.6814  time: 0.248  data_time: 0.001  forward_time: 0.022  backward_time: 0.057  lr: 0.000097  max_mem: 11209M      
[2026-01-28 16:06:17]   epoch: [9/70]  step: [460/2078] (22.1%)  eta_epoch: 11:09  eta_total: 17:58:09  loss: 1.9021  time: 0.248  data_time: 0.001  forward_time: 0.018  backward_time: 0.063  lr: 0.000097  max_mem: 11209M      
[2026-01-28 16:06:22]   epoch: [9/70]  step: [470/2078] (22.6%)  eta_epoch: 11:04  eta_total: 17:57:49  loss: 1.5064  time: 0.247  data_time: 0.001  forward_time: 0.016  backward_time: 0.065  lr: 0.000097  max_mem: 11209M      
[2026-01-28 16:06:27]   epoch: [9/70]  step: [480/2078] (23.1%)  eta_epoch: 11:00  eta_total: 17:57:28  loss: 1.7349  time: 0.247  data_time: 0.001  forward_time: 0.016  backward_time: 0.064  lr: 0.000097  max_mem: 11209M      
[2026-01-28 16:06:31]   epoch: [9/70]  step: [490/2078] (23.6%)  eta_epoch: 10:54  eta_total: 17:57:10  loss: 1.5697  time: 0.248  data_time: 0.001  forward_time: 0.023  backward_time: 0.058  lr: 0.000097  max_mem: 11209M      
[2026-01-28 16:06:35]   epoch: [9/70]  step: [500/2078] (24.1%)  eta_epoch: 10:50  eta_total: 17:56:59  loss: 2.0750  time: 0.248  data_time: 0.001  forward_time: 0.016  backward_time: 0.064  lr: 0.000097  max_mem: 11209M      
[2026-01-28 16:06:40]   epoch: [9/70]  step: [510/2078] (24.5%)  eta_epoch: 10:44  eta_total: 17:56:44  loss: 2.2391  time: 0.247  data_time: 0.001  forward_time: 0.016  backward_time: 0.065  lr: 0.000097  max_mem: 11209M      
[2026-01-28 16:06:45]   epoch: [9/70]  step: [520/2078] (25.0%)  eta_epoch: 10:40  eta_total: 17:56:34  loss: 1.6845  time: 0.248  data_time: 0.001  forward_time: 0.016  backward_time: 0.064  lr: 0.000097  max_mem: 11209M      
[2026-01-28 16:06:49]   epoch: [9/70]  step: [530/2078] (25.5%)  eta_epoch: 10:35  eta_total: 17:56:18  loss: 1.7832  time: 0.248  data_time: 0.001  forward_time: 0.015  backward_time: 0.073  lr: 0.000097  max_mem: 11209M      
[2026-01-28 16:06:53]   epoch: [9/70]  step: [540/2078] (26.0%)  eta_epoch: 10:31  eta_total: 17:56:06  loss: 1.9545  time: 0.247  data_time: 0.001  forward_time: 0.017  backward_time: 0.067  lr: 0.000097  max_mem: 11209M      
[2026-01-28 16:06:58]   epoch: [9/70]  step: [550/2078] (26.5%)  eta_epoch: 10:26  eta_total: 17:55:53  loss: 1.6332  time: 0.249  data_time: 0.001  forward_time: 0.039  backward_time: 0.056  lr: 0.000097  max_mem: 11209M      
[2026-01-28 16:07:03]   epoch: [9/70]  step: [560/2078] (26.9%)  eta_epoch: 10:22  eta_total: 17:55:49  loss: 1.9783  time: 0.248  data_time: 0.001  forward_time: 0.017  backward_time: 0.065  lr: 0.000097  max_mem: 11209M      
[2026-01-28 16:07:07]   epoch: [9/70]  step: [570/2078] (27.4%)  eta_epoch: 10:17  eta_total: 17:55:36  loss: 1.8756  time: 0.248  data_time: 0.001  forward_time: 0.017  backward_time: 0.064  lr: 0.000097  max_mem: 11209M      
[2026-01-28 16:07:13]   epoch: [9/70]  step: [580/2078] (27.9%)  eta_epoch: 10:15  eta_total: 17:55:32  loss: 2.0933  time: 0.248  data_time: 0.001  forward_time: 0.024  backward_time: 0.057  lr: 0.000097  max_mem: 11209M      
[2026-01-28 16:07:17]   epoch: [9/70]  step: [590/2078] (28.4%)  eta_epoch: 10:10  eta_total: 17:55:21  loss: 1.7326  time: 0.248  data_time: 0.001  forward_time: 0.018  backward_time: 0.063  lr: 0.000097  max_mem: 11209M      
[2026-01-28 16:07:22]   epoch: [9/70]  step: [600/2078] (28.9%)  eta_epoch: 10:07  eta_total: 17:55:10  loss: 1.6496  time: 0.248  data_time: 0.002  forward_time: 0.018  backward_time: 0.070  lr: 0.000097  max_mem: 11209M      
[2026-01-28 16:07:27]   epoch: [9/70]  step: [610/2078] (29.4%)  eta_epoch: 10:02  eta_total: 17:54:52  loss: 1.7531  time: 0.248  data_time: 0.001  forward_time: 0.016  backward_time: 0.068  lr: 0.000097  max_mem: 11209M      
[2026-01-28 16:07:31]   epoch: [9/70]  step: [620/2078] (29.8%)  eta_epoch: 9:57  eta_total: 17:54:39  loss: 1.8370  time: 0.248  data_time: 0.001  forward_time: 0.016  backward_time: 0.064  lr: 0.000097  max_mem: 11209M      
[2026-01-28 16:07:36]   epoch: [9/70]  step: [630/2078] (30.3%)  eta_epoch: 9:53  eta_total: 17:54:25  loss: 1.7218  time: 0.248  data_time: 0.001  forward_time: 0.016  backward_time: 0.065  lr: 0.000097  max_mem: 11209M      
[2026-01-28 16:07:41]   epoch: [9/70]  step: [640/2078] (30.8%)  eta_epoch: 9:50  eta_total: 17:54:17  loss: 2.0188  time: 0.247  data_time: 0.001  forward_time: 0.017  backward_time: 0.064  lr: 0.000097  max_mem: 11209M      
[2026-01-28 16:07:46]   epoch: [9/70]  step: [650/2078] (31.3%)  eta_epoch: 9:45  eta_total: 17:54:02  loss: 1.9154  time: 0.248  data_time: 0.001  forward_time: 0.018  backward_time: 0.064  lr: 0.000097  max_mem: 11209M      
[2026-01-28 16:07:51]   epoch: [9/70]  step: [660/2078] (31.8%)  eta_epoch: 9:42  eta_total: 17:53:52  loss: 1.5414  time: 0.248  data_time: 0.001  forward_time: 0.020  backward_time: 0.061  lr: 0.000097  max_mem: 11209M      
[2026-01-28 16:07:55]   epoch: [9/70]  step: [670/2078] (32.2%)  eta_epoch: 9:37  eta_total: 17:53:38  loss: 2.0043  time: 0.250  data_time: 0.002  forward_time: 0.018  backward_time: 0.064  lr: 0.000097  max_mem: 11209M      
[2026-01-28 16:08:00]   epoch: [9/70]  step: [680/2078] (32.7%)  eta_epoch: 9:33  eta_total: 17:53:28  loss: 1.9449  time: 0.248  data_time: 0.001  forward_time: 0.017  backward_time: 0.065  lr: 0.000097  max_mem: 11209M      
[2026-01-28 16:08:05]   epoch: [9/70]  step: [690/2078] (33.2%)  eta_epoch: 9:29  eta_total: 17:53:15  loss: 1.7360  time: 0.248  data_time: 0.001  forward_time: 0.018  backward_time: 0.065  lr: 0.000097  max_mem: 11209M      
[2026-01-28 16:08:10]   epoch: [9/70]  step: [700/2078] (33.7%)  eta_epoch: 9:25  eta_total: 17:53:05  loss: 1.9065  time: 0.247  data_time: 0.001  forward_time: 0.017  backward_time: 0.064  lr: 0.000097  max_mem: 11209M      
[2026-01-28 16:08:15]   epoch: [9/70]  step: [710/2078] (34.2%)  eta_epoch: 9:21  eta_total: 17:52:50  loss: 1.7089  time: 0.248  data_time: 0.001  forward_time: 0.016  backward_time: 0.065  lr: 0.000097  max_mem: 11209M      
[2026-01-28 16:08:20]   epoch: [9/70]  step: [720/2078] (34.6%)  eta_epoch: 9:16  eta_total: 17:52:39  loss: 1.6658  time: 0.247  data_time: 0.001  forward_time: 0.017  backward_time: 0.063  lr: 0.000097  max_mem: 11209M      
[2026-01-28 16:08:24]   epoch: [9/70]  step: [730/2078] (35.1%)  eta_epoch: 9:12  eta_total: 17:52:22  loss: 1.7651  time: 0.248  data_time: 0.001  forward_time: 0.045  backward_time: 0.052  lr: 0.000097  max_mem: 11209M      
[2026-01-28 16:08:29]   epoch: [9/70]  step: [740/2078] (35.6%)  eta_epoch: 9:08  eta_total: 17:52:10  loss: 1.6589  time: 0.247  data_time: 0.001  forward_time: 0.016  backward_time: 0.064  lr: 0.000097  max_mem: 11209M      
[2026-01-28 16:08:33]   epoch: [9/70]  step: [750/2078] (36.1%)  eta_epoch: 9:03  eta_total: 17:51:58  loss: 1.6259  time: 0.249  data_time: 0.001  forward_time: 0.039  backward_time: 0.054  lr: 0.000097  max_mem: 11209M      
[2026-01-28 16:08:38]   epoch: [9/70]  step: [760/2078] (36.6%)  eta_epoch: 9:00  eta_total: 17:51:51  loss: 1.8847  time: 0.248  data_time: 0.001  forward_time: 0.019  backward_time: 0.062  lr: 0.000097  max_mem: 11209M      
[2026-01-28 16:08:43]   epoch: [9/70]  step: [770/2078] (37.1%)  eta_epoch: 8:56  eta_total: 17:51:41  loss: 1.5933  time: 0.249  data_time: 0.002  forward_time: 0.032  backward_time: 0.049  lr: 0.000097  max_mem: 11209M      
[2026-01-28 16:08:48]   epoch: [9/70]  step: [780/2078] (37.5%)  eta_epoch: 8:52  eta_total: 17:51:34  loss: 1.3285  time: 0.247  data_time: 0.001  forward_time: 0.019  backward_time: 0.061  lr: 0.000097  max_mem: 11209M      
[2026-01-28 16:08:53]   epoch: [9/70]  step: [790/2078] (38.0%)  eta_epoch: 8:48  eta_total: 17:51:30  loss: 1.7414  time: 0.249  data_time: 0.001  forward_time: 0.039  backward_time: 0.052  lr: 0.000097  max_mem: 11209M      
[2026-01-28 16:08:57]   epoch: [9/70]  step: [800/2078] (38.5%)  eta_epoch: 8:43  eta_total: 17:51:17  loss: 1.9743  time: 0.248  data_time: 0.001  forward_time: 0.019  backward_time: 0.061  lr: 0.000097  max_mem: 11209M      
[2026-01-28 16:09:02]   epoch: [9/70]  step: [810/2078] (39.0%)  eta_epoch: 8:39  eta_total: 17:51:07  loss: 1.6957  time: 0.248  data_time: 0.001  forward_time: 0.039  backward_time: 0.063  lr: 0.000097  max_mem: 11209M      
[2026-01-28 16:09:07]   epoch: [9/70]  step: [820/2078] (39.5%)  eta_epoch: 8:36  eta_total: 17:51:01  loss: 1.8713  time: 0.248  data_time: 0.001  forward_time: 0.017  backward_time: 0.064  lr: 0.000097  max_mem: 11209M      
[2026-01-28 16:09:12]   epoch: [9/70]  step: [830/2078] (39.9%)  eta_epoch: 8:31  eta_total: 17:50:44  loss: 1.8979  time: 0.248  data_time: 0.001  forward_time: 0.040  backward_time: 0.057  lr: 0.000097  max_mem: 11209M      
[2026-01-28 16:09:17]   epoch: [9/70]  step: [840/2078] (40.4%)  eta_epoch: 8:27  eta_total: 17:50:25  loss: 1.8374  time: 0.248  data_time: 0.001  forward_time: 0.017  backward_time: 0.064  lr: 0.000097  max_mem: 11209M      
[2026-01-28 16:09:21]   epoch: [9/70]  step: [850/2078] (40.9%)  eta_epoch: 8:23  eta_total: 17:50:12  loss: 1.4976  time: 0.247  data_time: 0.001  forward_time: 0.016  backward_time: 0.064  lr: 0.000097  max_mem: 11209M      
[2026-01-28 16:09:27]   epoch: [9/70]  step: [860/2078] (41.4%)  eta_epoch: 8:19  eta_total: 17:50:06  loss: 1.4815  time: 0.247  data_time: 0.001  forward_time: 0.017  backward_time: 0.064  lr: 0.000097  max_mem: 11209M      
[2026-01-28 16:09:31]   epoch: [9/70]  step: [870/2078] (41.9%)  eta_epoch: 8:15  eta_total: 17:49:52  loss: 1.7108  time: 0.249  data_time: 0.003  forward_time: 0.017  backward_time: 0.066  lr: 0.000097  max_mem: 11209M      
[2026-01-28 16:09:36]   epoch: [9/70]  step: [880/2078] (42.3%)  eta_epoch: 8:11  eta_total: 17:49:42  loss: 1.8623  time: 0.248  data_time: 0.001  forward_time: 0.018  backward_time: 0.064  lr: 0.000097  max_mem: 11209M      
[2026-01-28 16:09:41]   epoch: [9/70]  step: [890/2078] (42.8%)  eta_epoch: 8:06  eta_total: 17:49:28  loss: 2.0108  time: 0.249  data_time: 0.001  forward_time: 0.040  backward_time: 0.050  lr: 0.000097  max_mem: 11209M      
[2026-01-28 16:09:46]   epoch: [9/70]  step: [900/2078] (43.3%)  eta_epoch: 8:03  eta_total: 17:49:17  loss: 1.5895  time: 0.247  data_time: 0.001  forward_time: 0.018  backward_time: 0.063  lr: 0.000097  max_mem: 11209M      
[2026-01-28 16:09:51]   epoch: [9/70]  step: [910/2078] (43.8%)  eta_epoch: 7:59  eta_total: 17:49:04  loss: 1.6549  time: 0.248  data_time: 0.001  forward_time: 0.013  backward_time: 0.070  lr: 0.000097  max_mem: 11209M      
[2026-01-28 16:09:55]   epoch: [9/70]  step: [920/2078] (44.3%)  eta_epoch: 7:54  eta_total: 17:48:50  loss: 1.6293  time: 0.248  data_time: 0.002  forward_time: 0.027  backward_time: 0.054  lr: 0.000097  max_mem: 11209M      
[2026-01-28 16:10:01]   epoch: [9/70]  step: [930/2078] (44.8%)  eta_epoch: 7:51  eta_total: 17:48:48  loss: 1.7861  time: 0.249  data_time: 0.001  forward_time: 0.041  backward_time: 0.052  lr: 0.000097  max_mem: 11209M      
[2026-01-28 16:10:05]   epoch: [9/70]  step: [940/2078] (45.2%)  eta_epoch: 7:46  eta_total: 17:48:35  loss: 1.5287  time: 0.248  data_time: 0.001  forward_time: 0.016  backward_time: 0.065  lr: 0.000097  max_mem: 11209M      
[2026-01-28 16:10:10]   epoch: [9/70]  step: [950/2078] (45.7%)  eta_epoch: 7:43  eta_total: 17:48:29  loss: 1.7721  time: 0.249  data_time: 0.001  forward_time: 0.044  backward_time: 0.058  lr: 0.000097  max_mem: 11209M      
[2026-01-28 16:10:15]   epoch: [9/70]  step: [960/2078] (46.2%)  eta_epoch: 7:38  eta_total: 17:48:14  loss: 1.8265  time: 0.248  data_time: 0.001  forward_time: 0.017  backward_time: 0.066  lr: 0.000097  max_mem: 11209M      
[2026-01-28 16:10:19]   epoch: [9/70]  step: [970/2078] (46.7%)  eta_epoch: 7:34  eta_total: 17:48:01  loss: 1.7777  time: 0.248  data_time: 0.001  forward_time: 0.042  backward_time: 0.072  lr: 0.000097  max_mem: 11209M      
[2026-01-28 16:10:24]   epoch: [9/70]  step: [980/2078] (47.2%)  eta_epoch: 7:30  eta_total: 17:47:44  loss: 2.0008  time: 0.248  data_time: 0.001  forward_time: 0.016  backward_time: 0.064  lr: 0.000097  max_mem: 11209M      
[2026-01-28 16:10:29]   epoch: [9/70]  step: [990/2078] (47.6%)  eta_epoch: 7:26  eta_total: 17:47:32  loss: 1.9171  time: 0.248  data_time: 0.001  forward_time: 0.039  backward_time: 0.052  lr: 0.000097  max_mem: 11209M      
[2026-01-28 16:10:34]   epoch: [9/70]  step: [1000/2078] (48.1%)  eta_epoch: 7:22  eta_total: 17:47:19  loss: 1.5950  time: 0.247  data_time: 0.001  forward_time: 0.016  backward_time: 0.074  lr: 0.000097  max_mem: 11209M      
[2026-01-28 16:10:39]   epoch: [9/70]  step: [1010/2078] (48.6%)  eta_epoch: 7:18  eta_total: 17:47:09  loss: 1.8313  time: 0.248  data_time: 0.001  forward_time: 0.039  backward_time: 0.054  lr: 0.000097  max_mem: 11209M      
[2026-01-28 16:10:44]   epoch: [9/70]  step: [1020/2078] (49.1%)  eta_epoch: 7:14  eta_total: 17:46:58  loss: 1.6829  time: 0.247  data_time: 0.001  forward_time: 0.016  backward_time: 0.065  lr: 0.000097  max_mem: 11209M      
[2026-01-28 16:10:49]   epoch: [9/70]  step: [1030/2078] (49.6%)  eta_epoch: 7:10  eta_total: 17:46:43  loss: 1.7256  time: 0.247  data_time: 0.001  forward_time: 0.026  backward_time: 0.060  lr: 0.000097  max_mem: 11209M      
[2026-01-28 16:10:54]   epoch: [9/70]  step: [1040/2078] (50.0%)  eta_epoch: 7:06  eta_total: 17:46:33  loss: 1.5668  time: 0.249  data_time: 0.002  forward_time: 0.018  backward_time: 0.063  lr: 0.000097  max_mem: 11209M      
[2026-01-28 16:10:58]   epoch: [9/70]  step: [1050/2078] (50.5%)  eta_epoch: 7:01  eta_total: 17:46:15  loss: 1.8523  time: 0.247  data_time: 0.001  forward_time: 0.015  backward_time: 0.071  lr: 0.000097  max_mem: 11209M      
[2026-01-28 16:11:03]   epoch: [9/70]  step: [1060/2078] (51.0%)  eta_epoch: 6:58  eta_total: 17:46:04  loss: 1.9452  time: 0.247  data_time: 0.001  forward_time: 0.016  backward_time: 0.065  lr: 0.000097  max_mem: 11209M      
[2026-01-28 16:11:08]   epoch: [9/70]  step: [1070/2078] (51.5%)  eta_epoch: 6:53  eta_total: 17:45:49  loss: 2.1486  time: 0.249  data_time: 0.001  forward_time: 0.022  backward_time: 0.060  lr: 0.000097  max_mem: 11209M      
[2026-01-28 16:11:13]   epoch: [9/70]  step: [1080/2078] (52.0%)  eta_epoch: 6:50  eta_total: 17:45:42  loss: 1.9301  time: 0.248  data_time: 0.001  forward_time: 0.016  backward_time: 0.065  lr: 0.000097  max_mem: 11209M      
[2026-01-28 16:11:18]   epoch: [9/70]  step: [1090/2078] (52.5%)  eta_epoch: 6:45  eta_total: 17:45:32  loss: 1.8663  time: 0.247  data_time: 0.001  forward_time: 0.016  backward_time: 0.066  lr: 0.000097  max_mem: 11209M      
[2026-01-28 16:11:23]   epoch: [9/70]  step: [1100/2078] (52.9%)  eta_epoch: 6:42  eta_total: 17:45:26  loss: 1.6741  time: 0.247  data_time: 0.001  forward_time: 0.017  backward_time: 0.064  lr: 0.000097  max_mem: 11209M      
[2026-01-28 16:11:28]   epoch: [9/70]  step: [1110/2078] (53.4%)  eta_epoch: 6:37  eta_total: 17:45:13  loss: 1.3642  time: 0.248  data_time: 0.001  forward_time: 0.017  backward_time: 0.065  lr: 0.000097  max_mem: 11209M      
[2026-01-28 16:11:33]   epoch: [9/70]  step: [1120/2078] (53.9%)  eta_epoch: 6:33  eta_total: 17:45:03  loss: 1.8570  time: 0.248  data_time: 0.001  forward_time: 0.017  backward_time: 0.064  lr: 0.000097  max_mem: 11209M      
[2026-01-28 16:11:38]   epoch: [9/70]  step: [1130/2078] (54.4%)  eta_epoch: 6:29  eta_total: 17:44:46  loss: 1.7862  time: 0.248  data_time: 0.001  forward_time: 0.016  backward_time: 0.065  lr: 0.000097  max_mem: 11209M      
[2026-01-28 16:11:43]   epoch: [9/70]  step: [1140/2078] (54.9%)  eta_epoch: 6:25  eta_total: 17:44:33  loss: 1.5724  time: 0.248  data_time: 0.001  forward_time: 0.023  backward_time: 0.058  lr: 0.000097  max_mem: 11209M      
[2026-01-28 16:11:47]   epoch: [9/70]  step: [1150/2078] (55.3%)  eta_epoch: 6:21  eta_total: 17:44:20  loss: 1.5980  time: 0.247  data_time: 0.001  forward_time: 0.016  backward_time: 0.067  lr: 0.000097  max_mem: 11209M      
[2026-01-28 16:11:53]   epoch: [9/70]  step: [1160/2078] (55.8%)  eta_epoch: 6:17  eta_total: 17:44:11  loss: 1.6517  time: 0.247  data_time: 0.001  forward_time: 0.017  backward_time: 0.066  lr: 0.000097  max_mem: 11209M      
[2026-01-28 16:11:57]   epoch: [9/70]  step: [1170/2078] (56.3%)  eta_epoch: 6:13  eta_total: 17:43:59  loss: 1.6210  time: 0.247  data_time: 0.001  forward_time: 0.015  backward_time: 0.065  lr: 0.000097  max_mem: 11209M      
[2026-01-28 16:12:03]   epoch: [9/70]  step: [1180/2078] (56.8%)  eta_epoch: 6:09  eta_total: 17:43:52  loss: 1.6839  time: 0.247  data_time: 0.001  forward_time: 0.016  backward_time: 0.064  lr: 0.000097  max_mem: 11209M      
[2026-01-28 16:12:07]   epoch: [9/70]  step: [1190/2078] (57.3%)  eta_epoch: 6:05  eta_total: 17:43:40  loss: 1.8813  time: 0.248  data_time: 0.001  forward_time: 0.016  backward_time: 0.065  lr: 0.000097  max_mem: 11209M      
[2026-01-28 16:12:12]   epoch: [9/70]  step: [1200/2078] (57.7%)  eta_epoch: 6:01  eta_total: 17:43:34  loss: 1.8642  time: 0.248  data_time: 0.001  forward_time: 0.017  backward_time: 0.064  lr: 0.000097  max_mem: 11209M      
[2026-01-28 16:12:16]   epoch: [9/70]  step: [1210/2078] (58.2%)  eta_epoch: 5:56  eta_total: 17:43:19  loss: 1.6060  time: 0.248  data_time: 0.001  forward_time: 0.017  backward_time: 0.064  lr: 0.000097  max_mem: 11209M      
[2026-01-28 16:12:22]   epoch: [9/70]  step: [1220/2078] (58.7%)  eta_epoch: 5:53  eta_total: 17:43:13  loss: 2.0067  time: 0.248  data_time: 0.001  forward_time: 0.016  backward_time: 0.065  lr: 0.000097  max_mem: 11209M      
[2026-01-28 16:12:26]   epoch: [9/70]  step: [1230/2078] (59.2%)  eta_epoch: 5:48  eta_total: 17:42:59  loss: 1.7509  time: 0.248  data_time: 0.002  forward_time: 0.017  backward_time: 0.064  lr: 0.000097  max_mem: 11209M      
[2026-01-28 16:12:32]   epoch: [9/70]  step: [1240/2078] (59.7%)  eta_epoch: 5:44  eta_total: 17:42:46  loss: 1.9825  time: 0.247  data_time: 0.001  forward_time: 0.016  backward_time: 0.066  lr: 0.000097  max_mem: 11209M      
[2026-01-28 16:12:36]   epoch: [9/70]  step: [1250/2078] (60.2%)  eta_epoch: 5:40  eta_total: 17:42:24  loss: 1.9697  time: 0.247  data_time: 0.001  forward_time: 0.015  backward_time: 0.065  lr: 0.000097  max_mem: 11209M      
[2026-01-28 16:12:41]   epoch: [9/70]  step: [1260/2078] (60.6%)  eta_epoch: 5:36  eta_total: 17:42:16  loss: 1.7925  time: 0.248  data_time: 0.001  forward_time: 0.017  backward_time: 0.065  lr: 0.000096  max_mem: 11209M      
[2026-01-28 16:12:45]   epoch: [9/70]  step: [1270/2078] (61.1%)  eta_epoch: 5:31  eta_total: 17:42:00  loss: 1.5370  time: 0.247  data_time: 0.001  forward_time: 0.015  backward_time: 0.065  lr: 0.000096  max_mem: 11209M      
[2026-01-28 16:12:50]   epoch: [9/70]  step: [1280/2078] (61.6%)  eta_epoch: 5:28  eta_total: 17:41:50  loss: 1.7331  time: 0.247  data_time: 0.001  forward_time: 0.016  backward_time: 0.067  lr: 0.000096  max_mem: 11209M      
[2026-01-28 16:12:54]   epoch: [9/70]  step: [1290/2078] (62.1%)  eta_epoch: 5:23  eta_total: 17:41:38  loss: 1.9603  time: 0.248  data_time: 0.001  forward_time: 0.017  backward_time: 0.065  lr: 0.000096  max_mem: 11209M      
[2026-01-28 16:12:59]   epoch: [9/70]  step: [1300/2078] (62.6%)  eta_epoch: 5:19  eta_total: 17:41:34  loss: 1.6195  time: 0.247  data_time: 0.001  forward_time: 0.017  backward_time: 0.064  lr: 0.000096  max_mem: 11209M      
[2026-01-28 16:13:04]   epoch: [9/70]  step: [1310/2078] (63.0%)  eta_epoch: 5:15  eta_total: 17:41:20  loss: 2.0516  time: 0.247  data_time: 0.001  forward_time: 0.016  backward_time: 0.065  lr: 0.000096  max_mem: 11209M      
[2026-01-28 16:13:09]   epoch: [9/70]  step: [1320/2078] (63.5%)  eta_epoch: 5:11  eta_total: 17:41:10  loss: 1.8254  time: 0.247  data_time: 0.001  forward_time: 0.016  backward_time: 0.065  lr: 0.000096  max_mem: 11209M      
[2026-01-28 16:13:13]   epoch: [9/70]  step: [1330/2078] (64.0%)  eta_epoch: 5:07  eta_total: 17:40:57  loss: 1.9674  time: 0.247  data_time: 0.001  forward_time: 0.016  backward_time: 0.065  lr: 0.000096  max_mem: 11209M      
[2026-01-28 16:13:19]   epoch: [9/70]  step: [1340/2078] (64.5%)  eta_epoch: 5:03  eta_total: 17:40:50  loss: 2.1127  time: 0.249  data_time: 0.002  forward_time: 0.025  backward_time: 0.057  lr: 0.000096  max_mem: 11209M      
[2026-01-28 16:13:23]   epoch: [9/70]  step: [1350/2078] (65.0%)  eta_epoch: 4:59  eta_total: 17:40:33  loss: 1.5776  time: 0.248  data_time: 0.001  forward_time: 0.018  backward_time: 0.063  lr: 0.000096  max_mem: 11209M      
[2026-01-28 16:13:28]   epoch: [9/70]  step: [1360/2078] (65.4%)  eta_epoch: 4:55  eta_total: 17:40:25  loss: 2.0838  time: 0.248  data_time: 0.001  forward_time: 0.016  backward_time: 0.066  lr: 0.000096  max_mem: 11209M      
[2026-01-28 16:13:33]   epoch: [9/70]  step: [1370/2078] (65.9%)  eta_epoch: 4:50  eta_total: 17:40:18  loss: 1.9800  time: 0.247  data_time: 0.001  forward_time: 0.017  backward_time: 0.063  lr: 0.000096  max_mem: 11209M      
[2026-01-28 16:13:38]   epoch: [9/70]  step: [1380/2078] (66.4%)  eta_epoch: 4:46  eta_total: 17:40:11  loss: 2.0131  time: 0.248  data_time: 0.001  forward_time: 0.017  backward_time: 0.064  lr: 0.000096  max_mem: 11209M      
[2026-01-28 16:13:43]   epoch: [9/70]  step: [1390/2078] (66.9%)  eta_epoch: 4:42  eta_total: 17:39:55  loss: 1.6689  time: 0.248  data_time: 0.002  forward_time: 0.016  backward_time: 0.065  lr: 0.000096  max_mem: 11209M      
[2026-01-28 16:13:48]   epoch: [9/70]  step: [1400/2078] (67.4%)  eta_epoch: 4:38  eta_total: 17:39:46  loss: 1.9385  time: 0.247  data_time: 0.001  forward_time: 0.017  backward_time: 0.064  lr: 0.000096  max_mem: 11209M      
[2026-01-28 16:13:52]   epoch: [9/70]  step: [1410/2078] (67.9%)  eta_epoch: 4:34  eta_total: 17:39:28  loss: 1.6785  time: 0.247  data_time: 0.001  forward_time: 0.016  backward_time: 0.065  lr: 0.000096  max_mem: 11209M      
[2026-01-28 16:13:58]   epoch: [9/70]  step: [1420/2078] (68.3%)  eta_epoch: 4:30  eta_total: 17:39:19  loss: 1.6257  time: 0.248  data_time: 0.001  forward_time: 0.017  backward_time: 0.064  lr: 0.000096  max_mem: 11209M      
[2026-01-28 16:14:02]   epoch: [9/70]  step: [1430/2078] (68.8%)  eta_epoch: 4:26  eta_total: 17:39:08  loss: 2.1810  time: 0.248  data_time: 0.001  forward_time: 0.013  backward_time: 0.068  lr: 0.000096  max_mem: 11209M      
[2026-01-28 16:14:08]   epoch: [9/70]  step: [1440/2078] (69.3%)  eta_epoch: 4:22  eta_total: 17:38:57  loss: 1.4467  time: 0.247  data_time: 0.001  forward_time: 0.013  backward_time: 0.064  lr: 0.000096  max_mem: 11209M      
[2026-01-28 16:14:12]   epoch: [9/70]  step: [1450/2078] (69.8%)  eta_epoch: 4:18  eta_total: 17:38:40  loss: 1.7004  time: 0.247  data_time: 0.001  forward_time: 0.016  backward_time: 0.064  lr: 0.000096  max_mem: 11209M      
[2026-01-28 16:14:17]   epoch: [9/70]  step: [1460/2078] (70.3%)  eta_epoch: 4:14  eta_total: 17:38:32  loss: 1.8094  time: 0.247  data_time: 0.001  forward_time: 0.017  backward_time: 0.064  lr: 0.000096  max_mem: 11209M      
[2026-01-28 16:14:22]   epoch: [9/70]  step: [1470/2078] (70.7%)  eta_epoch: 4:09  eta_total: 17:38:15  loss: 1.8009  time: 0.247  data_time: 0.001  forward_time: 0.012  backward_time: 0.068  lr: 0.000096  max_mem: 11209M      
[2026-01-28 16:14:27]   epoch: [9/70]  step: [1480/2078] (71.2%)  eta_epoch: 4:05  eta_total: 17:38:05  loss: 1.8154  time: 0.247  data_time: 0.001  forward_time: 0.017  backward_time: 0.067  lr: 0.000096  max_mem: 11209M      
[2026-01-28 16:14:31]   epoch: [9/70]  step: [1490/2078] (71.7%)  eta_epoch: 4:01  eta_total: 17:37:55  loss: 1.9928  time: 0.247  data_time: 0.001  forward_time: 0.016  backward_time: 0.065  lr: 0.000096  max_mem: 11209M      
[2026-01-28 16:14:36]   epoch: [9/70]  step: [1500/2078] (72.2%)  eta_epoch: 3:57  eta_total: 17:37:44  loss: 1.5407  time: 0.247  data_time: 0.001  forward_time: 0.016  backward_time: 0.066  lr: 0.000096  max_mem: 11209M      
[2026-01-28 16:14:40]   epoch: [9/70]  step: [1510/2078] (72.7%)  eta_epoch: 3:53  eta_total: 17:37:29  loss: 1.8000  time: 0.249  data_time: 0.001  forward_time: 0.022  backward_time: 0.060  lr: 0.000096  max_mem: 11209M      
[2026-01-28 16:14:46]   epoch: [9/70]  step: [1520/2078] (73.1%)  eta_epoch: 3:49  eta_total: 17:37:23  loss: 1.9131  time: 0.248  data_time: 0.001  forward_time: 0.019  backward_time: 0.067  lr: 0.000096  max_mem: 11209M      
[2026-01-28 16:14:50]   epoch: [9/70]  step: [1530/2078] (73.6%)  eta_epoch: 3:45  eta_total: 17:37:11  loss: 1.8685  time: 0.248  data_time: 0.001  forward_time: 0.016  backward_time: 0.064  lr: 0.000096  max_mem: 11209M      
[2026-01-28 16:14:55]   epoch: [9/70]  step: [1540/2078] (74.1%)  eta_epoch: 3:41  eta_total: 17:37:00  loss: 2.1357  time: 0.248  data_time: 0.001  forward_time: 0.017  backward_time: 0.064  lr: 0.000096  max_mem: 11209M      
[2026-01-28 16:14:59]   epoch: [9/70]  step: [1550/2078] (74.6%)  eta_epoch: 3:36  eta_total: 17:36:47  loss: 1.8578  time: 0.247  data_time: 0.001  forward_time: 0.016  backward_time: 0.064  lr: 0.000096  max_mem: 11209M      
[2026-01-28 16:15:04]   epoch: [9/70]  step: [1560/2078] (75.1%)  eta_epoch: 3:32  eta_total: 17:36:42  loss: 1.8719  time: 0.249  data_time: 0.002  forward_time: 0.016  backward_time: 0.065  lr: 0.000096  max_mem: 11209M      
[2026-01-28 16:15:09]   epoch: [9/70]  step: [1570/2078] (75.6%)  eta_epoch: 3:28  eta_total: 17:36:34  loss: 1.7705  time: 0.249  data_time: 0.001  forward_time: 0.048  backward_time: 0.056  lr: 0.000096  max_mem: 11209M      
[2026-01-28 16:15:14]   epoch: [9/70]  step: [1580/2078] (76.0%)  eta_epoch: 3:24  eta_total: 17:36:28  loss: 1.8761  time: 0.247  data_time: 0.001  forward_time: 0.018  backward_time: 0.063  lr: 0.000096  max_mem: 11209M      
[2026-01-28 16:15:19]   epoch: [9/70]  step: [1590/2078] (76.5%)  eta_epoch: 3:20  eta_total: 17:36:51  loss: 1.8551  time: 0.250  data_time: 0.002  forward_time: 0.043  backward_time: 0.057  lr: 0.000096  max_mem: 11209M      
[2026-01-28 16:15:24]   epoch: [9/70]  step: [1600/2078] (77.0%)  eta_epoch: 3:16  eta_total: 17:36:46  loss: 2.0388  time: 0.248  data_time: 0.001  forward_time: 0.018  backward_time: 0.064  lr: 0.000096  max_mem: 11209M      
[2026-01-28 16:15:28]   epoch: [9/70]  step: [1610/2078] (77.5%)  eta_epoch: 3:12  eta_total: 17:36:28  loss: 1.3261  time: 0.247  data_time: 0.001  forward_time: 0.016  backward_time: 0.065  lr: 0.000096  max_mem: 11209M      
[2026-01-28 16:15:34]   epoch: [9/70]  step: [1620/2078] (78.0%)  eta_epoch: 3:08  eta_total: 17:36:14  loss: 1.6028  time: 0.247  data_time: 0.001  forward_time: 0.015  backward_time: 0.063  lr: 0.000096  max_mem: 11209M      
[2026-01-28 16:15:38]   epoch: [9/70]  step: [1630/2078] (78.4%)  eta_epoch: 3:04  eta_total: 17:35:56  loss: 1.9342  time: 0.248  data_time: 0.001  forward_time: 0.034  backward_time: 0.050  lr: 0.000096  max_mem: 11209M      
[2026-01-28 16:15:43]   epoch: [9/70]  step: [1640/2078] (78.9%)  eta_epoch: 2:59  eta_total: 17:35:09  loss: 1.8934  time: 0.247  data_time: 0.001  forward_time: 0.017  backward_time: 0.064  lr: 0.000096  max_mem: 11209M      
[2026-01-28 16:15:47]   epoch: [9/70]  step: [1650/2078] (79.4%)  eta_epoch: 2:55  eta_total: 17:34:58  loss: 1.6946  time: 0.249  data_time: 0.001  forward_time: 0.040  backward_time: 0.053  lr: 0.000096  max_mem: 11209M      
[2026-01-28 16:15:52]   epoch: [9/70]  step: [1660/2078] (79.9%)  eta_epoch: 2:51  eta_total: 17:34:47  loss: 1.9319  time: 0.248  data_time: 0.001  forward_time: 0.016  backward_time: 0.064  lr: 0.000096  max_mem: 11209M      
[2026-01-28 16:15:56]   epoch: [9/70]  step: [1670/2078] (80.4%)  eta_epoch: 2:47  eta_total: 17:34:37  loss: 1.5820  time: 0.248  data_time: 0.001  forward_time: 0.043  backward_time: 0.053  lr: 0.000096  max_mem: 11209M      
[2026-01-28 16:16:01]   epoch: [9/70]  step: [1680/2078] (80.8%)  eta_epoch: 2:43  eta_total: 17:34:28  loss: 1.8921  time: 0.247  data_time: 0.001  forward_time: 0.016  backward_time: 0.064  lr: 0.000096  max_mem: 11209M      
[2026-01-28 16:16:06]   epoch: [9/70]  step: [1690/2078] (81.3%)  eta_epoch: 2:39  eta_total: 17:34:12  loss: 2.0070  time: 0.248  data_time: 0.002  forward_time: 0.017  backward_time: 0.064  lr: 0.000096  max_mem: 11209M      
[2026-01-28 16:16:11]   epoch: [9/70]  step: [1700/2078] (81.8%)  eta_epoch: 2:35  eta_total: 17:33:58  loss: 1.7276  time: 0.247  data_time: 0.001  forward_time: 0.017  backward_time: 0.063  lr: 0.000096  max_mem: 11209M      
[2026-01-28 16:16:15]   epoch: [9/70]  step: [1710/2078] (82.3%)  eta_epoch: 2:30  eta_total: 17:33:42  loss: 1.2279  time: 0.247  data_time: 0.001  forward_time: 0.016  backward_time: 0.065  lr: 0.000096  max_mem: 11209M      
[2026-01-28 16:16:20]   epoch: [9/70]  step: [1720/2078] (82.8%)  eta_epoch: 2:26  eta_total: 17:33:30  loss: 1.9496  time: 0.248  data_time: 0.001  forward_time: 0.021  backward_time: 0.060  lr: 0.000096  max_mem: 11209M      
[2026-01-28 16:16:24]   epoch: [9/70]  step: [1730/2078] (83.3%)  eta_epoch: 2:22  eta_total: 17:33:16  loss: 1.8247  time: 0.247  data_time: 0.001  forward_time: 0.016  backward_time: 0.065  lr: 0.000096  max_mem: 11209M      
[2026-01-28 16:16:29]   epoch: [9/70]  step: [1740/2078] (83.7%)  eta_epoch: 2:18  eta_total: 17:33:07  loss: 1.9043  time: 0.247  data_time: 0.001  forward_time: 0.016  backward_time: 0.065  lr: 0.000096  max_mem: 11209M      
[2026-01-28 16:16:33]   epoch: [9/70]  step: [1750/2078] (84.2%)  eta_epoch: 2:14  eta_total: 17:32:57  loss: 2.3987  time: 0.249  data_time: 0.001  forward_time: 0.038  backward_time: 0.052  lr: 0.000096  max_mem: 11209M      
[2026-01-28 16:16:38]   epoch: [9/70]  step: [1760/2078] (84.7%)  eta_epoch: 2:10  eta_total: 17:32:50  loss: 1.7104  time: 0.248  data_time: 0.001  forward_time: 0.015  backward_time: 0.066  lr: 0.000096  max_mem: 11209M      
[2026-01-28 16:16:43]   epoch: [9/70]  step: [1770/2078] (85.2%)  eta_epoch: 2:06  eta_total: 17:32:41  loss: 2.0123  time: 0.248  data_time: 0.001  forward_time: 0.017  backward_time: 0.064  lr: 0.000096  max_mem: 11209M      
[2026-01-28 16:16:47]   epoch: [9/70]  step: [1780/2078] (85.7%)  eta_epoch: 2:02  eta_total: 17:32:29  loss: 2.2463  time: 0.248  data_time: 0.001  forward_time: 0.020  backward_time: 0.061  lr: 0.000096  max_mem: 11209M      
[2026-01-28 16:16:52]   epoch: [9/70]  step: [1790/2078] (86.1%)  eta_epoch: 1:57  eta_total: 17:32:14  loss: 1.4747  time: 0.249  data_time: 0.002  forward_time: 0.040  backward_time: 0.054  lr: 0.000096  max_mem: 11209M      
[2026-01-28 16:16:56]   epoch: [9/70]  step: [1800/2078] (86.6%)  eta_epoch: 1:53  eta_total: 17:32:02  loss: 1.5807  time: 0.247  data_time: 0.001  forward_time: 0.015  backward_time: 0.065  lr: 0.000096  max_mem: 11209M      
[2026-01-28 16:17:01]   epoch: [9/70]  step: [1810/2078] (87.1%)  eta_epoch: 1:49  eta_total: 17:31:49  loss: 1.9462  time: 0.247  data_time: 0.001  forward_time: 0.016  backward_time: 0.065  lr: 0.000096  max_mem: 11209M      
[2026-01-28 16:17:05]   epoch: [9/70]  step: [1820/2078] (87.6%)  eta_epoch: 1:45  eta_total: 17:31:35  loss: 1.7580  time: 0.248  data_time: 0.001  forward_time: 0.017  backward_time: 0.064  lr: 0.000096  max_mem: 11209M      
[2026-01-28 16:17:10]   epoch: [9/70]  step: [1830/2078] (88.1%)  eta_epoch: 1:41  eta_total: 17:31:25  loss: 1.9774  time: 0.248  data_time: 0.001  forward_time: 0.038  backward_time: 0.052  lr: 0.000096  max_mem: 11209M      
[2026-01-28 16:17:14]   epoch: [9/70]  step: [1840/2078] (88.5%)  eta_epoch: 1:37  eta_total: 17:31:17  loss: 1.8205  time: 0.247  data_time: 0.001  forward_time: 0.016  backward_time: 0.065  lr: 0.000096  max_mem: 11209M      
[2026-01-28 16:17:19]   epoch: [9/70]  step: [1850/2078] (89.0%)  eta_epoch: 1:33  eta_total: 17:31:06  loss: 2.1586  time: 0.249  data_time: 0.001  forward_time: 0.027  backward_time: 0.055  lr: 0.000096  max_mem: 11209M      
[2026-01-28 16:17:23]   epoch: [9/70]  step: [1860/2078] (89.5%)  eta_epoch: 1:29  eta_total: 17:30:54  loss: 1.6930  time: 0.247  data_time: 0.001  forward_time: 0.022  backward_time: 0.058  lr: 0.000096  max_mem: 11209M      
[2026-01-28 16:17:28]   epoch: [9/70]  step: [1870/2078] (90.0%)  eta_epoch: 1:25  eta_total: 17:30:48  loss: 1.7478  time: 0.247  data_time: 0.001  forward_time: 0.015  backward_time: 0.066  lr: 0.000096  max_mem: 11209M      
[2026-01-28 16:17:32]   epoch: [9/70]  step: [1880/2078] (90.5%)  eta_epoch: 1:20  eta_total: 17:30:31  loss: 1.6641  time: 0.247  data_time: 0.001  forward_time: 0.016  backward_time: 0.066  lr: 0.000096  max_mem: 11209M      
[2026-01-28 16:17:37]   epoch: [9/70]  step: [1890/2078] (91.0%)  eta_epoch: 1:16  eta_total: 17:30:18  loss: 1.7500  time: 0.250  data_time: 0.004  forward_time: 0.021  backward_time: 0.060  lr: 0.000096  max_mem: 11209M      
[2026-01-28 16:17:41]   epoch: [9/70]  step: [1900/2078] (91.4%)  eta_epoch: 1:12  eta_total: 17:30:01  loss: 2.0886  time: 0.247  data_time: 0.001  forward_time: 0.017  backward_time: 0.063  lr: 0.000096  max_mem: 11209M      
[2026-01-28 16:17:46]   epoch: [9/70]  step: [1910/2078] (91.9%)  eta_epoch: 1:08  eta_total: 17:29:57  loss: 1.6601  time: 0.252  data_time: 0.001  forward_time: 0.044  backward_time: 0.052  lr: 0.000096  max_mem: 11209M      
[2026-01-28 16:17:50]   epoch: [9/70]  step: [1920/2078] (92.4%)  eta_epoch: 1:04  eta_total: 17:29:42  loss: 1.7000  time: 0.248  data_time: 0.001  forward_time: 0.017  backward_time: 0.064  lr: 0.000096  max_mem: 11209M      
[2026-01-28 16:17:55]   epoch: [9/70]  step: [1930/2078] (92.9%)  eta_epoch: 1:00  eta_total: 17:29:32  loss: 1.8952  time: 0.247  data_time: 0.001  forward_time: 0.016  backward_time: 0.064  lr: 0.000096  max_mem: 11209M      
[2026-01-28 16:17:59]   epoch: [9/70]  step: [1940/2078] (93.4%)  eta_epoch: 0:56  eta_total: 17:29:12  loss: 1.7637  time: 0.248  data_time: 0.001  forward_time: 0.017  backward_time: 0.064  lr: 0.000096  max_mem: 11209M      
[2026-01-28 16:18:04]   epoch: [9/70]  step: [1950/2078] (93.8%)  eta_epoch: 0:52  eta_total: 17:29:01  loss: 1.8371  time: 0.248  data_time: 0.001  forward_time: 0.022  backward_time: 0.058  lr: 0.000096  max_mem: 11209M      
[2026-01-28 16:18:08]   epoch: [9/70]  step: [1960/2078] (94.3%)  eta_epoch: 0:48  eta_total: 17:28:40  loss: 1.7838  time: 0.247  data_time: 0.001  forward_time: 0.016  backward_time: 0.065  lr: 0.000096  max_mem: 11209M      
[2026-01-28 16:18:14]   epoch: [9/70]  step: [1970/2078] (94.8%)  eta_epoch: 0:44  eta_total: 17:28:29  loss: 1.7641  time: 0.248  data_time: 0.001  forward_time: 0.040  backward_time: 0.053  lr: 0.000096  max_mem: 11209M      
[2026-01-28 16:18:18]   epoch: [9/70]  step: [1980/2078] (95.3%)  eta_epoch: 0:39  eta_total: 17:28:15  loss: 1.4277  time: 0.247  data_time: 0.001  forward_time: 0.016  backward_time: 0.065  lr: 0.000096  max_mem: 11209M      
[2026-01-28 16:18:22]   epoch: [9/70]  step: [1990/2078] (95.8%)  eta_epoch: 0:35  eta_total: 17:28:03  loss: 1.3894  time: 0.248  data_time: 0.001  forward_time: 0.039  backward_time: 0.058  lr: 0.000096  max_mem: 11209M      
[2026-01-28 16:18:26]   epoch: [9/70]  step: [2000/2078] (96.2%)  eta_epoch: 0:31  eta_total: 17:27:48  loss: 1.5810  time: 0.248  data_time: 0.001  forward_time: 0.016  backward_time: 0.065  lr: 0.000096  max_mem: 11209M      
[2026-01-28 16:18:31]   epoch: [9/70]  step: [2010/2078] (96.7%)  eta_epoch: 0:27  eta_total: 17:27:40  loss: 1.8824  time: 0.249  data_time: 0.001  forward_time: 0.041  backward_time: 0.046  lr: 0.000096  max_mem: 11209M      
[2026-01-28 16:18:36]   epoch: [9/70]  step: [2020/2078] (97.2%)  eta_epoch: 0:23  eta_total: 17:27:29  loss: 2.0815  time: 0.247  data_time: 0.001  forward_time: 0.016  backward_time: 0.065  lr: 0.000096  max_mem: 11209M      
[2026-01-28 16:18:40]   epoch: [9/70]  step: [2030/2078] (97.7%)  eta_epoch: 0:19  eta_total: 17:27:23  loss: 1.7753  time: 0.249  data_time: 0.001  forward_time: 0.044  backward_time: 0.057  lr: 0.000096  max_mem: 11209M      
[2026-01-28 16:18:45]   epoch: [9/70]  step: [2040/2078] (98.2%)  eta_epoch: 0:15  eta_total: 17:27:12  loss: 2.0578  time: 0.247  data_time: 0.001  forward_time: 0.016  backward_time: 0.068  lr: 0.000096  max_mem: 11209M      
[2026-01-28 16:18:50]   epoch: [9/70]  step: [2050/2078] (98.7%)  eta_epoch: 0:11  eta_total: 17:27:06  loss: 1.5559  time: 0.249  data_time: 0.001  forward_time: 0.040  backward_time: 0.054  lr: 0.000096  max_mem: 11209M      
[2026-01-28 16:18:54]   epoch: [9/70]  step: [2060/2078] (99.1%)  eta_epoch: 0:07  eta_total: 17:26:52  loss: 1.5085  time: 0.247  data_time: 0.001  forward_time: 0.015  backward_time: 0.065  lr: 0.000096  max_mem: 11209M      
[2026-01-28 16:18:59]   epoch: [9/70]  step: [2070/2078] (99.6%)  eta_epoch: 0:03  eta_total: 17:27:00  loss: 1.5663  time: 0.273  data_time: 0.001  forward_time: 0.064  backward_time: 0.051  lr: 0.000096  max_mem: 11209M      
[2026-01-28 16:19:02]   epoch: [9/70]  step: [2078/2078] (100.0%)  eta_epoch: 0:00  eta_total: 17:25:03  loss: 2.3679  time: 0.110  data_time: 0.001  forward_time: 0.021  backward_time: 0.053  lr: 0.000096  max_mem: 11209M      
[2026-01-28 16:19:02]   [epoch 9 training completed] avg_loss: 1.7872  epoch_time: 987.74s  avg_data_time: 0.001s  avg_forward_time: 0.026s  avg_backward_time: 0.060s  avg_step_time: 0.246s  throughput: 101.0 samples/s    
[2026-01-28 16:19:02]   Validating epoch[9/70]...    
[2026-01-28 16:21:28]   
============================================================    
[2026-01-28 16:21:28]   [Epoch 9/70] Validation Results:    
[2026-01-28 16:21:28]     Train Loss:     1.7872    
[2026-01-28 16:21:28]     Top-1 Acc:       0.4938 (49.38%)    
[2026-01-28 16:21:28]     Top-5 Acc:       0.8518 (85.18%)    
[2026-01-28 16:21:28]     Precision:      0.4699    
[2026-01-28 16:21:28]     Recall:          0.4946    
[2026-01-28 16:21:28]     Specificity:     0.9770    
[2026-01-28 16:21:28]     F1-Score:        0.4532    
[2026-01-28 16:21:28]     AUC:             0.8629    
[2026-01-28 16:21:28]     Overall Acc:     0.4946    
[2026-01-28 16:21:28]   ============================================================
    
[2026-01-28 16:21:28]   
Saving checkpoint...    
[2026-01-28 16:21:44]   epoch: [10/70]  step: [10/2078] (0.5%)  eta_epoch: 17:44  eta_total: 17:37:07  loss: 1.8458  time: 0.247  data_time: 0.001  forward_time: 0.011  backward_time: 0.069  lr: 0.000096  max_mem: 11209M      
[2026-01-28 16:21:48]   epoch: [10/70]  step: [20/2078] (1.0%)  eta_epoch: 14:53  eta_total: 17:36:43  loss: 1.6761  time: 0.246  data_time: 0.001  forward_time: 0.015  backward_time: 0.065  lr: 0.000096  max_mem: 11209M      
[2026-01-28 16:21:53]   epoch: [10/70]  step: [30/2078] (1.4%)  eta_epoch: 14:46  eta_total: 17:36:24  loss: 1.8673  time: 0.247  data_time: 0.001  forward_time: 0.016  backward_time: 0.064  lr: 0.000096  max_mem: 11209M      
[2026-01-28 16:21:57]   epoch: [10/70]  step: [40/2078] (1.9%)  eta_epoch: 13:58  eta_total: 17:36:08  loss: 1.8510  time: 0.247  data_time: 0.001  forward_time: 0.012  backward_time: 0.065  lr: 0.000096  max_mem: 11209M      
[2026-01-28 16:22:02]   epoch: [10/70]  step: [50/2078] (2.4%)  eta_epoch: 14:02  eta_total: 17:37:18  loss: 1.8163  time: 0.247  data_time: 0.001  forward_time: 0.014  backward_time: 0.064  lr: 0.000096  max_mem: 11209M      
[2026-01-28 16:22:06]   epoch: [10/70]  step: [60/2078] (2.9%)  eta_epoch: 13:42  eta_total: 17:37:07  loss: 1.7655  time: 0.247  data_time: 0.001  forward_time: 0.016  backward_time: 0.065  lr: 0.000096  max_mem: 11209M      
[2026-01-28 16:22:12]   epoch: [10/70]  step: [70/2078] (3.4%)  eta_epoch: 13:47  eta_total: 17:37:01  loss: 1.3999  time: 0.247  data_time: 0.001  forward_time: 0.016  backward_time: 0.065  lr: 0.000096  max_mem: 11209M      
[2026-01-28 16:22:16]   epoch: [10/70]  step: [80/2078] (3.8%)  eta_epoch: 13:29  eta_total: 17:36:47  loss: 1.7984  time: 0.248  data_time: 0.002  forward_time: 0.017  backward_time: 0.063  lr: 0.000096  max_mem: 11209M      
[2026-01-28 16:22:20]   epoch: [10/70]  step: [90/2078] (4.3%)  eta_epoch: 13:26  eta_total: 17:36:34  loss: 1.9093  time: 0.247  data_time: 0.001  forward_time: 0.017  backward_time: 0.064  lr: 0.000096  max_mem: 11209M      
[2026-01-28 16:22:25]   epoch: [10/70]  step: [100/2078] (4.8%)  eta_epoch: 13:13  eta_total: 17:36:22  loss: 1.2930  time: 0.247  data_time: 0.001  forward_time: 0.016  backward_time: 0.064  lr: 0.000096  max_mem: 11209M      
[2026-01-28 16:22:29]   epoch: [10/70]  step: [110/2078] (5.3%)  eta_epoch: 13:10  eta_total: 17:36:14  loss: 1.8023  time: 0.248  data_time: 0.001  forward_time: 0.013  backward_time: 0.068  lr: 0.000096  max_mem: 11209M      
[2026-01-28 16:22:33]   epoch: [10/70]  step: [120/2078] (5.8%)  eta_epoch: 12:59  eta_total: 17:36:02  loss: 1.7792  time: 0.247  data_time: 0.001  forward_time: 0.016  backward_time: 0.067  lr: 0.000096  max_mem: 11209M      
[2026-01-28 16:22:38]   epoch: [10/70]  step: [130/2078] (6.3%)  eta_epoch: 12:54  eta_total: 17:35:52  loss: 1.5169  time: 0.247  data_time: 0.001  forward_time: 0.017  backward_time: 0.064  lr: 0.000096  max_mem: 11209M      
[2026-01-28 16:22:42]   epoch: [10/70]  step: [140/2078] (6.7%)  eta_epoch: 12:49  eta_total: 17:35:41  loss: 1.6539  time: 0.248  data_time: 0.001  forward_time: 0.023  backward_time: 0.058  lr: 0.000096  max_mem: 11209M      
[2026-01-28 16:22:47]   epoch: [10/70]  step: [150/2078] (7.2%)  eta_epoch: 12:42  eta_total: 17:35:28  loss: 1.5044  time: 0.247  data_time: 0.001  forward_time: 0.016  backward_time: 0.065  lr: 0.000096  max_mem: 11209M      
[2026-01-28 16:22:52]   epoch: [10/70]  step: [160/2078] (7.7%)  eta_epoch: 12:42  eta_total: 17:35:18  loss: 1.8546  time: 0.247  data_time: 0.001  forward_time: 0.017  backward_time: 0.064  lr: 0.000096  max_mem: 11209M      
[2026-01-28 16:22:56]   epoch: [10/70]  step: [170/2078] (8.2%)  eta_epoch: 12:33  eta_total: 17:35:05  loss: 1.6772  time: 0.247  data_time: 0.001  forward_time: 0.017  backward_time: 0.065  lr: 0.000096  max_mem: 11209M      
[2026-01-28 16:23:01]   epoch: [10/70]  step: [180/2078] (8.7%)  eta_epoch: 12:32  eta_total: 17:34:57  loss: 2.1114  time: 0.247  data_time: 0.001  forward_time: 0.018  backward_time: 0.063  lr: 0.000096  max_mem: 11209M      
[2026-01-28 16:23:05]   epoch: [10/70]  step: [190/2078] (9.1%)  eta_epoch: 12:23  eta_total: 17:34:47  loss: 1.2777  time: 0.247  data_time: 0.001  forward_time: 0.016  backward_time: 0.068  lr: 0.000096  max_mem: 11209M      
[2026-01-28 16:23:10]   epoch: [10/70]  step: [200/2078] (9.6%)  eta_epoch: 12:23  eta_total: 17:34:43  loss: 1.7739  time: 0.248  data_time: 0.001  forward_time: 0.021  backward_time: 0.060  lr: 0.000096  max_mem: 11209M      
[2026-01-28 16:23:14]   epoch: [10/70]  step: [210/2078] (10.1%)  eta_epoch: 12:19  eta_total: 17:34:33  loss: 2.0042  time: 0.248  data_time: 0.001  forward_time: 0.019  backward_time: 0.062  lr: 0.000096  max_mem: 11209M      
[2026-01-28 16:23:19]   epoch: [10/70]  step: [220/2078] (10.6%)  eta_epoch: 12:15  eta_total: 17:34:25  loss: 2.0175  time: 0.248  data_time: 0.001  forward_time: 0.018  backward_time: 0.063  lr: 0.000096  max_mem: 11209M      
[2026-01-28 16:23:23]   epoch: [10/70]  step: [230/2078] (11.1%)  eta_epoch: 12:10  eta_total: 17:34:14  loss: 1.7473  time: 0.248  data_time: 0.001  forward_time: 0.019  backward_time: 0.062  lr: 0.000096  max_mem: 11209M      
[2026-01-28 16:23:28]   epoch: [10/70]  step: [240/2078] (11.5%)  eta_epoch: 12:09  eta_total: 17:34:01  loss: 1.4563  time: 0.247  data_time: 0.001  forward_time: 0.016  backward_time: 0.064  lr: 0.000096  max_mem: 11209M      
[2026-01-28 16:23:33]   epoch: [10/70]  step: [250/2078] (12.0%)  eta_epoch: 12:06  eta_total: 17:33:48  loss: 1.8769  time: 0.248  data_time: 0.001  forward_time: 0.016  backward_time: 0.065  lr: 0.000096  max_mem: 11209M      
[2026-01-28 16:23:37]   epoch: [10/70]  step: [260/2078] (12.5%)  eta_epoch: 12:00  eta_total: 17:33:34  loss: 2.1970  time: 0.247  data_time: 0.001  forward_time: 0.017  backward_time: 0.064  lr: 0.000096  max_mem: 11209M      
[2026-01-28 16:23:42]   epoch: [10/70]  step: [270/2078] (13.0%)  eta_epoch: 11:57  eta_total: 17:33:21  loss: 1.3705  time: 0.247  data_time: 0.001  forward_time: 0.015  backward_time: 0.065  lr: 0.000096  max_mem: 11209M      
[2026-01-28 16:23:46]   epoch: [10/70]  step: [280/2078] (13.5%)  eta_epoch: 11:51  eta_total: 17:33:08  loss: 1.8396  time: 0.249  data_time: 0.002  forward_time: 0.025  backward_time: 0.060  lr: 0.000096  max_mem: 11209M      
[2026-01-28 16:23:52]   epoch: [10/70]  step: [290/2078] (14.0%)  eta_epoch: 11:50  eta_total: 17:33:00  loss: 2.1786  time: 0.247  data_time: 0.001  forward_time: 0.017  backward_time: 0.064  lr: 0.000096  max_mem: 11209M      
[2026-01-28 16:23:56]   epoch: [10/70]  step: [300/2078] (14.4%)  eta_epoch: 11:43  eta_total: 17:32:43  loss: 1.5553  time: 0.247  data_time: 0.001  forward_time: 0.016  backward_time: 0.065  lr: 0.000096  max_mem: 11209M      
[2026-01-28 16:24:00]   epoch: [10/70]  step: [310/2078] (14.9%)  eta_epoch: 11:40  eta_total: 17:32:32  loss: 1.7816  time: 0.248  data_time: 0.001  forward_time: 0.016  backward_time: 0.065  lr: 0.000096  max_mem: 11209M      
[2026-01-28 16:24:05]   epoch: [10/70]  step: [320/2078] (15.4%)  eta_epoch: 11:35  eta_total: 17:32:17  loss: 2.1077  time: 0.248  data_time: 0.001  forward_time: 0.020  backward_time: 0.061  lr: 0.000096  max_mem: 11209M      
[2026-01-28 16:24:10]   epoch: [10/70]  step: [330/2078] (15.9%)  eta_epoch: 11:33  eta_total: 17:32:06  loss: 1.8610  time: 0.248  data_time: 0.001  forward_time: 0.017  backward_time: 0.064  lr: 0.000096  max_mem: 11209M      
[2026-01-28 16:24:14]   epoch: [10/70]  step: [340/2078] (16.4%)  eta_epoch: 11:29  eta_total: 17:31:57  loss: 1.3950  time: 0.248  data_time: 0.001  forward_time: 0.018  backward_time: 0.065  lr: 0.000096  max_mem: 11209M      
[2026-01-28 16:24:19]   epoch: [10/70]  step: [350/2078] (16.8%)  eta_epoch: 11:24  eta_total: 17:31:49  loss: 1.6152  time: 0.247  data_time: 0.001  forward_time: 0.017  backward_time: 0.064  lr: 0.000096  max_mem: 11209M      
[2026-01-28 16:24:23]   epoch: [10/70]  step: [360/2078] (17.3%)  eta_epoch: 11:19  eta_total: 17:31:36  loss: 1.8789  time: 0.248  data_time: 0.002  forward_time: 0.018  backward_time: 0.063  lr: 0.000096  max_mem: 11209M      
[2026-01-28 16:24:28]   epoch: [10/70]  step: [370/2078] (17.8%)  eta_epoch: 11:15  eta_total: 17:31:26  loss: 1.8128  time: 0.247  data_time: 0.001  forward_time: 0.012  backward_time: 0.070  lr: 0.000096  max_mem: 11209M      
