[2026-01-21 04:02:28]   ROOT_DIR: /dataset/songzhang/SMore_dev/learning/MedViTV2    
[2026-01-21 04:02:28]   LOG_PATH: /dataset/songzhang/SMore_dev/learning/MedViTV2/logs/2026-01-21_04-02-28.log    
[2026-01-21 04:02:28]   Using cuda:0 device.    
[2026-01-21 04:02:31]   Dataset is available at: /dataset/songzhang/SMore_dev/learning/MedViTV2/temp/fabric    
[2026-01-21 04:02:31]   Number of classes: 27    
[2026-01-21 04:02:31]   Class names: ['canvas', 'chambray', 'chenille', 'chiffon', 'corduroy', 'crepe', 'denim', 'faux_fur', 'faux_leather', 'flannel', 'fleece', 'gingham', 'jersey', 'knit', 'lace', 'lawn', 'neoprene', 'organza', 'plush', 'satin', 'serge', 'taffeta', 'tulle', 'tweed', 'twill', 'velvet', 'vinyl']    
[2026-01-21 04:02:31]   initialize_weights...    
[2026-01-21 04:02:33]   (ImageFolder) Dataset ImageFolder
    Number of datapoints: 99716
    Root location: /dataset/songzhang/SMore_dev/learning/MedViTV2/temp/fabric/train
    StandardTransform
Transform: Compose(
               RandomResizedCrop(size=(224, 224), scale=(0.08, 1.0), ratio=(0.75, 1.3333), interpolation=bilinear, antialias=True)
               AugMix(severity=3, mixture_width=3, chain_depth=-1, alpha=0.4, all_ops=True, interpolation=InterpolationMode.BILINEAR, fill=None)
               RandomHorizontalFlip(p=0.4)
               ToTensor()
               Normalize(mean=[0.5], std=[0.5])
           )    
[2026-01-21 04:02:33]   ===================    
[2026-01-21 04:02:33]   (ImageFolder) Dataset ImageFolder
    Number of datapoints: 24629
    Root location: /dataset/songzhang/SMore_dev/learning/MedViTV2/temp/fabric/test
    StandardTransform
Transform: Compose(
               Resize(size=(224, 224), interpolation=bilinear, max_size=None, antialias=True)
               ToTensor()
               Normalize(mean=[0.5], std=[0.5])
           )    
[2026-01-21 04:03:46]   eta: 61:44:15  iter: 10  progress: 0.0  loss: 3.3096  time: 0.170  data_time: 0.051  forward_time: 0.052  backward_time: 0.064  lr: 0.000100  max_mem: 5159M    
[2026-01-21 04:04:48]   eta: 42:37:36  iter: 20  progress: 0.0  loss: 3.1402  time: 0.221  data_time: 0.004  forward_time: 0.147  backward_time: 0.066  lr: 0.000100  max_mem: 5159M    
[2026-01-21 04:05:53]   eta: 36:08:00  iter: 30  progress: 0.0  loss: 3.1941  time: 0.202  data_time: 0.082  forward_time: 0.061  backward_time: 0.044  lr: 0.000100  max_mem: 5159M    
[2026-01-21 04:06:59]   eta: 33:02:10  iter: 40  progress: 0.0  loss: 3.1733  time: 0.204  data_time: 0.004  forward_time: 0.133  backward_time: 0.059  lr: 0.000100  max_mem: 5159M    
[2026-01-21 04:08:03]   eta: 31:00:00  iter: 50  progress: 0.0  loss: 3.1401  time: 0.220  data_time: 0.006  forward_time: 0.147  backward_time: 0.063  lr: 0.000100  max_mem: 5159M    
[2026-01-21 04:09:04]   eta: 23:27:58  iter: 60  progress: 0.0  loss: 3.0211  time: 0.189  data_time: 0.003  forward_time: 0.132  backward_time: 0.043  lr: 0.000100  max_mem: 5159M    
[2026-01-21 04:10:05]   eta: 22:59:36  iter: 70  progress: 0.0  loss: 3.2090  time: 0.179  data_time: 0.003  forward_time: 0.108  backward_time: 0.063  lr: 0.000100  max_mem: 5159M    
[2026-01-21 04:11:08]   eta: 22:47:49  iter: 80  progress: 0.0  loss: 2.9463  time: 0.192  data_time: 0.088  forward_time: 0.048  backward_time: 0.037  lr: 0.000100  max_mem: 5159M    
[2026-01-21 04:12:04]   eta: 22:28:08  iter: 90  progress: 0.0  loss: 3.2239  time: 0.172  data_time: 0.002  forward_time: 0.105  backward_time: 0.053  lr: 0.000100  max_mem: 5159M    
[2026-01-21 04:13:08]   eta: 22:24:18  iter: 100  progress: 0.0  loss: 3.0800  time: 0.201  data_time: 0.003  forward_time: 0.132  backward_time: 0.060  lr: 0.000100  max_mem: 5159M    
[2026-01-21 04:14:06]   eta: 22:06:51  iter: 110  progress: 0.0  loss: 2.9938  time: 0.206  data_time: 0.002  forward_time: 0.136  backward_time: 0.064  lr: 0.000100  max_mem: 5159M    
[2026-01-21 04:15:09]   eta: 22:24:14  iter: 120  progress: 0.0  loss: 2.9062  time: 0.206  data_time: 0.002  forward_time: 0.133  backward_time: 0.064  lr: 0.000100  max_mem: 5159M    
[2026-01-21 04:16:10]   eta: 22:26:48  iter: 130  progress: 0.0  loss: 3.3654  time: 0.208  data_time: 0.004  forward_time: 0.138  backward_time: 0.061  lr: 0.000100  max_mem: 5159M    
[2026-01-21 04:17:09]   eta: 22:32:00  iter: 140  progress: 0.0  loss: 2.9736  time: 0.203  data_time: 0.003  forward_time: 0.133  backward_time: 0.061  lr: 0.000100  max_mem: 5159M    
[2026-01-21 04:18:11]   eta: 22:42:37  iter: 150  progress: 0.0  loss: 3.0865  time: 0.204  data_time: 0.003  forward_time: 0.133  backward_time: 0.063  lr: 0.000100  max_mem: 5159M    
[2026-01-21 04:19:09]   eta: 22:48:23  iter: 160  progress: 0.0  loss: 3.1235  time: 0.211  data_time: 0.003  forward_time: 0.141  backward_time: 0.053  lr: 0.000100  max_mem: 5159M    
[2026-01-21 04:20:07]   eta: 22:48:43  iter: 170  progress: 0.0  loss: 2.8840  time: 0.205  data_time: 0.003  forward_time: 0.134  backward_time: 0.063  lr: 0.000100  max_mem: 5159M    
[2026-01-21 04:21:04]   eta: 22:55:15  iter: 180  progress: 0.0  loss: 3.1811  time: 0.177  data_time: 0.002  forward_time: 0.108  backward_time: 0.057  lr: 0.000100  max_mem: 5159M    
[2026-01-21 04:22:08]   eta: 22:55:38  iter: 190  progress: 0.0  loss: 2.9744  time: 0.172  data_time: 0.003  forward_time: 0.101  backward_time: 0.065  lr: 0.000100  max_mem: 5159M    
[2026-01-21 04:23:19]   eta: 22:57:13  iter: 200  progress: 0.0  loss: 2.9048  time: 0.229  data_time: 0.004  forward_time: 0.158  backward_time: 0.062  lr: 0.000100  max_mem: 5159M    
[2026-01-21 04:24:32]   eta: 22:51:36  iter: 210  progress: 0.1  loss: 3.1846  time: 0.204  data_time: 0.003  forward_time: 0.134  backward_time: 0.062  lr: 0.000100  max_mem: 5159M    
[2026-01-21 04:25:37]   eta: 22:41:02  iter: 220  progress: 0.1  loss: 2.9957  time: 0.194  data_time: 0.002  forward_time: 0.124  backward_time: 0.063  lr: 0.000100  max_mem: 5159M    
[2026-01-21 04:26:38]   eta: 22:26:24  iter: 230  progress: 0.1  loss: 2.9788  time: 0.204  data_time: 0.003  forward_time: 0.134  backward_time: 0.066  lr: 0.000100  max_mem: 5159M    
[2026-01-21 04:27:45]   eta: 22:51:27  iter: 240  progress: 0.1  loss: 3.0965  time: 0.232  data_time: 0.005  forward_time: 0.157  backward_time: 0.069  lr: 0.000100  max_mem: 5159M    
[2026-01-21 04:28:47]   eta: 22:31:13  iter: 250  progress: 0.1  loss: 3.1615  time: 0.176  data_time: 0.003  forward_time: 0.123  backward_time: 0.028  lr: 0.000100  max_mem: 5159M    
[2026-01-21 04:29:48]   eta: 22:25:45  iter: 260  progress: 0.1  loss: 3.2264  time: 0.180  data_time: 0.003  forward_time: 0.112  backward_time: 0.059  lr: 0.000100  max_mem: 5159M    
[2026-01-21 04:30:48]   eta: 22:30:51  iter: 270  progress: 0.1  loss: 2.9871  time: 0.156  data_time: 0.002  forward_time: 0.088  backward_time: 0.055  lr: 0.000100  max_mem: 5159M    
[2026-01-21 04:31:51]   eta: 22:53:23  iter: 280  progress: 0.1  loss: 2.8981  time: 0.175  data_time: 0.002  forward_time: 0.108  backward_time: 0.055  lr: 0.000100  max_mem: 5159M    
[2026-01-21 04:32:51]   eta: 22:34:43  iter: 290  progress: 0.1  loss: 3.1443  time: 0.229  data_time: 0.088  forward_time: 0.074  backward_time: 0.065  lr: 0.000100  max_mem: 5159M    
[2026-01-21 04:33:49]   eta: 22:38:22  iter: 300  progress: 0.1  loss: 2.9111  time: 0.218  data_time: 0.090  forward_time: 0.059  backward_time: 0.067  lr: 0.000100  max_mem: 5159M    
[2026-01-21 04:34:50]   eta: 22:45:55  iter: 310  progress: 0.1  loss: 2.8823  time: 0.206  data_time: 0.003  forward_time: 0.135  backward_time: 0.063  lr: 0.000100  max_mem: 5159M    
[2026-01-21 04:35:51]   eta: 22:51:51  iter: 320  progress: 0.1  loss: 3.2529  time: 0.200  data_time: 0.003  forward_time: 0.138  backward_time: 0.050  lr: 0.000100  max_mem: 5159M    
[2026-01-21 04:36:55]   eta: 22:48:12  iter: 330  progress: 0.1  loss: 2.6906  time: 0.209  data_time: 0.087  forward_time: 0.055  backward_time: 0.062  lr: 0.000100  max_mem: 5159M    
[2026-01-21 04:37:51]   eta: 22:44:43  iter: 340  progress: 0.1  loss: 2.7783  time: 0.221  data_time: 0.104  forward_time: 0.050  backward_time: 0.065  lr: 0.000100  max_mem: 5159M    
[2026-01-21 04:38:49]   eta: 22:52:29  iter: 350  progress: 0.1  loss: 3.0960  time: 0.198  data_time: 0.003  forward_time: 0.127  backward_time: 0.060  lr: 0.000100  max_mem: 5159M    
[2026-01-21 04:39:47]   eta: 23:00:13  iter: 360  progress: 0.1  loss: 2.9093  time: 0.209  data_time: 0.003  forward_time: 0.138  backward_time: 0.063  lr: 0.000100  max_mem: 5159M    
[2026-01-21 04:40:45]   eta: 23:12:34  iter: 370  progress: 0.1  loss: 3.4633  time: 0.211  data_time: 0.003  forward_time: 0.140  backward_time: 0.067  lr: 0.000100  max_mem: 5159M    
[2026-01-21 04:41:44]   eta: 22:55:39  iter: 380  progress: 0.1  loss: 2.9442  time: 0.206  data_time: 0.003  forward_time: 0.137  backward_time: 0.061  lr: 0.000100  max_mem: 5159M    
[2026-01-21 04:42:46]   eta: 23:07:23  iter: 390  progress: 0.1  loss: 2.9400  time: 0.201  data_time: 0.003  forward_time: 0.129  backward_time: 0.060  lr: 0.000100  max_mem: 5159M    
[2026-01-21 04:43:46]   eta: 22:46:24  iter: 400  progress: 0.1  loss: 2.9351  time: 0.166  data_time: 0.004  forward_time: 0.095  backward_time: 0.059  lr: 0.000100  max_mem: 5159M    
[2026-01-21 04:44:46]   eta: 22:41:15  iter: 410  progress: 0.1  loss: 2.7501  time: 0.207  data_time: 0.003  forward_time: 0.137  backward_time: 0.062  lr: 0.000100  max_mem: 5159M    
[2026-01-21 04:45:46]   eta: 22:41:14  iter: 420  progress: 0.1  loss: 3.0305  time: 0.207  data_time: 0.004  forward_time: 0.136  backward_time: 0.062  lr: 0.000100  max_mem: 5159M    
[2026-01-21 04:46:46]   eta: 22:41:53  iter: 430  progress: 0.1  loss: 2.8687  time: 0.206  data_time: 0.003  forward_time: 0.135  backward_time: 0.063  lr: 0.000100  max_mem: 5159M    
[2026-01-21 04:47:45]   eta: 22:16:55  iter: 440  progress: 0.1  loss: 3.0639  time: 0.209  data_time: 0.003  forward_time: 0.139  backward_time: 0.061  lr: 0.000100  max_mem: 5159M    
[2026-01-21 04:48:45]   eta: 22:44:11  iter: 450  progress: 0.1  loss: 2.9191  time: 0.171  data_time: 0.003  forward_time: 0.100  backward_time: 0.065  lr: 0.000100  max_mem: 5159M    
[2026-01-21 04:49:53]   eta: 22:58:11  iter: 460  progress: 0.1  loss: 3.0148  time: 0.231  data_time: 0.003  forward_time: 0.148  backward_time: 0.075  lr: 0.000100  max_mem: 5159M    
[2026-01-21 04:50:54]   eta: 22:37:43  iter: 470  progress: 0.1  loss: 3.0658  time: 0.212  data_time: 0.003  forward_time: 0.139  backward_time: 0.065  lr: 0.000100  max_mem: 5159M    
[2026-01-21 04:51:53]   eta: 22:51:05  iter: 480  progress: 0.1  loss: 3.1134  time: 0.205  data_time: 0.003  forward_time: 0.135  backward_time: 0.062  lr: 0.000100  max_mem: 5159M    
[2026-01-21 04:52:54]   eta: 22:57:31  iter: 490  progress: 0.1  loss: 2.4825  time: 0.163  data_time: 0.003  forward_time: 0.096  backward_time: 0.058  lr: 0.000100  max_mem: 5159M    
[2026-01-21 04:53:56]   eta: 22:35:48  iter: 500  progress: 0.1  loss: 3.1173  time: 0.182  data_time: 0.003  forward_time: 0.115  backward_time: 0.056  lr: 0.000100  max_mem: 5159M    
[2026-01-21 04:54:53]   eta: 22:23:53  iter: 510  progress: 0.1  loss: 2.9481  time: 0.222  data_time: 0.004  forward_time: 0.150  backward_time: 0.065  lr: 0.000100  max_mem: 5159M    
[2026-01-21 04:55:48]   eta: 22:22:03  iter: 520  progress: 0.1  loss: 3.1473  time: 0.200  data_time: 0.004  forward_time: 0.146  backward_time: 0.042  lr: 0.000100  max_mem: 5159M    
[2026-01-21 04:56:47]   eta: 22:23:43  iter: 530  progress: 0.1  loss: 2.9876  time: 0.213  data_time: 0.089  forward_time: 0.055  backward_time: 0.064  lr: 0.000100  max_mem: 5159M    
[2026-01-21 04:57:45]   eta: 22:30:42  iter: 540  progress: 0.1  loss: 2.7707  time: 0.178  data_time: 0.007  forward_time: 0.104  backward_time: 0.058  lr: 0.000100  max_mem: 5159M    
[2026-01-21 04:58:46]   eta: 22:28:42  iter: 550  progress: 0.1  loss: 2.7491  time: 0.203  data_time: 0.005  forward_time: 0.129  backward_time: 0.068  lr: 0.000100  max_mem: 5159M    
[2026-01-21 04:59:54]   eta: 22:31:24  iter: 560  progress: 0.1  loss: 3.0123  time: 0.229  data_time: 0.004  forward_time: 0.159  backward_time: 0.062  lr: 0.000100  max_mem: 5159M    
[2026-01-21 05:01:01]   eta: 22:33:04  iter: 570  progress: 0.1  loss: 2.7555  time: 0.173  data_time: 0.002  forward_time: 0.105  backward_time: 0.055  lr: 0.000100  max_mem: 5159M    
[2026-01-21 05:02:04]   eta: 22:36:53  iter: 580  progress: 0.1  loss: 3.1144  time: 0.219  data_time: 0.092  forward_time: 0.060  backward_time: 0.064  lr: 0.000100  max_mem: 5159M    
[2026-01-21 05:03:02]   eta: 22:07:06  iter: 590  progress: 0.1  loss: 2.7558  time: 0.186  data_time: 0.003  forward_time: 0.117  backward_time: 0.063  lr: 0.000100  max_mem: 5159M    
[2026-01-21 05:04:04]   eta: 21:59:40  iter: 600  progress: 0.1  loss: 2.8590  time: 0.116  data_time: 0.003  forward_time: 0.047  backward_time: 0.061  lr: 0.000100  max_mem: 5159M    
[2026-01-21 05:05:04]   eta: 21:58:05  iter: 610  progress: 0.1  loss: 2.4557  time: 0.207  data_time: 0.003  forward_time: 0.137  backward_time: 0.062  lr: 0.000100  max_mem: 5159M    
[2026-01-21 05:06:06]   eta: 22:19:36  iter: 620  progress: 0.1  loss: 2.7997  time: 0.199  data_time: 0.003  forward_time: 0.129  backward_time: 0.061  lr: 0.000100  max_mem: 5159M    
[2026-01-21 05:07:12]   eta: 22:14:46  iter: 630  progress: 0.2  loss: 2.4892  time: 0.162  data_time: 0.003  forward_time: 0.108  backward_time: 0.027  lr: 0.000100  max_mem: 5159M    
[2026-01-21 05:08:10]   eta: 22:19:06  iter: 640  progress: 0.2  loss: 2.7282  time: 0.187  data_time: 0.003  forward_time: 0.116  backward_time: 0.063  lr: 0.000100  max_mem: 5159M    
[2026-01-21 05:09:09]   eta: 22:50:04  iter: 650  progress: 0.2  loss: 2.7396  time: 0.214  data_time: 0.004  forward_time: 0.142  backward_time: 0.065  lr: 0.000100  max_mem: 5159M    
[2026-01-21 05:10:21]   eta: 22:45:06  iter: 660  progress: 0.2  loss: 2.6060  time: 0.206  data_time: 0.003  forward_time: 0.136  backward_time: 0.062  lr: 0.000100  max_mem: 5159M    
[2026-01-21 05:11:28]   eta: 22:21:38  iter: 670  progress: 0.2  loss: 2.6670  time: 0.203  data_time: 0.003  forward_time: 0.133  backward_time: 0.063  lr: 0.000100  max_mem: 5159M    
[2026-01-21 05:12:30]   eta: 22:23:16  iter: 680  progress: 0.2  loss: 2.9116  time: 0.177  data_time: 0.002  forward_time: 0.106  backward_time: 0.058  lr: 0.000100  max_mem: 5159M    
[2026-01-21 05:13:25]   eta: 22:35:21  iter: 690  progress: 0.2  loss: 2.5686  time: 0.142  data_time: 0.006  forward_time: 0.068  backward_time: 0.067  lr: 0.000100  max_mem: 5159M    
[2026-01-21 05:14:21]   eta: 22:16:20  iter: 700  progress: 0.2  loss: 2.9371  time: 0.206  data_time: 0.003  forward_time: 0.136  backward_time: 0.061  lr: 0.000100  max_mem: 5159M    
[2026-01-21 05:15:28]   eta: 22:14:33  iter: 710  progress: 0.2  loss: 2.7259  time: 0.213  data_time: 0.003  forward_time: 0.143  backward_time: 0.063  lr: 0.000100  max_mem: 5159M    
[2026-01-21 05:16:29]   eta: 22:21:02  iter: 720  progress: 0.2  loss: 2.6459  time: 0.214  data_time: 0.004  forward_time: 0.141  backward_time: 0.067  lr: 0.000100  max_mem: 5159M    
[2026-01-21 05:17:30]   eta: 22:10:53  iter: 730  progress: 0.2  loss: 2.2543  time: 0.226  data_time: 0.003  forward_time: 0.150  backward_time: 0.068  lr: 0.000100  max_mem: 5159M    
[2026-01-21 05:18:34]   eta: 22:28:26  iter: 740  progress: 0.2  loss: 2.6715  time: 0.208  data_time: 0.002  forward_time: 0.138  backward_time: 0.063  lr: 0.000100  max_mem: 5159M    
[2026-01-21 05:19:36]   eta: 22:25:25  iter: 750  progress: 0.2  loss: 2.5439  time: 0.139  data_time: 0.003  forward_time: 0.070  backward_time: 0.064  lr: 0.000100  max_mem: 5159M    
[2026-01-21 05:20:35]   eta: 22:36:42  iter: 760  progress: 0.2  loss: 2.8990  time: 0.244  data_time: 0.005  forward_time: 0.172  backward_time: 0.066  lr: 0.000100  max_mem: 5159M    
[2026-01-21 05:21:39]   eta: 22:50:07  iter: 770  progress: 0.2  loss: 2.2517  time: 0.203  data_time: 0.085  forward_time: 0.052  backward_time: 0.062  lr: 0.000100  max_mem: 5159M    
[2026-01-21 05:22:44]   eta: 22:56:22  iter: 780  progress: 0.2  loss: 2.5771  time: 0.213  data_time: 0.084  forward_time: 0.062  backward_time: 0.062  lr: 0.000100  max_mem: 5159M    
[2026-01-21 05:23:45]   eta: 22:58:32  iter: 790  progress: 0.2  loss: 2.8300  time: 0.174  data_time: 0.002  forward_time: 0.106  backward_time: 0.055  lr: 0.000100  max_mem: 5159M    
[2026-01-21 05:24:41]   eta: 23:11:07  iter: 800  progress: 0.2  loss: 2.6586  time: 0.228  data_time: 0.003  forward_time: 0.158  backward_time: 0.065  lr: 0.000100  max_mem: 5159M    
[2026-01-21 05:25:36]   eta: 23:14:10  iter: 810  progress: 0.2  loss: 2.3096  time: 0.202  data_time: 0.002  forward_time: 0.132  backward_time: 0.062  lr: 0.000100  max_mem: 5159M    
[2026-01-21 05:26:33]   eta: 23:12:31  iter: 820  progress: 0.2  loss: 2.5208  time: 0.212  data_time: 0.003  forward_time: 0.141  backward_time: 0.063  lr: 0.000100  max_mem: 5159M    
[2026-01-21 05:27:35]   eta: 23:03:13  iter: 830  progress: 0.2  loss: 2.4710  time: 0.167  data_time: 0.002  forward_time: 0.101  backward_time: 0.052  lr: 0.000100  max_mem: 5159M    
[2026-01-21 05:28:35]   eta: 22:49:48  iter: 840  progress: 0.2  loss: 2.2944  time: 0.169  data_time: 0.002  forward_time: 0.102  backward_time: 0.054  lr: 0.000100  max_mem: 5159M    
[2026-01-21 05:29:29]   eta: 22:41:30  iter: 850  progress: 0.2  loss: 2.4008  time: 0.118  data_time: 0.003  forward_time: 0.048  backward_time: 0.063  lr: 0.000100  max_mem: 5159M    
[2026-01-21 05:30:26]   eta: 22:41:31  iter: 860  progress: 0.2  loss: 2.7048  time: 0.206  data_time: 0.003  forward_time: 0.136  backward_time: 0.060  lr: 0.000100  max_mem: 5159M    
[2026-01-21 05:31:25]   eta: 22:22:21  iter: 870  progress: 0.2  loss: 2.5258  time: 0.195  data_time: 0.003  forward_time: 0.141  backward_time: 0.041  lr: 0.000100  max_mem: 5159M    
[2026-01-21 05:32:19]   eta: 22:32:56  iter: 880  progress: 0.2  loss: 2.0585  time: 0.207  data_time: 0.003  forward_time: 0.145  backward_time: 0.051  lr: 0.000100  max_mem: 5159M    
[2026-01-21 05:33:24]   eta: 22:36:58  iter: 890  progress: 0.2  loss: 2.4814  time: 0.204  data_time: 0.004  forward_time: 0.134  backward_time: 0.064  lr: 0.000100  max_mem: 5159M    
[2026-01-21 05:34:25]   eta: 22:43:59  iter: 900  progress: 0.2  loss: 2.3558  time: 0.208  data_time: 0.003  forward_time: 0.136  backward_time: 0.065  lr: 0.000100  max_mem: 5159M    
[2026-01-21 05:35:27]   eta: 22:30:54  iter: 910  progress: 0.2  loss: 2.1942  time: 0.183  data_time: 0.003  forward_time: 0.114  backward_time: 0.061  lr: 0.000100  max_mem: 5159M    
[2026-01-21 05:36:25]   eta: 22:27:19  iter: 920  progress: 0.2  loss: 2.4033  time: 0.165  data_time: 0.002  forward_time: 0.097  backward_time: 0.054  lr: 0.000100  max_mem: 5159M    
[2026-01-21 05:37:22]   eta: 22:43:00  iter: 930  progress: 0.2  loss: 2.8403  time: 0.163  data_time: 0.002  forward_time: 0.108  backward_time: 0.040  lr: 0.000100  max_mem: 5159M    
[2026-01-21 05:38:26]   eta: 22:41:44  iter: 940  progress: 0.2  loss: 2.5521  time: 0.197  data_time: 0.002  forward_time: 0.129  backward_time: 0.062  lr: 0.000100  max_mem: 5159M    
[2026-01-21 05:39:27]   eta: 22:51:14  iter: 950  progress: 0.2  loss: 2.3613  time: 0.216  data_time: 0.003  forward_time: 0.144  backward_time: 0.068  lr: 0.000100  max_mem: 5159M    
[2026-01-21 05:40:27]   eta: 22:40:38  iter: 960  progress: 0.2  loss: 2.3723  time: 0.175  data_time: 0.002  forward_time: 0.108  backward_time: 0.054  lr: 0.000100  max_mem: 5159M    
[2026-01-21 05:41:25]   eta: 22:42:30  iter: 970  progress: 0.2  loss: 2.2934  time: 0.160  data_time: 0.002  forward_time: 0.107  backward_time: 0.030  lr: 0.000100  max_mem: 5159M    
[2026-01-21 05:42:22]   eta: 22:30:15  iter: 980  progress: 0.2  loss: 2.4670  time: 0.211  data_time: 0.090  forward_time: 0.055  backward_time: 0.065  lr: 0.000100  max_mem: 5159M    
[2026-01-21 05:43:19]   eta: 22:19:11  iter: 990  progress: 0.2  loss: 2.1549  time: 0.209  data_time: 0.003  forward_time: 0.139  backward_time: 0.064  lr: 0.000100  max_mem: 5159M    
[2026-01-21 05:44:21]   eta: 21:55:29  iter: 1000  progress: 0.2  loss: 2.5004  time: 0.208  data_time: 0.003  forward_time: 0.137  backward_time: 0.064  lr: 0.000100  max_mem: 5159M    
[2026-01-21 05:45:22]   eta: 22:02:40  iter: 1010  progress: 0.2  loss: 2.1886  time: 0.176  data_time: 0.002  forward_time: 0.106  backward_time: 0.059  lr: 0.000100  max_mem: 5159M    
[2026-01-21 05:46:17]   eta: 22:28:53  iter: 1020  progress: 0.2  loss: 2.4183  time: 0.208  data_time: 0.003  forward_time: 0.137  backward_time: 0.065  lr: 0.000100  max_mem: 5159M    
[2026-01-21 05:47:15]   eta: 22:24:03  iter: 1030  progress: 0.2  loss: 2.5224  time: 0.207  data_time: 0.003  forward_time: 0.136  backward_time: 0.063  lr: 0.000100  max_mem: 5159M    
[2026-01-21 05:48:15]   eta: 22:47:44  iter: 1040  progress: 0.3  loss: 1.9247  time: 0.211  data_time: 0.003  forward_time: 0.140  backward_time: 0.064  lr: 0.000100  max_mem: 5159M    
[2026-01-21 05:49:21]   eta: 23:02:23  iter: 1050  progress: 0.3  loss: 2.0574  time: 0.208  data_time: 0.089  forward_time: 0.052  backward_time: 0.061  lr: 0.000100  max_mem: 5159M    
[2026-01-21 05:50:22]   eta: 23:27:46  iter: 1060  progress: 0.3  loss: 2.6260  time: 0.200  data_time: 0.003  forward_time: 0.138  backward_time: 0.054  lr: 0.000100  max_mem: 5159M    
[2026-01-21 05:51:17]   eta: 23:39:28  iter: 1070  progress: 0.3  loss: 2.1400  time: 0.203  data_time: 0.003  forward_time: 0.134  backward_time: 0.061  lr: 0.000100  max_mem: 5159M    
[2026-01-21 05:52:13]   eta: 23:37:27  iter: 1080  progress: 0.3  loss: 1.9979  time: 0.228  data_time: 0.089  forward_time: 0.072  backward_time: 0.067  lr: 0.000100  max_mem: 5159M    
[2026-01-21 05:53:10]   eta: 23:24:35  iter: 1090  progress: 0.3  loss: 2.3364  time: 0.198  data_time: 0.003  forward_time: 0.116  backward_time: 0.066  lr: 0.000100  max_mem: 5159M    
[2026-01-21 05:54:07]   eta: 23:19:52  iter: 1100  progress: 0.3  loss: 2.2694  time: 0.193  data_time: 0.002  forward_time: 0.136  backward_time: 0.042  lr: 0.000100  max_mem: 5159M    
[2026-01-21 05:55:03]   eta: 22:53:35  iter: 1110  progress: 0.3  loss: 2.4793  time: 0.209  data_time: 0.004  forward_time: 0.137  backward_time: 0.064  lr: 0.000100  max_mem: 5159M    
[2026-01-21 05:55:59]   eta: 22:24:51  iter: 1120  progress: 0.3  loss: 2.4196  time: 0.201  data_time: 0.091  forward_time: 0.060  backward_time: 0.034  lr: 0.000100  max_mem: 5159M    
[2026-01-21 05:57:08]   eta: 22:19:58  iter: 1130  progress: 0.3  loss: 2.4702  time: 0.218  data_time: 0.088  forward_time: 0.062  backward_time: 0.061  lr: 0.000100  max_mem: 5159M    
[2026-01-21 05:58:11]   eta: 22:36:16  iter: 1140  progress: 0.3  loss: 2.3527  time: 0.191  data_time: 0.003  forward_time: 0.137  backward_time: 0.033  lr: 0.000100  max_mem: 5159M    
[2026-01-21 05:59:14]   eta: 22:01:05  iter: 1150  progress: 0.3  loss: 2.2446  time: 0.138  data_time: 0.003  forward_time: 0.067  backward_time: 0.065  lr: 0.000100  max_mem: 5159M    
[2026-01-21 06:00:16]   eta: 22:14:04  iter: 1160  progress: 0.3  loss: 2.3067  time: 0.219  data_time: 0.004  forward_time: 0.148  backward_time: 0.063  lr: 0.000100  max_mem: 5159M    
[2026-01-21 06:01:16]   eta: 22:14:28  iter: 1170  progress: 0.3  loss: 2.4500  time: 0.213  data_time: 0.004  forward_time: 0.142  backward_time: 0.063  lr: 0.000100  max_mem: 5159M    
[2026-01-21 06:02:17]   eta: 21:59:04  iter: 1180  progress: 0.3  loss: 2.1007  time: 0.205  data_time: 0.003  forward_time: 0.151  backward_time: 0.034  lr: 0.000100  max_mem: 5159M    
[2026-01-21 06:03:23]   eta: 21:44:03  iter: 1190  progress: 0.3  loss: 2.3674  time: 0.214  data_time: 0.003  forward_time: 0.142  backward_time: 0.065  lr: 0.000100  max_mem: 5159M    
[2026-01-21 06:04:20]   eta: 22:44:21  iter: 1200  progress: 0.3  loss: 2.7003  time: 0.212  data_time: 0.004  forward_time: 0.143  backward_time: 0.062  lr: 0.000100  max_mem: 5159M    
[2026-01-21 06:05:21]   eta: 22:16:42  iter: 1210  progress: 0.3  loss: 2.9066  time: 0.208  data_time: 0.003  forward_time: 0.139  backward_time: 0.061  lr: 0.000100  max_mem: 5159M    
[2026-01-21 06:06:24]   eta: 22:27:32  iter: 1220  progress: 0.3  loss: 2.1720  time: 0.210  data_time: 0.003  forward_time: 0.139  backward_time: 0.064  lr: 0.000100  max_mem: 5159M    
[2026-01-21 06:07:22]   eta: 22:37:36  iter: 1230  progress: 0.3  loss: 2.4590  time: 0.171  data_time: 0.002  forward_time: 0.101  backward_time: 0.056  lr: 0.000100  max_mem: 5159M    
[2026-01-21 06:08:20]   eta: 22:40:00  iter: 1240  progress: 0.3  loss: 2.8535  time: 0.212  data_time: 0.003  forward_time: 0.142  backward_time: 0.062  lr: 0.000100  max_mem: 5159M    
[2026-01-21 06:09:17]   eta: 22:18:55  iter: 1250  progress: 0.3  loss: 1.9436  time: 0.193  data_time: 0.076  forward_time: 0.051  backward_time: 0.062  lr: 0.000100  max_mem: 5159M    
[2026-01-21 06:10:15]   eta: 22:24:43  iter: 1260  progress: 0.3  loss: 2.4300  time: 0.185  data_time: 0.003  forward_time: 0.116  backward_time: 0.058  lr: 0.000100  max_mem: 5159M    
[2026-01-21 06:11:16]   eta: 22:25:19  iter: 1270  progress: 0.3  loss: 1.8702  time: 0.188  data_time: 0.003  forward_time: 0.134  backward_time: 0.037  lr: 0.000100  max_mem: 5159M    
[2026-01-21 06:12:19]   eta: 22:50:46  iter: 1280  progress: 0.3  loss: 1.8411  time: 0.225  data_time: 0.090  forward_time: 0.061  backward_time: 0.074  lr: 0.000100  max_mem: 5159M    
[2026-01-21 06:13:17]   eta: 22:39:54  iter: 1290  progress: 0.3  loss: 2.5759  time: 0.224  data_time: 0.005  forward_time: 0.152  backward_time: 0.064  lr: 0.000100  max_mem: 5159M    
[2026-01-21 06:14:16]   eta: 22:37:51  iter: 1300  progress: 0.3  loss: 2.2876  time: 0.195  data_time: 0.004  forward_time: 0.141  backward_time: 0.034  lr: 0.000100  max_mem: 5159M    
[2026-01-21 06:15:12]   eta: 22:35:56  iter: 1310  progress: 0.3  loss: 2.8359  time: 0.212  data_time: 0.006  forward_time: 0.156  backward_time: 0.038  lr: 0.000100  max_mem: 5159M    
[2026-01-21 06:16:06]   eta: 22:24:13  iter: 1320  progress: 0.3  loss: 2.0432  time: 0.214  data_time: 0.090  forward_time: 0.058  backward_time: 0.060  lr: 0.000100  max_mem: 5159M    
[2026-01-21 06:16:59]   eta: 22:19:13  iter: 1330  progress: 0.3  loss: 2.3028  time: 0.209  data_time: 0.002  forward_time: 0.157  backward_time: 0.028  lr: 0.000100  max_mem: 5159M    
[2026-01-21 06:17:55]   eta: 22:25:34  iter: 1340  progress: 0.3  loss: 2.4748  time: 0.203  data_time: 0.002  forward_time: 0.133  backward_time: 0.062  lr: 0.000100  max_mem: 5159M    
[2026-01-21 06:18:55]   eta: 22:31:37  iter: 1350  progress: 0.3  loss: 2.7896  time: 0.215  data_time: 0.004  forward_time: 0.144  backward_time: 0.064  lr: 0.000100  max_mem: 5159M    
[2026-01-21 06:20:01]   eta: 22:38:01  iter: 1360  progress: 0.3  loss: 2.4257  time: 0.214  data_time: 0.004  forward_time: 0.141  backward_time: 0.065  lr: 0.000100  max_mem: 5159M    
[2026-01-21 06:21:04]   eta: 22:13:59  iter: 1370  progress: 0.3  loss: 2.3152  time: 0.177  data_time: 0.002  forward_time: 0.108  backward_time: 0.056  lr: 0.000100  max_mem: 5159M    
[2026-01-21 06:22:05]   eta: 22:16:54  iter: 1380  progress: 0.3  loss: 1.7021  time: 0.211  data_time: 0.003  forward_time: 0.142  backward_time: 0.060  lr: 0.000100  max_mem: 5159M    
[2026-01-21 06:23:02]   eta: 22:14:46  iter: 1390  progress: 0.3  loss: 2.3065  time: 0.183  data_time: 0.003  forward_time: 0.129  backward_time: 0.034  lr: 0.000100  max_mem: 5159M    
[2026-01-21 06:24:04]   eta: 22:00:32  iter: 1400  progress: 0.3  loss: 2.1528  time: 0.203  data_time: 0.003  forward_time: 0.133  backward_time: 0.061  lr: 0.000100  max_mem: 5159M    
[2026-01-21 06:24:59]   eta: 22:26:41  iter: 1410  progress: 0.3  loss: 1.7809  time: 0.219  data_time: 0.004  forward_time: 0.148  backward_time: 0.062  lr: 0.000100  max_mem: 5159M    
[2026-01-21 06:25:51]   eta: 22:27:25  iter: 1420  progress: 0.3  loss: 2.5306  time: 0.177  data_time: 0.002  forward_time: 0.109  backward_time: 0.055  lr: 0.000100  max_mem: 5159M    
[2026-01-21 06:26:46]   eta: 22:17:15  iter: 1430  progress: 0.3  loss: 2.2421  time: 0.212  data_time: 0.003  forward_time: 0.142  backward_time: 0.067  lr: 0.000100  max_mem: 5159M    
[2026-01-21 06:27:43]   eta: 22:10:45  iter: 1440  progress: 0.3  loss: 2.4407  time: 0.211  data_time: 0.003  forward_time: 0.140  backward_time: 0.065  lr: 0.000100  max_mem: 5159M    
[2026-01-21 06:28:43]   eta: 22:16:49  iter: 1450  progress: 0.3  loss: 2.5421  time: 0.215  data_time: 0.004  forward_time: 0.145  backward_time: 0.063  lr: 0.000100  max_mem: 5159M    
[2026-01-21 06:29:43]   eta: 21:59:06  iter: 1460  progress: 0.4  loss: 2.0723  time: 0.208  data_time: 0.003  forward_time: 0.138  backward_time: 0.062  lr: 0.000100  max_mem: 5159M    
[2026-01-21 06:30:42]   eta: 22:23:51  iter: 1470  progress: 0.4  loss: 2.3589  time: 0.206  data_time: 0.003  forward_time: 0.135  backward_time: 0.063  lr: 0.000100  max_mem: 5159M    
[2026-01-21 06:31:49]   eta: 22:23:43  iter: 1480  progress: 0.4  loss: 2.4447  time: 0.209  data_time: 0.004  forward_time: 0.137  backward_time: 0.065  lr: 0.000100  max_mem: 5159M    
[2026-01-21 06:32:54]   eta: 22:24:18  iter: 1490  progress: 0.4  loss: 2.5263  time: 0.212  data_time: 0.004  forward_time: 0.141  backward_time: 0.063  lr: 0.000100  max_mem: 5159M    
[2026-01-21 06:33:59]   eta: 22:23:53  iter: 1500  progress: 0.4  loss: 2.0757  time: 0.168  data_time: 0.002  forward_time: 0.103  backward_time: 0.052  lr: 0.000100  max_mem: 5159M    
[2026-01-21 06:34:59]   eta: 22:25:05  iter: 1510  progress: 0.4  loss: 2.5263  time: 0.131  data_time: 0.004  forward_time: 0.059  backward_time: 0.065  lr: 0.000100  max_mem: 5159M    
[2026-01-21 06:36:00]   eta: 22:54:34  iter: 1520  progress: 0.4  loss: 1.9455  time: 0.212  data_time: 0.003  forward_time: 0.156  backward_time: 0.043  lr: 0.000100  max_mem: 5159M    
[2026-01-21 06:37:03]   eta: 22:45:28  iter: 1530  progress: 0.4  loss: 2.5583  time: 0.137  data_time: 0.023  forward_time: 0.048  backward_time: 0.063  lr: 0.000100  max_mem: 5159M    
[2026-01-21 06:38:00]   eta: 22:53:56  iter: 1540  progress: 0.4  loss: 1.9489  time: 0.208  data_time: 0.003  forward_time: 0.138  backward_time: 0.063  lr: 0.000100  max_mem: 5159M    
[2026-01-21 06:38:57]   eta: 22:45:34  iter: 1550  progress: 0.4  loss: 2.1788  time: 0.213  data_time: 0.004  forward_time: 0.141  backward_time: 0.063  lr: 0.000100  max_mem: 5159M    
[2026-01-21 06:39:54]   eta: 22:53:42  iter: 1560  progress: 0.4  loss: 2.5579  time: 0.213  data_time: 0.005  forward_time: 0.139  backward_time: 0.066  lr: 0.000100  max_mem: 5159M    
[2026-01-21 06:40:53]   eta: 22:34:50  iter: 1570  progress: 0.4  loss: 2.5114  time: 0.207  data_time: 0.003  forward_time: 0.138  backward_time: 0.061  lr: 0.000100  max_mem: 5159M    
[2026-01-21 06:41:51]   eta: 22:40:16  iter: 1580  progress: 0.4  loss: 2.0872  time: 0.206  data_time: 0.003  forward_time: 0.136  backward_time: 0.061  lr: 0.000100  max_mem: 5159M    
[2026-01-21 06:42:42]   eta: 22:05:11  iter: 1590  progress: 0.4  loss: 2.2143  time: 0.179  data_time: 0.003  forward_time: 0.124  backward_time: 0.036  lr: 0.000100  max_mem: 5159M    
[2026-01-21 06:43:37]   eta: 22:08:54  iter: 1600  progress: 0.4  loss: 2.1600  time: 0.207  data_time: 0.003  forward_time: 0.136  backward_time: 0.063  lr: 0.000100  max_mem: 5159M    
[2026-01-21 06:44:36]   eta: 22:11:48  iter: 1610  progress: 0.4  loss: 2.1693  time: 0.173  data_time: 0.003  forward_time: 0.119  backward_time: 0.034  lr: 0.000100  max_mem: 5159M    
[2026-01-21 06:45:30]   eta: 22:04:35  iter: 1620  progress: 0.4  loss: 1.9596  time: 0.210  data_time: 0.003  forward_time: 0.138  backward_time: 0.067  lr: 0.000100  max_mem: 5159M    
[2026-01-21 06:46:21]   eta: 21:39:36  iter: 1630  progress: 0.4  loss: 2.7439  time: 0.211  data_time: 0.002  forward_time: 0.142  backward_time: 0.061  lr: 0.000100  max_mem: 5159M    
[2026-01-21 06:47:16]   eta: 22:00:30  iter: 1640  progress: 0.4  loss: 2.0790  time: 0.186  data_time: 0.003  forward_time: 0.133  backward_time: 0.029  lr: 0.000100  max_mem: 5159M    
[2026-01-21 06:48:10]   eta: 22:17:49  iter: 1650  progress: 0.4  loss: 2.4742  time: 0.198  data_time: 0.003  forward_time: 0.130  backward_time: 0.059  lr: 0.000100  max_mem: 5159M    
[2026-01-21 06:49:06]   eta: 21:59:31  iter: 1660  progress: 0.4  loss: 2.4071  time: 0.177  data_time: 0.002  forward_time: 0.108  backward_time: 0.060  lr: 0.000100  max_mem: 5159M    
[2026-01-21 06:50:06]   eta: 22:00:41  iter: 1670  progress: 0.4  loss: 2.4031  time: 0.212  data_time: 0.085  forward_time: 0.059  backward_time: 0.064  lr: 0.000100  max_mem: 5159M    
[2026-01-21 06:51:03]   eta: 22:23:03  iter: 1680  progress: 0.4  loss: 2.3374  time: 0.211  data_time: 0.003  forward_time: 0.139  backward_time: 0.064  lr: 0.000100  max_mem: 5159M    
[2026-01-21 06:52:01]   eta: 22:32:58  iter: 1690  progress: 0.4  loss: 1.9688  time: 0.207  data_time: 0.003  forward_time: 0.139  backward_time: 0.060  lr: 0.000100  max_mem: 5159M    
[2026-01-21 06:52:57]   eta: 22:18:39  iter: 1700  progress: 0.4  loss: 2.2661  time: 0.128  data_time: 0.004  forward_time: 0.057  backward_time: 0.064  lr: 0.000100  max_mem: 5159M    
[2026-01-21 06:53:54]   eta: 22:21:39  iter: 1710  progress: 0.4  loss: 2.4143  time: 0.204  data_time: 0.005  forward_time: 0.149  backward_time: 0.033  lr: 0.000100  max_mem: 5159M    
[2026-01-21 06:54:49]   eta: 22:35:19  iter: 1720  progress: 0.4  loss: 2.9976  time: 0.201  data_time: 0.003  forward_time: 0.132  backward_time: 0.060  lr: 0.000100  max_mem: 5159M    
[2026-01-21 06:55:47]   eta: 22:24:30  iter: 1730  progress: 0.4  loss: 2.0292  time: 0.172  data_time: 0.002  forward_time: 0.105  backward_time: 0.052  lr: 0.000100  max_mem: 5159M    
[2026-01-21 06:56:45]   eta: 22:15:18  iter: 1740  progress: 0.4  loss: 2.1711  time: 0.093  data_time: 0.003  forward_time: 0.024  backward_time: 0.059  lr: 0.000100  max_mem: 5159M    
[2026-01-21 06:57:44]   eta: 22:18:41  iter: 1750  progress: 0.4  loss: 2.2019  time: 0.191  data_time: 0.003  forward_time: 0.138  backward_time: 0.031  lr: 0.000100  max_mem: 5159M    
[2026-01-21 06:58:39]   eta: 22:28:22  iter: 1760  progress: 0.4  loss: 2.9940  time: 0.168  data_time: 0.002  forward_time: 0.101  backward_time: 0.054  lr: 0.000100  max_mem: 5159M    
[2026-01-21 06:59:34]   eta: 22:05:31  iter: 1770  progress: 0.4  loss: 2.2826  time: 0.206  data_time: 0.003  forward_time: 0.142  backward_time: 0.056  lr: 0.000100  max_mem: 5159M    
[2026-01-21 07:00:26]   eta: 22:04:16  iter: 1780  progress: 0.4  loss: 2.0800  time: 0.204  data_time: 0.003  forward_time: 0.135  backward_time: 0.061  lr: 0.000100  max_mem: 5159M    
[2026-01-21 07:01:22]   eta: 22:11:51  iter: 1790  progress: 0.4  loss: 2.1248  time: 0.209  data_time: 0.003  forward_time: 0.138  backward_time: 0.063  lr: 0.000100  max_mem: 5159M    
[2026-01-21 07:02:22]   eta: 22:15:56  iter: 1800  progress: 0.4  loss: 2.3570  time: 0.172  data_time: 0.002  forward_time: 0.104  backward_time: 0.059  lr: 0.000100  max_mem: 5159M    
[2026-01-21 07:03:18]   eta: 22:08:08  iter: 1810  progress: 0.4  loss: 2.5538  time: 0.166  data_time: 0.002  forward_time: 0.097  backward_time: 0.056  lr: 0.000100  max_mem: 5159M    
[2026-01-21 07:04:19]   eta: 21:44:55  iter: 1820  progress: 0.4  loss: 2.3902  time: 0.196  data_time: 0.085  forward_time: 0.045  backward_time: 0.059  lr: 0.000100  max_mem: 5159M    
[2026-01-21 07:05:16]   eta: 22:16:27  iter: 1830  progress: 0.4  loss: 1.9761  time: 0.210  data_time: 0.003  forward_time: 0.139  backward_time: 0.064  lr: 0.000100  max_mem: 5159M    
[2026-01-21 07:06:18]   eta: 21:58:09  iter: 1840  progress: 0.4  loss: 2.8052  time: 0.107  data_time: 0.004  forward_time: 0.053  backward_time: 0.033  lr: 0.000100  max_mem: 5159M    
[2026-01-21 07:07:17]   eta: 21:51:41  iter: 1850  progress: 0.4  loss: 1.9741  time: 0.208  data_time: 0.089  forward_time: 0.052  backward_time: 0.064  lr: 0.000100  max_mem: 5159M    
[2026-01-21 07:08:16]   eta: 21:44:17  iter: 1860  progress: 0.4  loss: 2.1444  time: 0.214  data_time: 0.006  forward_time: 0.140  backward_time: 0.063  lr: 0.000100  max_mem: 5159M    
[2026-01-21 07:09:10]   eta: 21:53:50  iter: 1870  progress: 0.5  loss: 2.0463  time: 0.162  data_time: 0.002  forward_time: 0.100  backward_time: 0.047  lr: 0.000100  max_mem: 5159M    
[2026-01-21 07:10:04]   eta: 21:33:21  iter: 1880  progress: 0.5  loss: 2.3006  time: 0.171  data_time: 0.002  forward_time: 0.105  backward_time: 0.051  lr: 0.000100  max_mem: 5159M    
[2026-01-21 07:10:59]   eta: 21:58:15  iter: 1890  progress: 0.5  loss: 2.1353  time: 0.209  data_time: 0.003  forward_time: 0.139  backward_time: 0.063  lr: 0.000100  max_mem: 5159M    
[2026-01-21 07:11:57]   eta: 22:00:26  iter: 1900  progress: 0.5  loss: 2.0067  time: 0.205  data_time: 0.003  forward_time: 0.136  backward_time: 0.062  lr: 0.000100  max_mem: 5159M    
[2026-01-21 07:12:55]   eta: 22:14:02  iter: 1910  progress: 0.5  loss: 2.0479  time: 0.219  data_time: 0.003  forward_time: 0.145  backward_time: 0.068  lr: 0.000100  max_mem: 5159M    
[2026-01-21 07:13:54]   eta: 22:45:49  iter: 1920  progress: 0.5  loss: 2.0975  time: 0.212  data_time: 0.003  forward_time: 0.141  backward_time: 0.063  lr: 0.000100  max_mem: 5159M    
[2026-01-21 07:14:56]   eta: 23:00:44  iter: 1930  progress: 0.5  loss: 2.6591  time: 0.208  data_time: 0.003  forward_time: 0.136  backward_time: 0.063  lr: 0.000100  max_mem: 5159M    
[2026-01-21 07:15:55]   eta: 22:53:17  iter: 1940  progress: 0.5  loss: 2.4377  time: 0.170  data_time: 0.003  forward_time: 0.117  backward_time: 0.029  lr: 0.000100  max_mem: 5159M    
[2026-01-21 07:17:00]   eta: 23:11:16  iter: 1950  progress: 0.5  loss: 1.9785  time: 0.162  data_time: 0.049  forward_time: 0.047  backward_time: 0.061  lr: 0.000100  max_mem: 5159M    
[2026-01-21 07:18:03]   eta: 23:01:56  iter: 1960  progress: 0.5  loss: 2.4254  time: 0.206  data_time: 0.003  forward_time: 0.136  backward_time: 0.063  lr: 0.000100  max_mem: 5159M    
[2026-01-21 07:18:58]   eta: 22:41:38  iter: 1970  progress: 0.5  loss: 1.9943  time: 0.190  data_time: 0.003  forward_time: 0.136  backward_time: 0.029  lr: 0.000100  max_mem: 5159M    
[2026-01-21 07:19:56]   eta: 22:14:03  iter: 1980  progress: 0.5  loss: 2.4626  time: 0.172  data_time: 0.003  forward_time: 0.119  backward_time: 0.034  lr: 0.000100  max_mem: 5159M    
[2026-01-21 07:20:51]   eta: 22:18:52  iter: 1990  progress: 0.5  loss: 2.1053  time: 0.204  data_time: 0.005  forward_time: 0.132  backward_time: 0.067  lr: 0.000100  max_mem: 5159M    
[2026-01-21 07:21:50]   eta: 22:13:19  iter: 2000  progress: 0.5  loss: 2.5210  time: 0.205  data_time: 0.003  forward_time: 0.136  backward_time: 0.060  lr: 0.000100  max_mem: 5159M    
[2026-01-21 07:22:50]   eta: 22:16:58  iter: 2010  progress: 0.5  loss: 2.1462  time: 0.217  data_time: 0.004  forward_time: 0.144  backward_time: 0.064  lr: 0.000100  max_mem: 5159M    
[2026-01-21 07:23:45]   eta: 22:18:41  iter: 2020  progress: 0.5  loss: 2.3849  time: 0.200  data_time: 0.083  forward_time: 0.050  backward_time: 0.061  lr: 0.000100  max_mem: 5159M    
[2026-01-21 07:24:42]   eta: 22:33:32  iter: 2030  progress: 0.5  loss: 2.0922  time: 0.219  data_time: 0.003  forward_time: 0.145  backward_time: 0.064  lr: 0.000100  max_mem: 5159M    
[2026-01-21 07:25:45]   eta: 22:50:21  iter: 2040  progress: 0.5  loss: 2.5169  time: 0.214  data_time: 0.003  forward_time: 0.142  backward_time: 0.065  lr: 0.000100  max_mem: 5159M    
[2026-01-21 07:26:44]   eta: 22:38:37  iter: 2050  progress: 0.5  loss: 1.9125  time: 0.215  data_time: 0.105  forward_time: 0.059  backward_time: 0.034  lr: 0.000100  max_mem: 5159M    
[2026-01-21 07:27:46]   eta: 22:16:13  iter: 2060  progress: 0.5  loss: 1.8766  time: 0.192  data_time: 0.003  forward_time: 0.139  backward_time: 0.037  lr: 0.000100  max_mem: 5159M    
[2026-01-21 07:28:46]   eta: 22:23:36  iter: 2070  progress: 0.5  loss: 2.2696  time: 0.206  data_time: 0.004  forward_time: 0.135  backward_time: 0.064  lr: 0.000100  max_mem: 5159M    
[2026-01-21 07:29:49]   eta: 22:39:31  iter: 2080  progress: 0.5  loss: 2.7167  time: 0.196  data_time: 0.003  forward_time: 0.122  backward_time: 0.068  lr: 0.000100  max_mem: 5159M    
[2026-01-21 07:30:51]   eta: 22:32:18  iter: 2090  progress: 0.5  loss: 2.4025  time: 0.205  data_time: 0.003  forward_time: 0.134  backward_time: 0.063  lr: 0.000100  max_mem: 5159M    
[2026-01-21 07:31:53]   eta: 22:26:05  iter: 2100  progress: 0.5  loss: 2.3140  time: 0.116  data_time: 0.003  forward_time: 0.047  backward_time: 0.061  lr: 0.000100  max_mem: 5159M    
[2026-01-21 07:32:55]   eta: 22:43:29  iter: 2110  progress: 0.5  loss: 2.4576  time: 0.215  data_time: 0.003  forward_time: 0.143  backward_time: 0.066  lr: 0.000100  max_mem: 5159M    
[2026-01-21 07:33:55]   eta: 22:44:08  iter: 2120  progress: 0.5  loss: 2.4195  time: 0.199  data_time: 0.003  forward_time: 0.139  backward_time: 0.044  lr: 0.000100  max_mem: 5159M    
[2026-01-21 07:34:49]   eta: 22:19:32  iter: 2130  progress: 0.5  loss: 2.3666  time: 0.197  data_time: 0.003  forward_time: 0.142  backward_time: 0.044  lr: 0.000100  max_mem: 5159M    
[2026-01-21 07:35:47]   eta: 22:33:31  iter: 2140  progress: 0.5  loss: 2.0319  time: 0.212  data_time: 0.003  forward_time: 0.141  backward_time: 0.063  lr: 0.000100  max_mem: 5159M    
[2026-01-21 07:36:45]   eta: 22:30:54  iter: 2150  progress: 0.5  loss: 2.3497  time: 0.204  data_time: 0.003  forward_time: 0.135  backward_time: 0.061  lr: 0.000100  max_mem: 5159M    
[2026-01-21 07:37:43]   eta: 22:55:16  iter: 2160  progress: 0.5  loss: 2.2821  time: 0.196  data_time: 0.006  forward_time: 0.140  backward_time: 0.034  lr: 0.000100  max_mem: 5159M    
[2026-01-21 07:38:41]   eta: 22:44:47  iter: 2170  progress: 0.5  loss: 1.9797  time: 0.200  data_time: 0.003  forward_time: 0.130  backward_time: 0.059  lr: 0.000100  max_mem: 5159M    
[2026-01-21 07:39:42]   eta: 22:59:59  iter: 2180  progress: 0.5  loss: 2.2915  time: 0.173  data_time: 0.002  forward_time: 0.105  backward_time: 0.059  lr: 0.000100  max_mem: 5159M    
[2026-01-21 07:40:41]   eta: 22:26:56  iter: 2190  progress: 0.5  loss: 2.3433  time: 0.205  data_time: 0.085  forward_time: 0.052  backward_time: 0.063  lr: 0.000100  max_mem: 5159M    
[2026-01-21 07:41:44]   eta: 22:28:25  iter: 2200  progress: 0.5  loss: 2.2591  time: 0.189  data_time: 0.003  forward_time: 0.135  backward_time: 0.032  lr: 0.000100  max_mem: 5159M    
[2026-01-21 07:42:51]   eta: 21:59:10  iter: 2210  progress: 0.5  loss: 2.1965  time: 0.211  data_time: 0.003  forward_time: 0.142  backward_time: 0.062  lr: 0.000100  max_mem: 5159M    
[2026-01-21 07:43:55]   eta: 21:44:05  iter: 2220  progress: 0.5  loss: 2.8131  time: 0.209  data_time: 0.004  forward_time: 0.138  backward_time: 0.063  lr: 0.000100  max_mem: 5159M    
[2026-01-21 07:44:59]   eta: 21:17:03  iter: 2230  progress: 0.5  loss: 2.0819  time: 0.177  data_time: 0.002  forward_time: 0.104  backward_time: 0.063  lr: 0.000100  max_mem: 5159M    
[2026-01-21 07:45:56]   eta: 21:26:42  iter: 2240  progress: 0.5  loss: 2.4620  time: 0.182  data_time: 0.002  forward_time: 0.103  backward_time: 0.067  lr: 0.000100  max_mem: 5159M    
[2026-01-21 07:46:57]   eta: 21:15:41  iter: 2250  progress: 0.5  loss: 2.2569  time: 0.165  data_time: 0.002  forward_time: 0.112  backward_time: 0.037  lr: 0.000100  max_mem: 5159M    
[2026-01-21 07:47:54]   eta: 21:20:22  iter: 2260  progress: 0.5  loss: 2.1823  time: 0.207  data_time: 0.005  forward_time: 0.134  backward_time: 0.066  lr: 0.000100  max_mem: 5159M    
[2026-01-21 07:48:48]   eta: 21:34:57  iter: 2270  progress: 0.5  loss: 2.3711  time: 0.175  data_time: 0.002  forward_time: 0.107  backward_time: 0.055  lr: 0.000100  max_mem: 5159M    
[2026-01-21 07:49:45]   eta: 21:35:41  iter: 2280  progress: 0.5  loss: 2.0299  time: 0.121  data_time: 0.003  forward_time: 0.049  backward_time: 0.067  lr: 0.000100  max_mem: 5159M    
[2026-01-21 07:50:41]   eta: 21:26:57  iter: 2290  progress: 0.6  loss: 2.3551  time: 0.175  data_time: 0.002  forward_time: 0.106  backward_time: 0.063  lr: 0.000100  max_mem: 5159M    
[2026-01-21 07:51:47]   eta: 21:46:25  iter: 2300  progress: 0.6  loss: 2.0516  time: 0.198  data_time: 0.002  forward_time: 0.129  backward_time: 0.062  lr: 0.000100  max_mem: 5159M    
[2026-01-21 07:52:46]   eta: 21:43:38  iter: 2310  progress: 0.6  loss: 2.1725  time: 0.172  data_time: 0.002  forward_time: 0.101  backward_time: 0.065  lr: 0.000100  max_mem: 5159M    
[2026-01-21 07:53:42]   eta: 21:57:10  iter: 2320  progress: 0.6  loss: 2.1036  time: 0.177  data_time: 0.002  forward_time: 0.107  backward_time: 0.056  lr: 0.000100  max_mem: 5159M    
[2026-01-21 07:54:36]   eta: 22:10:48  iter: 2330  progress: 0.6  loss: 2.3167  time: 0.205  data_time: 0.003  forward_time: 0.136  backward_time: 0.060  lr: 0.000100  max_mem: 5159M    
[2026-01-21 07:55:33]   eta: 22:22:07  iter: 2340  progress: 0.6  loss: 2.0805  time: 0.139  data_time: 0.006  forward_time: 0.065  backward_time: 0.068  lr: 0.000100  max_mem: 5159M    
[2026-01-21 07:56:28]   eta: 22:11:55  iter: 2350  progress: 0.6  loss: 2.1541  time: 0.197  data_time: 0.003  forward_time: 0.137  backward_time: 0.043  lr: 0.000100  max_mem: 5159M    
[2026-01-21 07:57:22]   eta: 22:30:14  iter: 2360  progress: 0.6  loss: 2.5812  time: 0.212  data_time: 0.003  forward_time: 0.141  backward_time: 0.064  lr: 0.000100  max_mem: 5159M    
[2026-01-21 07:58:21]   eta: 22:32:14  iter: 2370  progress: 0.6  loss: 2.4255  time: 0.212  data_time: 0.003  forward_time: 0.142  backward_time: 0.063  lr: 0.000100  max_mem: 5159M    
[2026-01-21 07:59:21]   eta: 22:44:39  iter: 2380  progress: 0.6  loss: 2.1759  time: 0.178  data_time: 0.002  forward_time: 0.109  backward_time: 0.056  lr: 0.000100  max_mem: 5159M    
[2026-01-21 08:00:15]   eta: 22:44:49  iter: 2390  progress: 0.6  loss: 2.8284  time: 0.211  data_time: 0.003  forward_time: 0.143  backward_time: 0.060  lr: 0.000100  max_mem: 5159M    
[2026-01-21 08:01:09]   eta: 22:49:50  iter: 2400  progress: 0.6  loss: 2.6600  time: 0.184  data_time: 0.003  forward_time: 0.116  backward_time: 0.059  lr: 0.000100  max_mem: 5159M    
[2026-01-21 08:02:06]   eta: 22:21:55  iter: 2410  progress: 0.6  loss: 2.1206  time: 0.155  data_time: 0.002  forward_time: 0.104  backward_time: 0.024  lr: 0.000100  max_mem: 5159M    
[2026-01-21 08:03:00]   eta: 22:15:43  iter: 2420  progress: 0.6  loss: 1.9376  time: 0.204  data_time: 0.003  forward_time: 0.135  backward_time: 0.060  lr: 0.000100  max_mem: 5159M    
[2026-01-21 08:03:55]   eta: 21:45:07  iter: 2430  progress: 0.6  loss: 2.0628  time: 0.209  data_time: 0.003  forward_time: 0.139  backward_time: 0.063  lr: 0.000100  max_mem: 5159M    
[2026-01-21 08:04:54]   eta: 21:38:40  iter: 2440  progress: 0.6  loss: 2.2182  time: 0.210  data_time: 0.003  forward_time: 0.139  backward_time: 0.064  lr: 0.000100  max_mem: 5159M    
[2026-01-21 08:05:46]   eta: 21:39:19  iter: 2450  progress: 0.6  loss: 2.0162  time: 0.202  data_time: 0.003  forward_time: 0.133  backward_time: 0.061  lr: 0.000100  max_mem: 5159M    
[2026-01-21 08:06:43]   eta: 21:40:40  iter: 2460  progress: 0.6  loss: 2.5034  time: 0.182  data_time: 0.003  forward_time: 0.129  backward_time: 0.035  lr: 0.000100  max_mem: 5159M    
[2026-01-21 08:07:46]   eta: 21:52:29  iter: 2470  progress: 0.6  loss: 2.1689  time: 0.213  data_time: 0.003  forward_time: 0.141  backward_time: 0.064  lr: 0.000100  max_mem: 5159M    
[2026-01-21 08:08:51]   eta: 22:26:13  iter: 2480  progress: 0.6  loss: 2.5139  time: 0.225  data_time: 0.005  forward_time: 0.154  backward_time: 0.063  lr: 0.000100  max_mem: 5159M    
[2026-01-21 08:09:54]   eta: 22:36:49  iter: 2490  progress: 0.6  loss: 2.1988  time: 0.210  data_time: 0.003  forward_time: 0.139  backward_time: 0.062  lr: 0.000100  max_mem: 5159M    
[2026-01-21 08:10:51]   eta: 22:27:48  iter: 2500  progress: 0.6  loss: 2.6089  time: 0.183  data_time: 0.005  forward_time: 0.109  backward_time: 0.061  lr: 0.000100  max_mem: 5159M    
[2026-01-21 08:11:52]   eta: 22:55:07  iter: 2510  progress: 0.6  loss: 2.5243  time: 0.222  data_time: 0.003  forward_time: 0.151  backward_time: 0.063  lr: 0.000100  max_mem: 5159M    
[2026-01-21 08:12:45]   eta: 22:30:06  iter: 2520  progress: 0.6  loss: 1.7058  time: 0.175  data_time: 0.002  forward_time: 0.104  backward_time: 0.059  lr: 0.000100  max_mem: 5159M    
[2026-01-21 08:13:38]   eta: 22:15:01  iter: 2530  progress: 0.6  loss: 2.7458  time: 0.184  data_time: 0.089  forward_time: 0.028  backward_time: 0.058  lr: 0.000100  max_mem: 5159M    
[2026-01-21 08:14:31]   eta: 22:10:49  iter: 2540  progress: 0.6  loss: 1.8880  time: 0.164  data_time: 0.002  forward_time: 0.023  backward_time: 0.126  lr: 0.000100  max_mem: 5159M    
[2026-01-21 08:15:25]   eta: 22:22:16  iter: 2550  progress: 0.6  loss: 1.8288  time: 0.209  data_time: 0.003  forward_time: 0.138  backward_time: 0.061  lr: 0.000100  max_mem: 5159M    
[2026-01-21 08:16:16]   eta: 21:42:25  iter: 2560  progress: 0.6  loss: 1.9648  time: 0.205  data_time: 0.089  forward_time: 0.049  backward_time: 0.062  lr: 0.000100  max_mem: 5159M    
[2026-01-21 08:17:10]   eta: 22:00:13  iter: 2570  progress: 0.6  loss: 2.2377  time: 0.161  data_time: 0.002  forward_time: 0.109  backward_time: 0.029  lr: 0.000100  max_mem: 5159M    
[2026-01-21 08:18:05]   eta: 22:06:08  iter: 2580  progress: 0.6  loss: 1.7761  time: 0.201  data_time: 0.003  forward_time: 0.131  backward_time: 0.063  lr: 0.000100  max_mem: 5159M    
[2026-01-21 08:19:03]   eta: 21:51:49  iter: 2590  progress: 0.6  loss: 1.6914  time: 0.171  data_time: 0.002  forward_time: 0.101  backward_time: 0.057  lr: 0.000100  max_mem: 5159M    
[2026-01-21 08:20:00]   eta: 21:57:35  iter: 2600  progress: 0.6  loss: 2.2455  time: 0.209  data_time: 0.003  forward_time: 0.115  backward_time: 0.090  lr: 0.000100  max_mem: 5159M    
[2026-01-21 08:20:55]   eta: 22:28:56  iter: 2610  progress: 0.6  loss: 2.3500  time: 0.205  data_time: 0.002  forward_time: 0.135  backward_time: 0.063  lr: 0.000100  max_mem: 5159M    
[2026-01-21 08:21:55]   eta: 22:23:07  iter: 2620  progress: 0.6  loss: 2.5465  time: 0.205  data_time: 0.003  forward_time: 0.134  backward_time: 0.058  lr: 0.000100  max_mem: 5159M    
[2026-01-21 08:22:48]   eta: 22:14:21  iter: 2630  progress: 0.6  loss: 2.3239  time: 0.190  data_time: 0.003  forward_time: 0.137  backward_time: 0.033  lr: 0.000100  max_mem: 5159M    
[2026-01-21 08:23:42]   eta: 22:14:46  iter: 2640  progress: 0.6  loss: 2.0462  time: 0.208  data_time: 0.003  forward_time: 0.138  backward_time: 0.061  lr: 0.000100  max_mem: 5159M    
[2026-01-21 08:24:39]   eta: 21:52:49  iter: 2650  progress: 0.6  loss: 2.4543  time: 0.110  data_time: 0.003  forward_time: 0.040  backward_time: 0.063  lr: 0.000100  max_mem: 5159M    
[2026-01-21 08:25:40]   eta: 21:43:07  iter: 2660  progress: 0.6  loss: 2.4780  time: 0.216  data_time: 0.003  forward_time: 0.140  backward_time: 0.073  lr: 0.000100  max_mem: 5159M    
[2026-01-21 08:26:36]   eta: 21:32:37  iter: 2670  progress: 0.6  loss: 2.3646  time: 0.146  data_time: 0.002  forward_time: 0.078  backward_time: 0.060  lr: 0.000100  max_mem: 5159M    
[2026-01-21 08:27:33]   eta: 21:32:08  iter: 2680  progress: 0.6  loss: 2.4551  time: 0.142  data_time: 0.003  forward_time: 0.049  backward_time: 0.086  lr: 0.000100  max_mem: 5159M    
[2026-01-21 08:28:35]   eta: 21:59:35  iter: 2690  progress: 0.6  loss: 2.1061  time: 0.210  data_time: 0.003  forward_time: 0.140  backward_time: 0.062  lr: 0.000100  max_mem: 5159M    
[2026-01-21 08:29:35]   eta: 22:00:48  iter: 2700  progress: 0.6  loss: 2.0064  time: 0.172  data_time: 0.002  forward_time: 0.104  backward_time: 0.061  lr: 0.000100  max_mem: 5159M    
[2026-01-21 08:30:36]   eta: 22:02:12  iter: 2710  progress: 0.7  loss: 2.2047  time: 0.119  data_time: 0.003  forward_time: 0.048  backward_time: 0.064  lr: 0.000100  max_mem: 5159M    
[2026-01-21 08:31:37]   eta: 22:09:31  iter: 2720  progress: 0.7  loss: 2.2636  time: 0.208  data_time: 0.085  forward_time: 0.055  backward_time: 0.064  lr: 0.000100  max_mem: 5159M    
[2026-01-21 08:32:37]   eta: 22:22:29  iter: 2730  progress: 0.7  loss: 2.2060  time: 0.211  data_time: 0.003  forward_time: 0.139  backward_time: 0.065  lr: 0.000100  max_mem: 5159M    
[2026-01-21 08:33:39]   eta: 22:00:44  iter: 2740  progress: 0.7  loss: 2.1990  time: 0.215  data_time: 0.090  forward_time: 0.055  backward_time: 0.067  lr: 0.000100  max_mem: 5159M    
[2026-01-21 08:34:45]   eta: 22:34:13  iter: 2750  progress: 0.7  loss: 2.1391  time: 0.209  data_time: 0.088  forward_time: 0.053  backward_time: 0.064  lr: 0.000100  max_mem: 5159M    
[2026-01-21 08:35:42]   eta: 22:30:05  iter: 2760  progress: 0.7  loss: 2.3755  time: 0.209  data_time: 0.003  forward_time: 0.138  backward_time: 0.063  lr: 0.000100  max_mem: 5159M    
[2026-01-21 08:36:43]   eta: 22:40:48  iter: 2770  progress: 0.7  loss: 2.4992  time: 0.212  data_time: 0.091  forward_time: 0.054  backward_time: 0.062  lr: 0.000100  max_mem: 5159M    
[2026-01-21 08:37:42]   eta: 22:30:38  iter: 2780  progress: 0.7  loss: 2.2441  time: 0.218  data_time: 0.003  forward_time: 0.146  backward_time: 0.061  lr: 0.000100  max_mem: 5159M    
[2026-01-21 08:38:42]   eta: 22:47:46  iter: 2790  progress: 0.7  loss: 2.1203  time: 0.211  data_time: 0.003  forward_time: 0.139  backward_time: 0.064  lr: 0.000100  max_mem: 5159M    
[2026-01-21 08:39:47]   eta: 22:26:02  iter: 2800  progress: 0.7  loss: 1.8636  time: 0.209  data_time: 0.003  forward_time: 0.138  backward_time: 0.066  lr: 0.000100  max_mem: 5159M    
[2026-01-21 08:40:46]   eta: 22:23:52  iter: 2810  progress: 0.7  loss: 1.8949  time: 0.206  data_time: 0.003  forward_time: 0.135  backward_time: 0.063  lr: 0.000100  max_mem: 5159M    
[2026-01-21 08:41:41]   eta: 22:30:47  iter: 2820  progress: 0.7  loss: 2.1643  time: 0.188  data_time: 0.004  forward_time: 0.129  backward_time: 0.038  lr: 0.000100  max_mem: 5159M    
[2026-01-21 08:42:39]   eta: 22:33:43  iter: 2830  progress: 0.7  loss: 2.5083  time: 0.205  data_time: 0.003  forward_time: 0.135  backward_time: 0.062  lr: 0.000100  max_mem: 5159M    
[2026-01-21 08:43:38]   eta: 22:29:24  iter: 2840  progress: 0.7  loss: 1.6282  time: 0.215  data_time: 0.090  forward_time: 0.057  backward_time: 0.057  lr: 0.000100  max_mem: 5159M    
[2026-01-21 08:44:37]   eta: 22:42:56  iter: 2850  progress: 0.7  loss: 2.2610  time: 0.182  data_time: 0.004  forward_time: 0.111  backward_time: 0.058  lr: 0.000100  max_mem: 5159M    
[2026-01-21 08:45:36]   eta: 22:46:29  iter: 2860  progress: 0.7  loss: 2.1279  time: 0.222  data_time: 0.011  forward_time: 0.140  backward_time: 0.071  lr: 0.000100  max_mem: 5159M    
[2026-01-21 08:46:31]   eta: 22:47:01  iter: 2870  progress: 0.7  loss: 2.3368  time: 0.208  data_time: 0.003  forward_time: 0.136  backward_time: 0.063  lr: 0.000100  max_mem: 5159M    
[2026-01-21 08:47:29]   eta: 22:59:46  iter: 2880  progress: 0.7  loss: 2.0461  time: 0.211  data_time: 0.004  forward_time: 0.140  backward_time: 0.063  lr: 0.000100  max_mem: 5159M    
[2026-01-21 08:48:30]   eta: 22:54:23  iter: 2890  progress: 0.7  loss: 1.9330  time: 0.216  data_time: 0.003  forward_time: 0.139  backward_time: 0.073  lr: 0.000100  max_mem: 5159M    
[2026-01-21 08:49:27]   eta: 22:35:42  iter: 2900  progress: 0.7  loss: 2.0000  time: 0.180  data_time: 0.002  forward_time: 0.111  backward_time: 0.055  lr: 0.000100  max_mem: 5159M    
[2026-01-21 08:50:26]   eta: 22:43:41  iter: 2910  progress: 0.7  loss: 2.2106  time: 0.202  data_time: 0.002  forward_time: 0.130  backward_time: 0.066  lr: 0.000100  max_mem: 5159M    
[2026-01-21 08:51:23]   eta: 22:30:49  iter: 2920  progress: 0.7  loss: 2.5722  time: 0.118  data_time: 0.003  forward_time: 0.049  backward_time: 0.061  lr: 0.000100  max_mem: 5159M    
[2026-01-21 08:52:20]   eta: 22:28:43  iter: 2930  progress: 0.7  loss: 2.1758  time: 0.218  data_time: 0.087  forward_time: 0.068  backward_time: 0.059  lr: 0.000100  max_mem: 5159M    
[2026-01-21 08:53:18]   eta: 22:24:39  iter: 2940  progress: 0.7  loss: 2.0206  time: 0.216  data_time: 0.005  forward_time: 0.144  backward_time: 0.064  lr: 0.000100  max_mem: 5159M    
[2026-01-21 08:54:15]   eta: 22:45:16  iter: 2950  progress: 0.7  loss: 1.8049  time: 0.225  data_time: 0.003  forward_time: 0.155  backward_time: 0.061  lr: 0.000100  max_mem: 5159M    
[2026-01-21 08:55:10]   eta: 22:26:40  iter: 2960  progress: 0.7  loss: 2.2974  time: 0.211  data_time: 0.003  forward_time: 0.139  backward_time: 0.064  lr: 0.000100  max_mem: 5159M    
[2026-01-21 08:56:07]   eta: 22:05:43  iter: 2970  progress: 0.7  loss: 1.6403  time: 0.193  data_time: 0.003  forward_time: 0.138  backward_time: 0.042  lr: 0.000100  max_mem: 5159M    
[2026-01-21 08:57:07]   eta: 22:03:12  iter: 2980  progress: 0.7  loss: 2.3570  time: 0.208  data_time: 0.003  forward_time: 0.137  backward_time: 0.063  lr: 0.000100  max_mem: 5159M    
[2026-01-21 08:58:01]   eta: 22:06:59  iter: 2990  progress: 0.7  loss: 1.6830  time: 0.187  data_time: 0.081  forward_time: 0.049  backward_time: 0.057  lr: 0.000100  max_mem: 5159M    
[2026-01-21 08:58:54]   eta: 22:09:56  iter: 3000  progress: 0.7  loss: 2.1208  time: 0.210  data_time: 0.087  forward_time: 0.055  backward_time: 0.065  lr: 0.000100  max_mem: 5159M    
[2026-01-21 08:59:54]   eta: 22:19:24  iter: 3010  progress: 0.7  loss: 1.8847  time: 0.222  data_time: 0.004  forward_time: 0.149  backward_time: 0.067  lr: 0.000100  max_mem: 5159M    
[2026-01-21 09:00:51]   eta: 22:40:03  iter: 3020  progress: 0.7  loss: 2.1209  time: 0.175  data_time: 0.002  forward_time: 0.106  backward_time: 0.056  lr: 0.000100  max_mem: 5159M    
[2026-01-21 09:01:48]   eta: 22:33:36  iter: 3030  progress: 0.7  loss: 2.1028  time: 0.206  data_time: 0.003  forward_time: 0.133  backward_time: 0.066  lr: 0.000100  max_mem: 5159M    
[2026-01-21 09:02:53]   eta: 22:45:24  iter: 3040  progress: 0.7  loss: 1.9217  time: 0.214  data_time: 0.003  forward_time: 0.142  backward_time: 0.065  lr: 0.000100  max_mem: 5159M    
[2026-01-21 09:03:51]   eta: 22:51:52  iter: 3050  progress: 0.7  loss: 2.1099  time: 0.212  data_time: 0.088  forward_time: 0.055  backward_time: 0.065  lr: 0.000100  max_mem: 5159M    
[2026-01-21 09:04:46]   eta: 22:58:26  iter: 3060  progress: 0.7  loss: 2.2330  time: 0.181  data_time: 0.002  forward_time: 0.110  backward_time: 0.068  lr: 0.000100  max_mem: 5159M    
[2026-01-21 09:05:46]   eta: 22:46:40  iter: 3070  progress: 0.7  loss: 1.6500  time: 0.212  data_time: 0.003  forward_time: 0.139  backward_time: 0.065  lr: 0.000100  max_mem: 5159M    
[2026-01-21 09:06:44]   eta: 22:42:19  iter: 3080  progress: 0.7  loss: 2.0360  time: 0.208  data_time: 0.068  forward_time: 0.057  backward_time: 0.082  lr: 0.000100  max_mem: 5159M    
[2026-01-21 09:07:39]   eta: 22:43:50  iter: 3090  progress: 0.7  loss: 2.2525  time: 0.210  data_time: 0.003  forward_time: 0.138  backward_time: 0.062  lr: 0.000100  max_mem: 5159M    
[2026-01-21 09:08:36]   eta: 22:19:16  iter: 3100  progress: 0.7  loss: 2.2201  time: 0.237  data_time: 0.085  forward_time: 0.050  backward_time: 0.098  lr: 0.000100  max_mem: 5159M    
[2026-01-21 09:09:30]   eta: 22:33:25  iter: 3110  progress: 0.7  loss: 2.3736  time: 0.222  data_time: 0.003  forward_time: 0.153  backward_time: 0.060  lr: 0.000100  max_mem: 5159M    
[2026-01-21 09:10:25]   eta: 22:35:02  iter: 3120  progress: 0.8  loss: 2.1914  time: 0.200  data_time: 0.003  forward_time: 0.129  backward_time: 0.064  lr: 0.000100  max_mem: 5159M    
[2026-01-21 09:11:24]   eta: 22:41:41  iter: 3130  progress: 0.8  loss: 2.4612  time: 0.189  data_time: 0.087  forward_time: 0.034  backward_time: 0.065  lr: 0.000100  max_mem: 5159M    
[2026-01-21 09:12:19]   eta: 22:02:07  iter: 3140  progress: 0.8  loss: 2.1556  time: 0.101  data_time: 0.002  forward_time: 0.033  backward_time: 0.061  lr: 0.000100  max_mem: 5159M    
[2026-01-21 09:13:15]   eta: 21:56:39  iter: 3150  progress: 0.8  loss: 2.1738  time: 0.112  data_time: 0.004  forward_time: 0.058  backward_time: 0.040  lr: 0.000100  max_mem: 5159M    
[2026-01-21 09:14:14]   eta: 21:54:59  iter: 3160  progress: 0.8  loss: 1.4840  time: 0.168  data_time: 0.002  forward_time: 0.100  backward_time: 0.055  lr: 0.000100  max_mem: 5159M    
[2026-01-21 09:15:14]   eta: 21:45:27  iter: 3170  progress: 0.8  loss: 2.8788  time: 0.118  data_time: 0.003  forward_time: 0.048  backward_time: 0.062  lr: 0.000100  max_mem: 5159M    
[2026-01-21 09:16:13]   eta: 21:35:43  iter: 3180  progress: 0.8  loss: 2.3293  time: 0.210  data_time: 0.003  forward_time: 0.137  backward_time: 0.065  lr: 0.000100  max_mem: 5159M    
[2026-01-21 09:17:09]   eta: 21:46:26  iter: 3190  progress: 0.8  loss: 2.5951  time: 0.166  data_time: 0.002  forward_time: 0.099  backward_time: 0.053  lr: 0.000100  max_mem: 5159M    
[2026-01-21 09:18:17]   eta: 21:33:02  iter: 3200  progress: 0.8  loss: 2.1738  time: 0.209  data_time: 0.003  forward_time: 0.136  backward_time: 0.067  lr: 0.000100  max_mem: 5159M    
[2026-01-21 09:19:18]   eta: 21:04:54  iter: 3210  progress: 0.8  loss: 2.1952  time: 0.124  data_time: 0.004  forward_time: 0.052  backward_time: 0.065  lr: 0.000100  max_mem: 5159M    
[2026-01-21 09:20:24]   eta: 21:12:13  iter: 3220  progress: 0.8  loss: 2.3249  time: 0.210  data_time: 0.003  forward_time: 0.137  backward_time: 0.070  lr: 0.000100  max_mem: 5159M    
[2026-01-21 09:21:32]   eta: 21:20:29  iter: 3230  progress: 0.8  loss: 2.1436  time: 0.207  data_time: 0.003  forward_time: 0.135  backward_time: 0.064  lr: 0.000100  max_mem: 5159M    
[2026-01-21 09:22:34]   eta: 21:18:29  iter: 3240  progress: 0.8  loss: 2.3350  time: 0.205  data_time: 0.003  forward_time: 0.134  backward_time: 0.062  lr: 0.000100  max_mem: 5159M    
[2026-01-21 09:23:24]   eta: 21:45:23  iter: 3250  progress: 0.8  loss: 2.3010  time: 0.168  data_time: 0.002  forward_time: 0.097  backward_time: 0.058  lr: 0.000100  max_mem: 5159M    
[2026-01-21 09:24:13]   eta: 21:59:29  iter: 3260  progress: 0.8  loss: 2.0915  time: 0.193  data_time: 0.003  forward_time: 0.135  backward_time: 0.046  lr: 0.000100  max_mem: 5159M    
[2026-01-21 09:25:06]   eta: 21:59:27  iter: 3270  progress: 0.8  loss: 2.1698  time: 0.213  data_time: 0.003  forward_time: 0.142  backward_time: 0.065  lr: 0.000100  max_mem: 5159M    
[2026-01-21 09:25:57]   eta: 22:13:34  iter: 3280  progress: 0.8  loss: 2.2362  time: 0.154  data_time: 0.002  forward_time: 0.102  backward_time: 0.033  lr: 0.000100  max_mem: 5159M    
[2026-01-21 09:26:49]   eta: 22:14:56  iter: 3290  progress: 0.8  loss: 2.1795  time: 0.210  data_time: 0.003  forward_time: 0.138  backward_time: 0.065  lr: 0.000100  max_mem: 5159M    
[2026-01-21 09:27:41]   eta: 21:58:18  iter: 3300  progress: 0.8  loss: 1.7306  time: 0.213  data_time: 0.003  forward_time: 0.134  backward_time: 0.075  lr: 0.000100  max_mem: 5159M    
[2026-01-21 09:28:32]   eta: 22:17:45  iter: 3310  progress: 0.8  loss: 2.2818  time: 0.192  data_time: 0.003  forward_time: 0.138  backward_time: 0.038  lr: 0.000100  max_mem: 5159M    
[2026-01-21 09:29:19]   eta: 22:30:23  iter: 3320  progress: 0.8  loss: 2.1885  time: 0.204  data_time: 0.003  forward_time: 0.150  backward_time: 0.037  lr: 0.000100  max_mem: 5159M    
[2026-01-21 09:30:06]   eta: 22:03:16  iter: 3330  progress: 0.8  loss: 2.5380  time: 0.210  data_time: 0.003  forward_time: 0.137  backward_time: 0.066  lr: 0.000100  max_mem: 5159M    
[2026-01-21 09:30:53]   eta: 22:32:41  iter: 3340  progress: 0.8  loss: 2.1818  time: 0.203  data_time: 0.003  forward_time: 0.134  backward_time: 0.061  lr: 0.000100  max_mem: 5159M    
[2026-01-21 09:31:44]   eta: 22:53:22  iter: 3350  progress: 0.8  loss: 2.5451  time: 0.202  data_time: 0.003  forward_time: 0.132  backward_time: 0.063  lr: 0.000100  max_mem: 5159M    
[2026-01-21 09:32:34]   eta: 22:32:33  iter: 3360  progress: 0.8  loss: 1.8611  time: 0.172  data_time: 0.002  forward_time: 0.107  backward_time: 0.052  lr: 0.000100  max_mem: 5159M    
[2026-01-21 09:33:23]   eta: 22:42:27  iter: 3370  progress: 0.8  loss: 2.0114  time: 0.213  data_time: 0.004  forward_time: 0.140  backward_time: 0.069  lr: 0.000100  max_mem: 5159M    
[2026-01-21 09:34:10]   eta: 22:54:38  iter: 3380  progress: 0.8  loss: 2.2146  time: 0.180  data_time: 0.005  forward_time: 0.125  backward_time: 0.034  lr: 0.000100  max_mem: 5159M    
[2026-01-21 09:34:59]   eta: 23:03:06  iter: 3390  progress: 0.8  loss: 1.8553  time: 0.217  data_time: 0.004  forward_time: 0.146  backward_time: 0.063  lr: 0.000100  max_mem: 5159M    
[2026-01-21 09:35:48]   eta: 23:06:23  iter: 3400  progress: 0.8  loss: 2.2847  time: 0.191  data_time: 0.002  forward_time: 0.101  backward_time: 0.087  lr: 0.000100  max_mem: 5159M    
[2026-01-21 09:36:37]   eta: 23:15:32  iter: 3410  progress: 0.8  loss: 2.2178  time: 0.206  data_time: 0.090  forward_time: 0.050  backward_time: 0.061  lr: 0.000100  max_mem: 5159M    
[2026-01-21 09:37:27]   eta: 22:34:22  iter: 3420  progress: 0.8  loss: 2.7541  time: 0.121  data_time: 0.003  forward_time: 0.052  backward_time: 0.060  lr: 0.000100  max_mem: 5159M    
[2026-01-21 09:38:16]   eta: 22:18:04  iter: 3430  progress: 0.8  loss: 2.1919  time: 0.121  data_time: 0.003  forward_time: 0.051  backward_time: 0.061  lr: 0.000100  max_mem: 5159M    
[2026-01-21 09:39:07]   eta: 21:58:43  iter: 3440  progress: 0.8  loss: 2.2747  time: 0.212  data_time: 0.003  forward_time: 0.136  backward_time: 0.070  lr: 0.000100  max_mem: 5159M    
[2026-01-21 09:39:58]   eta: 21:56:58  iter: 3450  progress: 0.8  loss: 2.1678  time: 0.210  data_time: 0.008  forward_time: 0.137  backward_time: 0.060  lr: 0.000100  max_mem: 5159M    
[2026-01-21 09:40:46]   eta: 21:49:51  iter: 3460  progress: 0.8  loss: 2.0476  time: 0.206  data_time: 0.003  forward_time: 0.135  backward_time: 0.065  lr: 0.000100  max_mem: 5159M    
[2026-01-21 09:41:35]   eta: 22:28:16  iter: 3470  progress: 0.8  loss: 2.1317  time: 0.204  data_time: 0.089  forward_time: 0.052  backward_time: 0.057  lr: 0.000100  max_mem: 5159M    
[2026-01-21 09:42:27]   eta: 22:56:25  iter: 3480  progress: 0.8  loss: 2.3324  time: 0.201  data_time: 0.003  forward_time: 0.133  backward_time: 0.059  lr: 0.000100  max_mem: 5159M    
[2026-01-21 09:43:19]   eta: 23:05:43  iter: 3490  progress: 0.8  loss: 2.3532  time: 0.206  data_time: 0.003  forward_time: 0.136  backward_time: 0.063  lr: 0.000100  max_mem: 5159M    
[2026-01-21 09:44:11]   eta: 22:43:09  iter: 3500  progress: 0.8  loss: 2.0297  time: 0.208  data_time: 0.003  forward_time: 0.137  backward_time: 0.063  lr: 0.000100  max_mem: 5159M    
[2026-01-21 09:44:58]   eta: 22:34:50  iter: 3510  progress: 0.8  loss: 2.2429  time: 0.190  data_time: 0.003  forward_time: 0.118  backward_time: 0.064  lr: 0.000100  max_mem: 5159M    
[2026-01-21 09:45:46]   eta: 22:33:50  iter: 3520  progress: 0.8  loss: 2.1761  time: 0.188  data_time: 0.070  forward_time: 0.051  backward_time: 0.063  lr: 0.000100  max_mem: 5159M    
[2026-01-21 09:46:35]   eta: 22:19:02  iter: 3530  progress: 0.8  loss: 1.9079  time: 0.169  data_time: 0.002  forward_time: 0.102  backward_time: 0.052  lr: 0.000100  max_mem: 5159M    
[2026-01-21 09:47:25]   eta: 22:11:42  iter: 3540  progress: 0.9  loss: 2.4088  time: 0.166  data_time: 0.003  forward_time: 0.097  backward_time: 0.059  lr: 0.000100  max_mem: 5159M    
[2026-01-21 09:48:15]   eta: 22:49:30  iter: 3550  progress: 0.9  loss: 1.9298  time: 0.232  data_time: 0.090  forward_time: 0.072  backward_time: 0.067  lr: 0.000100  max_mem: 5159M    
[2026-01-21 09:49:05]   eta: 23:10:32  iter: 3560  progress: 0.9  loss: 2.7392  time: 0.209  data_time: 0.003  forward_time: 0.137  backward_time: 0.065  lr: 0.000100  max_mem: 5159M    
[2026-01-21 09:49:51]   eta: 22:49:04  iter: 3570  progress: 0.9  loss: 2.4031  time: 0.172  data_time: 0.002  forward_time: 0.103  backward_time: 0.060  lr: 0.000100  max_mem: 5159M    
[2026-01-21 09:50:39]   eta: 22:41:20  iter: 3580  progress: 0.9  loss: 2.2812  time: 0.205  data_time: 0.003  forward_time: 0.137  backward_time: 0.065  lr: 0.000100  max_mem: 5159M    
[2026-01-21 09:51:29]   eta: 23:06:01  iter: 3590  progress: 0.9  loss: 2.5445  time: 0.215  data_time: 0.003  forward_time: 0.146  backward_time: 0.060  lr: 0.000100  max_mem: 5159M    
[2026-01-21 09:52:19]   eta: 22:28:14  iter: 3600  progress: 0.9  loss: 1.9945  time: 0.192  data_time: 0.003  forward_time: 0.122  backward_time: 0.061  lr: 0.000100  max_mem: 5159M    
[2026-01-21 09:53:12]   eta: 22:43:10  iter: 3610  progress: 0.9  loss: 2.2009  time: 0.213  data_time: 0.091  forward_time: 0.055  backward_time: 0.064  lr: 0.000100  max_mem: 5159M    
[2026-01-21 09:53:58]   eta: 22:57:12  iter: 3620  progress: 0.9  loss: 2.1213  time: 0.187  data_time: 0.003  forward_time: 0.119  backward_time: 0.059  lr: 0.000100  max_mem: 5159M    
[2026-01-21 09:54:48]   eta: 23:18:49  iter: 3630  progress: 0.9  loss: 2.3472  time: 0.205  data_time: 0.003  forward_time: 0.136  backward_time: 0.061  lr: 0.000100  max_mem: 5159M    
[2026-01-21 09:55:38]   eta: 22:39:58  iter: 3640  progress: 0.9  loss: 2.2595  time: 0.197  data_time: 0.003  forward_time: 0.141  backward_time: 0.040  lr: 0.000100  max_mem: 5159M    
[2026-01-21 09:56:27]   eta: 22:53:56  iter: 3650  progress: 0.9  loss: 1.8720  time: 0.201  data_time: 0.089  forward_time: 0.047  backward_time: 0.059  lr: 0.000100  max_mem: 5159M    
[2026-01-21 09:57:15]   eta: 22:25:18  iter: 3660  progress: 0.9  loss: 2.0619  time: 0.208  data_time: 0.002  forward_time: 0.138  backward_time: 0.065  lr: 0.000100  max_mem: 5159M    
[2026-01-21 09:58:07]   eta: 22:42:54  iter: 3670  progress: 0.9  loss: 2.2966  time: 0.218  data_time: 0.004  forward_time: 0.145  backward_time: 0.066  lr: 0.000100  max_mem: 5159M    
[2026-01-21 09:58:58]   eta: 22:52:41  iter: 3680  progress: 0.9  loss: 1.9974  time: 0.220  data_time: 0.004  forward_time: 0.147  backward_time: 0.069  lr: 0.000100  max_mem: 5159M    
[2026-01-21 09:59:47]   eta: 22:58:55  iter: 3690  progress: 0.9  loss: 2.5209  time: 0.221  data_time: 0.004  forward_time: 0.147  backward_time: 0.066  lr: 0.000100  max_mem: 5159M    
[2026-01-21 10:00:36]   eta: 22:54:04  iter: 3700  progress: 0.9  loss: 2.2446  time: 0.195  data_time: 0.003  forward_time: 0.141  backward_time: 0.039  lr: 0.000100  max_mem: 5159M    
[2026-01-21 10:01:28]   eta: 23:07:46  iter: 3710  progress: 0.9  loss: 2.2578  time: 0.213  data_time: 0.003  forward_time: 0.142  backward_time: 0.064  lr: 0.000100  max_mem: 5159M    
[2026-01-21 10:02:21]   eta: 23:10:22  iter: 3720  progress: 0.9  loss: 2.2444  time: 0.207  data_time: 0.003  forward_time: 0.132  backward_time: 0.068  lr: 0.000100  max_mem: 5159M    
[2026-01-21 10:03:11]   eta: 23:00:40  iter: 3730  progress: 0.9  loss: 2.4453  time: 0.176  data_time: 0.002  forward_time: 0.106  backward_time: 0.058  lr: 0.000100  max_mem: 5159M    
[2026-01-21 10:03:59]   eta: 23:06:32  iter: 3740  progress: 0.9  loss: 2.4432  time: 0.211  data_time: 0.003  forward_time: 0.139  backward_time: 0.069  lr: 0.000100  max_mem: 5159M    
[2026-01-21 10:04:50]   eta: 23:23:34  iter: 3750  progress: 0.9  loss: 2.2171  time: 0.207  data_time: 0.003  forward_time: 0.136  backward_time: 0.064  lr: 0.000100  max_mem: 5159M    
[2026-01-21 10:05:38]   eta: 23:10:11  iter: 3760  progress: 0.9  loss: 2.1655  time: 0.175  data_time: 0.002  forward_time: 0.106  backward_time: 0.061  lr: 0.000100  max_mem: 5159M    
[2026-01-21 10:06:29]   eta: 22:46:23  iter: 3770  progress: 0.9  loss: 2.0705  time: 0.131  data_time: 0.003  forward_time: 0.051  backward_time: 0.074  lr: 0.000100  max_mem: 5159M    
[2026-01-21 10:07:20]   eta: 22:28:25  iter: 3780  progress: 0.9  loss: 2.6391  time: 0.126  data_time: 0.003  forward_time: 0.054  backward_time: 0.068  lr: 0.000100  max_mem: 5159M    
[2026-01-21 10:08:12]   eta: 22:26:36  iter: 3790  progress: 0.9  loss: 2.1615  time: 0.216  data_time: 0.090  forward_time: 0.058  backward_time: 0.065  lr: 0.000100  max_mem: 5159M    
[2026-01-21 10:09:00]   eta: 22:27:01  iter: 3800  progress: 0.9  loss: 2.6286  time: 0.208  data_time: 0.003  forward_time: 0.137  backward_time: 0.063  lr: 0.000100  max_mem: 5159M    
[2026-01-21 10:09:51]   eta: 22:44:58  iter: 3810  progress: 0.9  loss: 1.8294  time: 0.168  data_time: 0.003  forward_time: 0.114  backward_time: 0.036  lr: 0.000100  max_mem: 5159M    
[2026-01-21 10:10:44]   eta: 23:00:06  iter: 3820  progress: 0.9  loss: 1.8585  time: 0.218  data_time: 0.004  forward_time: 0.143  backward_time: 0.069  lr: 0.000100  max_mem: 5159M    
[2026-01-21 10:11:37]   eta: 23:35:37  iter: 3830  progress: 0.9  loss: 1.8032  time: 0.226  data_time: 0.092  forward_time: 0.066  backward_time: 0.067  lr: 0.000100  max_mem: 5159M    
[2026-01-21 10:12:26]   eta: 24:01:21  iter: 3840  progress: 0.9  loss: 1.9164  time: 0.208  data_time: 0.003  forward_time: 0.138  backward_time: 0.062  lr: 0.000100  max_mem: 5159M    
[2026-01-21 10:13:13]   eta: 24:03:16  iter: 3850  progress: 0.9  loss: 2.5383  time: 0.204  data_time: 0.003  forward_time: 0.133  backward_time: 0.062  lr: 0.000100  max_mem: 5159M    
[2026-01-21 10:14:02]   eta: 24:02:59  iter: 3860  progress: 0.9  loss: 2.3868  time: 0.211  data_time: 0.003  forward_time: 0.139  backward_time: 0.066  lr: 0.000100  max_mem: 5159M    
[2026-01-21 10:14:49]   eta: 24:15:22  iter: 3870  progress: 0.9  loss: 2.5376  time: 0.210  data_time: 0.003  forward_time: 0.140  backward_time: 0.063  lr: 0.000100  max_mem: 5159M    
[2026-01-21 10:15:37]   eta: 24:14:00  iter: 3880  progress: 0.9  loss: 2.3394  time: 0.212  data_time: 0.003  forward_time: 0.141  backward_time: 0.064  lr: 0.000100  max_mem: 5159M    
[2026-01-21 10:16:24]   eta: 24:06:26  iter: 3890  progress: 0.9  loss: 2.2834  time: 0.211  data_time: 0.003  forward_time: 0.137  backward_time: 0.069  lr: 0.000100  max_mem: 5159M    
[2026-01-21 10:17:12]   eta: 24:10:34  iter: 3900  progress: 0.9  loss: 2.0611  time: 0.206  data_time: 0.003  forward_time: 0.135  backward_time: 0.065  lr: 0.000100  max_mem: 5159M    
[2026-01-21 10:17:59]   eta: 24:09:00  iter: 3910  progress: 0.9  loss: 2.1235  time: 0.199  data_time: 0.004  forward_time: 0.138  backward_time: 0.051  lr: 0.000100  max_mem: 5159M    
[2026-01-21 10:18:48]   eta: 23:47:21  iter: 3920  progress: 0.9  loss: 2.2286  time: 0.211  data_time: 0.003  forward_time: 0.138  backward_time: 0.066  lr: 0.000100  max_mem: 5159M    
[2026-01-21 10:19:35]   eta: 23:49:14  iter: 3930  progress: 0.9  loss: 2.1100  time: 0.201  data_time: 0.003  forward_time: 0.132  backward_time: 0.061  lr: 0.000100  max_mem: 5159M    
[2026-01-21 10:20:23]   eta: 23:37:50  iter: 3940  progress: 0.9  loss: 2.8455  time: 0.205  data_time: 0.003  forward_time: 0.135  backward_time: 0.063  lr: 0.000100  max_mem: 5159M    
[2026-01-21 10:21:09]   eta: 23:39:58  iter: 3950  progress: 1.0  loss: 2.2049  time: 0.205  data_time: 0.003  forward_time: 0.133  backward_time: 0.064  lr: 0.000100  max_mem: 5159M    
[2026-01-21 10:21:56]   eta: 23:43:03  iter: 3960  progress: 1.0  loss: 2.5463  time: 0.218  data_time: 0.006  forward_time: 0.143  backward_time: 0.065  lr: 0.000100  max_mem: 5159M    
[2026-01-21 10:22:42]   eta: 23:24:59  iter: 3970  progress: 1.0  loss: 1.9369  time: 0.203  data_time: 0.003  forward_time: 0.133  backward_time: 0.062  lr: 0.000100  max_mem: 5159M    
[2026-01-21 10:23:29]   eta: 23:02:06  iter: 3980  progress: 1.0  loss: 1.5209  time: 0.205  data_time: 0.003  forward_time: 0.134  backward_time: 0.062  lr: 0.000100  max_mem: 5159M    
[2026-01-21 10:24:16]   eta: 23:22:00  iter: 3990  progress: 1.0  loss: 1.8797  time: 0.212  data_time: 0.090  forward_time: 0.054  backward_time: 0.064  lr: 0.000100  max_mem: 5159M    
[2026-01-21 10:25:04]   eta: 23:23:11  iter: 4000  progress: 1.0  loss: 1.9816  time: 0.213  data_time: 0.003  forward_time: 0.140  backward_time: 0.066  lr: 0.000100  max_mem: 5159M    
[2026-01-21 10:25:51]   eta: 23:19:59  iter: 4010  progress: 1.0  loss: 2.0433  time: 0.202  data_time: 0.003  forward_time: 0.131  backward_time: 0.063  lr: 0.000100  max_mem: 5159M    
[2026-01-21 10:26:39]   eta: 23:52:24  iter: 4020  progress: 1.0  loss: 1.9796  time: 0.213  data_time: 0.003  forward_time: 0.141  backward_time: 0.066  lr: 0.000100  max_mem: 5159M    
[2026-01-21 10:27:26]   eta: 24:03:22  iter: 4030  progress: 1.0  loss: 1.9813  time: 0.210  data_time: 0.003  forward_time: 0.138  backward_time: 0.066  lr: 0.000100  max_mem: 5159M    
[2026-01-21 10:28:12]   eta: 23:59:46  iter: 4040  progress: 1.0  loss: 1.7184  time: 0.205  data_time: 0.003  forward_time: 0.134  backward_time: 0.063  lr: 0.000100  max_mem: 5159M    
[2026-01-21 10:29:00]   eta: 23:58:09  iter: 4050  progress: 1.0  loss: 2.4846  time: 0.206  data_time: 0.004  forward_time: 0.136  backward_time: 0.062  lr: 0.000100  max_mem: 5159M    
[2026-01-21 10:29:47]   eta: 24:08:33  iter: 4060  progress: 1.0  loss: 1.9338  time: 0.206  data_time: 0.003  forward_time: 0.136  backward_time: 0.062  lr: 0.000100  max_mem: 5159M    
[2026-01-21 10:30:32]   eta: 24:05:17  iter: 4070  progress: 1.0  loss: 2.6002  time: 0.194  data_time: 0.003  forward_time: 0.133  backward_time: 0.047  lr: 0.000100  max_mem: 5159M    
[2026-01-21 10:31:19]   eta: 24:21:04  iter: 4080  progress: 1.0  loss: 2.2218  time: 0.237  data_time: 0.030  forward_time: 0.138  backward_time: 0.065  lr: 0.000100  max_mem: 5159M    
[2026-01-21 10:32:08]   eta: 24:14:29  iter: 4090  progress: 1.0  loss: 1.8083  time: 0.205  data_time: 0.003  forward_time: 0.137  backward_time: 0.060  lr: 0.000100  max_mem: 5159M    
[2026-01-21 10:32:53]   eta: 23:49:46  iter: 4100  progress: 1.0  loss: 2.4195  time: 0.201  data_time: 0.003  forward_time: 0.131  backward_time: 0.062  lr: 0.000100  max_mem: 5159M    
[2026-01-21 10:33:40]   eta: 23:31:40  iter: 4110  progress: 1.0  loss: 2.4757  time: 0.209  data_time: 0.003  forward_time: 0.139  backward_time: 0.063  lr: 0.000100  max_mem: 5159M    
[2026-01-21 10:34:27]   eta: 23:31:04  iter: 4120  progress: 1.0  loss: 1.9363  time: 0.185  data_time: 0.002  forward_time: 0.114  backward_time: 0.065  lr: 0.000100  max_mem: 5159M    
[2026-01-21 10:35:13]   eta: 23:15:17  iter: 4130  progress: 1.0  loss: 2.2956  time: 0.210  data_time: 0.003  forward_time: 0.135  backward_time: 0.067  lr: 0.000100  max_mem: 5159M    
[2026-01-21 10:36:00]   eta: 23:02:58  iter: 4140  progress: 1.0  loss: 1.9120  time: 0.202  data_time: 0.003  forward_time: 0.132  backward_time: 0.062  lr: 0.000100  max_mem: 5159M    
[2026-01-21 10:36:46]   eta: 23:34:05  iter: 4150  progress: 1.0  loss: 2.0557  time: 0.259  data_time: 0.083  forward_time: 0.106  backward_time: 0.067  lr: 0.000100  max_mem: 5159M    
[2026-01-21 10:37:09]   eta: 23:55:33  iter: 4155  progress: 1.0  loss: 2.3659  time: 0.356  data_time: 0.003  forward_time: 0.228  backward_time: 0.126  lr: 0.000100  max_mem: 5159M    
[2026-01-21 10:37:09]   Validating epoch[1/100]...    
[2026-01-21 11:20:17]   [epoch 1] train_loss: 2.375 val_accuracy: 0.3681 precision: 0.2850 recall: 0.3681 specificity: 0.9691 f1_score: 0.2864 auc: 0.7307 overall_accuracy: 0.3681    
[2026-01-21 11:20:17]   
Saving checkpoint...    
[2026-01-21 11:21:07]   eta: 24:03:00  iter: 4165  progress: 1.0  loss: 2.1993  time: 0.208  data_time: 0.003  forward_time: 0.138  backward_time: 0.062  lr: 0.000100  max_mem: 5159M    
[2026-01-21 11:21:55]   eta: 24:07:19  iter: 4175  progress: 1.0  loss: 2.0970  time: 0.205  data_time: 0.003  forward_time: 0.136  backward_time: 0.061  lr: 0.000100  max_mem: 5159M    
[2026-01-21 11:22:42]   eta: 23:59:19  iter: 4185  progress: 1.0  loss: 1.9946  time: 0.201  data_time: 0.003  forward_time: 0.131  backward_time: 0.063  lr: 0.000100  max_mem: 5159M    
[2026-01-21 11:23:30]   eta: 24:08:12  iter: 4195  progress: 1.0  loss: 1.8270  time: 0.214  data_time: 0.004  forward_time: 0.142  backward_time: 0.065  lr: 0.000100  max_mem: 5159M    
[2026-01-21 11:24:18]   eta: 23:49:22  iter: 4205  progress: 1.0  loss: 1.8491  time: 0.212  data_time: 0.004  forward_time: 0.139  backward_time: 0.065  lr: 0.000100  max_mem: 5159M    
[2026-01-21 11:25:04]   eta: 23:45:07  iter: 4215  progress: 1.0  loss: 2.2097  time: 0.207  data_time: 0.003  forward_time: 0.136  backward_time: 0.064  lr: 0.000100  max_mem: 5159M    
[2026-01-21 11:25:52]   eta: 23:44:01  iter: 4225  progress: 1.0  loss: 1.6014  time: 0.211  data_time: 0.003  forward_time: 0.139  backward_time: 0.066  lr: 0.000100  max_mem: 5159M    
[2026-01-21 11:26:38]   eta: 23:57:50  iter: 4235  progress: 1.0  loss: 2.0571  time: 0.203  data_time: 0.003  forward_time: 0.133  backward_time: 0.063  lr: 0.000100  max_mem: 5159M    
[2026-01-21 11:27:25]   eta: 24:04:00  iter: 4245  progress: 1.0  loss: 2.1062  time: 0.211  data_time: 0.004  forward_time: 0.139  backward_time: 0.065  lr: 0.000100  max_mem: 5159M    
[2026-01-21 11:28:12]   eta: 23:51:34  iter: 4255  progress: 1.0  loss: 2.4159  time: 0.204  data_time: 0.003  forward_time: 0.134  backward_time: 0.061  lr: 0.000100  max_mem: 5159M    
[2026-01-21 11:29:01]   eta: 23:56:21  iter: 4265  progress: 1.0  loss: 2.0669  time: 0.210  data_time: 0.003  forward_time: 0.139  backward_time: 0.064  lr: 0.000100  max_mem: 5159M    
[2026-01-21 11:29:49]   eta: 23:56:48  iter: 4275  progress: 1.0  loss: 2.4689  time: 0.212  data_time: 0.003  forward_time: 0.139  backward_time: 0.066  lr: 0.000100  max_mem: 5159M    
[2026-01-21 11:30:37]   eta: 24:00:53  iter: 4285  progress: 1.0  loss: 2.3287  time: 0.211  data_time: 0.003  forward_time: 0.140  backward_time: 0.064  lr: 0.000100  max_mem: 5159M    
[2026-01-21 11:31:24]   eta: 23:33:58  iter: 4295  progress: 1.0  loss: 2.1787  time: 0.205  data_time: 0.003  forward_time: 0.135  backward_time: 0.063  lr: 0.000100  max_mem: 5159M    
[2026-01-21 11:32:13]   eta: 23:43:08  iter: 4305  progress: 1.0  loss: 2.0929  time: 0.207  data_time: 0.003  forward_time: 0.136  backward_time: 0.064  lr: 0.000100  max_mem: 5159M    
[2026-01-21 11:33:00]   eta: 23:45:14  iter: 4315  progress: 1.0  loss: 1.9748  time: 0.221  data_time: 0.004  forward_time: 0.148  backward_time: 0.067  lr: 0.000100  max_mem: 5159M    
[2026-01-21 11:33:48]   eta: 23:41:36  iter: 4325  progress: 1.0  loss: 2.1338  time: 0.209  data_time: 0.003  forward_time: 0.138  backward_time: 0.063  lr: 0.000100  max_mem: 5159M    
[2026-01-21 11:34:34]   eta: 23:27:55  iter: 4335  progress: 1.0  loss: 1.8461  time: 0.208  data_time: 0.004  forward_time: 0.136  backward_time: 0.063  lr: 0.000100  max_mem: 5159M    
[2026-01-21 11:35:23]   eta: 23:43:18  iter: 4345  progress: 1.0  loss: 1.6536  time: 0.217  data_time: 0.004  forward_time: 0.145  backward_time: 0.066  lr: 0.000100  max_mem: 5159M    
[2026-01-21 11:36:16]   eta: 23:35:28  iter: 4355  progress: 1.0  loss: 2.3097  time: 0.212  data_time: 0.003  forward_time: 0.138  backward_time: 0.071  lr: 0.000100  max_mem: 5159M    
[2026-01-21 11:37:20]   eta: 23:36:04  iter: 4365  progress: 1.1  loss: 2.6337  time: 0.221  data_time: 0.091  forward_time: 0.056  backward_time: 0.074  lr: 0.000100  max_mem: 5159M    
[2026-01-21 11:38:22]   eta: 23:37:51  iter: 4375  progress: 1.1  loss: 2.2956  time: 0.157  data_time: 0.054  forward_time: 0.037  backward_time: 0.060  lr: 0.000100  max_mem: 5159M    
[2026-01-21 11:39:29]   eta: 23:42:48  iter: 4385  progress: 1.1  loss: 2.3660  time: 0.196  data_time: 0.004  forward_time: 0.130  backward_time: 0.053  lr: 0.000100  max_mem: 5159M    
[2026-01-21 11:40:32]   eta: 23:28:25  iter: 4395  progress: 1.1  loss: 2.4889  time: 0.173  data_time: 0.003  forward_time: 0.117  backward_time: 0.039  lr: 0.000100  max_mem: 5159M    
[2026-01-21 11:41:40]   eta: 23:32:49  iter: 4405  progress: 1.1  loss: 2.6572  time: 0.232  data_time: 0.006  forward_time: 0.153  backward_time: 0.072  lr: 0.000100  max_mem: 5159M    
[2026-01-21 11:42:45]   eta: 23:39:38  iter: 4415  progress: 1.1  loss: 2.1180  time: 0.214  data_time: 0.004  forward_time: 0.142  backward_time: 0.065  lr: 0.000100  max_mem: 5159M    
[2026-01-21 11:43:51]   eta: 23:48:14  iter: 4425  progress: 1.1  loss: 2.2415  time: 0.206  data_time: 0.003  forward_time: 0.139  backward_time: 0.059  lr: 0.000100  max_mem: 5159M    
[2026-01-21 11:44:59]   eta: 24:05:53  iter: 4435  progress: 1.1  loss: 2.1379  time: 0.206  data_time: 0.003  forward_time: 0.141  backward_time: 0.055  lr: 0.000100  max_mem: 5159M    
[2026-01-21 11:46:07]   eta: 24:16:47  iter: 4445  progress: 1.1  loss: 2.2054  time: 0.209  data_time: 0.004  forward_time: 0.134  backward_time: 0.065  lr: 0.000100  max_mem: 5159M    
[2026-01-21 11:47:10]   eta: 24:21:03  iter: 4455  progress: 1.1  loss: 2.0033  time: 0.226  data_time: 0.003  forward_time: 0.149  backward_time: 0.069  lr: 0.000100  max_mem: 5159M    
[2026-01-21 11:48:14]   eta: 24:11:10  iter: 4465  progress: 1.1  loss: 1.9656  time: 0.209  data_time: 0.003  forward_time: 0.139  backward_time: 0.065  lr: 0.000100  max_mem: 5159M    
[2026-01-21 11:49:21]   eta: 24:00:16  iter: 4475  progress: 1.1  loss: 2.1592  time: 0.231  data_time: 0.004  forward_time: 0.158  backward_time: 0.066  lr: 0.000100  max_mem: 5159M    
[2026-01-21 11:50:25]   eta: 24:01:30  iter: 4485  progress: 1.1  loss: 2.0811  time: 0.211  data_time: 0.004  forward_time: 0.143  backward_time: 0.061  lr: 0.000100  max_mem: 5159M    
[2026-01-21 11:51:31]   eta: 23:56:25  iter: 4495  progress: 1.1  loss: 2.2869  time: 0.207  data_time: 0.046  forward_time: 0.053  backward_time: 0.104  lr: 0.000100  max_mem: 5159M    
[2026-01-21 11:52:35]   eta: 24:11:51  iter: 4505  progress: 1.1  loss: 1.8339  time: 0.209  data_time: 0.003  forward_time: 0.139  backward_time: 0.062  lr: 0.000100  max_mem: 5159M    
[2026-01-21 11:53:41]   eta: 24:13:25  iter: 4515  progress: 1.1  loss: 2.1963  time: 0.236  data_time: 0.106  forward_time: 0.058  backward_time: 0.071  lr: 0.000100  max_mem: 5159M    
[2026-01-21 11:54:49]   eta: 24:12:27  iter: 4525  progress: 1.1  loss: 2.2520  time: 0.240  data_time: 0.004  forward_time: 0.160  backward_time: 0.076  lr: 0.000100  max_mem: 5159M    
[2026-01-21 11:55:55]   eta: 23:32:03  iter: 4535  progress: 1.1  loss: 2.1599  time: 0.134  data_time: 0.003  forward_time: 0.061  backward_time: 0.067  lr: 0.000100  max_mem: 5159M    
[2026-01-21 11:57:03]   eta: 23:52:03  iter: 4545  progress: 1.1  loss: 2.1264  time: 0.199  data_time: 0.003  forward_time: 0.144  backward_time: 0.040  lr: 0.000100  max_mem: 5159M    
[2026-01-21 11:58:05]   eta: 23:30:38  iter: 4555  progress: 1.1  loss: 2.1150  time: 0.225  data_time: 0.004  forward_time: 0.155  backward_time: 0.063  lr: 0.000100  max_mem: 5159M    
[2026-01-21 11:59:08]   eta: 23:24:13  iter: 4565  progress: 1.1  loss: 2.1479  time: 0.218  data_time: 0.002  forward_time: 0.147  backward_time: 0.065  lr: 0.000100  max_mem: 5159M    
[2026-01-21 12:00:14]   eta: 23:22:28  iter: 4575  progress: 1.1  loss: 2.0814  time: 0.175  data_time: 0.003  forward_time: 0.109  backward_time: 0.051  lr: 0.000100  max_mem: 5159M    
[2026-01-21 12:01:23]   eta: 24:05:59  iter: 4585  progress: 1.1  loss: 2.2944  time: 0.247  data_time: 0.004  forward_time: 0.175  backward_time: 0.065  lr: 0.000100  max_mem: 5159M    
[2026-01-21 12:02:25]   eta: 23:59:57  iter: 4595  progress: 1.1  loss: 2.3052  time: 0.277  data_time: 0.003  forward_time: 0.206  backward_time: 0.066  lr: 0.000100  max_mem: 5159M    
[2026-01-21 12:03:33]   eta: 24:36:49  iter: 4605  progress: 1.1  loss: 1.7111  time: 0.205  data_time: 0.004  forward_time: 0.146  backward_time: 0.039  lr: 0.000100  max_mem: 5159M    
[2026-01-21 12:04:37]   eta: 24:47:30  iter: 4615  progress: 1.1  loss: 2.1645  time: 0.247  data_time: 0.006  forward_time: 0.169  backward_time: 0.071  lr: 0.000100  max_mem: 5159M    
[2026-01-21 12:05:44]   eta: 24:42:00  iter: 4625  progress: 1.1  loss: 2.3384  time: 0.233  data_time: 0.002  forward_time: 0.165  backward_time: 0.059  lr: 0.000100  max_mem: 5159M    
[2026-01-21 12:06:50]   eta: 24:19:29  iter: 4635  progress: 1.1  loss: 2.6505  time: 0.198  data_time: 0.004  forward_time: 0.137  backward_time: 0.053  lr: 0.000100  max_mem: 5159M    
[2026-01-21 12:07:54]   eta: 24:30:15  iter: 4645  progress: 1.1  loss: 1.9884  time: 0.229  data_time: 0.004  forward_time: 0.153  backward_time: 0.069  lr: 0.000100  max_mem: 5159M    
[2026-01-21 12:09:00]   eta: 24:18:23  iter: 4655  progress: 1.1  loss: 1.9206  time: 0.209  data_time: 0.005  forward_time: 0.151  backward_time: 0.046  lr: 0.000100  max_mem: 5159M    
[2026-01-21 12:10:09]   eta: 24:25:49  iter: 4665  progress: 1.1  loss: 1.9613  time: 0.174  data_time: 0.076  forward_time: 0.043  backward_time: 0.050  lr: 0.000100  max_mem: 5159M    
[2026-01-21 12:11:15]   eta: 24:46:51  iter: 4675  progress: 1.1  loss: 2.1549  time: 0.229  data_time: 0.009  forward_time: 0.151  backward_time: 0.066  lr: 0.000100  max_mem: 5159M    
[2026-01-21 12:12:27]   eta: 25:06:00  iter: 4685  progress: 1.1  loss: 2.1413  time: 0.172  data_time: 0.066  forward_time: 0.056  backward_time: 0.034  lr: 0.000100  max_mem: 5159M    
[2026-01-21 12:13:36]   eta: 25:19:26  iter: 4695  progress: 1.1  loss: 1.7554  time: 0.225  data_time: 0.004  forward_time: 0.149  backward_time: 0.071  lr: 0.000100  max_mem: 5159M    
[2026-01-21 12:14:44]   eta: 25:16:50  iter: 4705  progress: 1.1  loss: 2.1646  time: 0.206  data_time: 0.003  forward_time: 0.143  backward_time: 0.051  lr: 0.000100  max_mem: 5159M    
[2026-01-21 12:15:48]   eta: 25:03:42  iter: 4715  progress: 1.1  loss: 2.2469  time: 0.235  data_time: 0.004  forward_time: 0.157  backward_time: 0.074  lr: 0.000100  max_mem: 5159M    
[2026-01-21 12:16:53]   eta: 25:08:36  iter: 4725  progress: 1.1  loss: 1.8232  time: 0.187  data_time: 0.003  forward_time: 0.116  backward_time: 0.063  lr: 0.000100  max_mem: 5159M    
[2026-01-21 12:17:58]   eta: 25:06:44  iter: 4735  progress: 1.1  loss: 1.7820  time: 0.222  data_time: 0.004  forward_time: 0.149  backward_time: 0.067  lr: 0.000100  max_mem: 5159M    
[2026-01-21 12:19:00]   eta: 24:43:24  iter: 4745  progress: 1.1  loss: 2.0770  time: 0.209  data_time: 0.004  forward_time: 0.142  backward_time: 0.056  lr: 0.000100  max_mem: 5159M    
[2026-01-21 12:20:06]   eta: 24:24:12  iter: 4755  progress: 1.1  loss: 2.0612  time: 0.201  data_time: 0.004  forward_time: 0.127  backward_time: 0.067  lr: 0.000100  max_mem: 5159M    
[2026-01-21 12:21:12]   eta: 24:40:54  iter: 4765  progress: 1.1  loss: 2.0300  time: 0.243  data_time: 0.006  forward_time: 0.160  backward_time: 0.077  lr: 0.000100  max_mem: 5159M    
[2026-01-21 12:22:16]   eta: 24:29:02  iter: 4775  progress: 1.1  loss: 2.3812  time: 0.175  data_time: 0.002  forward_time: 0.105  backward_time: 0.055  lr: 0.000100  max_mem: 5159M    
[2026-01-21 12:23:22]   eta: 24:34:43  iter: 4785  progress: 1.2  loss: 2.3214  time: 0.194  data_time: 0.004  forward_time: 0.122  backward_time: 0.065  lr: 0.000100  max_mem: 5159M    
[2026-01-21 12:24:28]   eta: 24:28:46  iter: 4795  progress: 1.2  loss: 2.2525  time: 0.209  data_time: 0.003  forward_time: 0.141  backward_time: 0.059  lr: 0.000100  max_mem: 5159M    
[2026-01-21 12:25:37]   eta: 24:50:10  iter: 4805  progress: 1.2  loss: 1.8553  time: 0.239  data_time: 0.106  forward_time: 0.064  backward_time: 0.069  lr: 0.000100  max_mem: 5159M    
[2026-01-21 12:26:43]   eta: 24:42:31  iter: 4815  progress: 1.2  loss: 2.1931  time: 0.237  data_time: 0.088  forward_time: 0.073  backward_time: 0.076  lr: 0.000100  max_mem: 5159M    
[2026-01-21 12:27:49]   eta: 24:57:57  iter: 4825  progress: 1.2  loss: 1.6327  time: 0.192  data_time: 0.003  forward_time: 0.138  backward_time: 0.038  lr: 0.000100  max_mem: 5159M    
[2026-01-21 12:28:53]   eta: 24:48:28  iter: 4835  progress: 1.2  loss: 2.0146  time: 0.215  data_time: 0.088  forward_time: 0.058  backward_time: 0.066  lr: 0.000100  max_mem: 5159M    
[2026-01-21 12:29:52]   eta: 24:45:08  iter: 4845  progress: 1.2  loss: 2.0238  time: 0.187  data_time: 0.004  forward_time: 0.113  backward_time: 0.067  lr: 0.000100  max_mem: 5159M    
[2026-01-21 12:30:58]   eta: 24:21:01  iter: 4855  progress: 1.2  loss: 1.8900  time: 0.221  data_time: 0.003  forward_time: 0.150  backward_time: 0.066  lr: 0.000100  max_mem: 5159M    
[2026-01-21 12:32:06]   eta: 24:13:51  iter: 4865  progress: 1.2  loss: 2.1326  time: 0.212  data_time: 0.003  forward_time: 0.142  backward_time: 0.063  lr: 0.000100  max_mem: 5159M    
[2026-01-21 12:33:08]   eta: 24:23:07  iter: 4875  progress: 1.2  loss: 1.4435  time: 0.288  data_time: 0.004  forward_time: 0.213  backward_time: 0.067  lr: 0.000100  max_mem: 5159M    
[2026-01-21 12:34:14]   eta: 24:21:23  iter: 4885  progress: 1.2  loss: 1.5805  time: 0.207  data_time: 0.003  forward_time: 0.138  backward_time: 0.060  lr: 0.000100  max_mem: 5159M    
[2026-01-21 12:35:22]   eta: 24:30:36  iter: 4895  progress: 1.2  loss: 2.0113  time: 0.237  data_time: 0.004  forward_time: 0.161  backward_time: 0.072  lr: 0.000100  max_mem: 5159M    
[2026-01-21 12:36:26]   eta: 24:30:09  iter: 4905  progress: 1.2  loss: 2.4279  time: 0.147  data_time: 0.005  forward_time: 0.074  backward_time: 0.065  lr: 0.000100  max_mem: 5159M    
[2026-01-21 12:37:31]   eta: 24:22:06  iter: 4915  progress: 1.2  loss: 2.2268  time: 0.218  data_time: 0.004  forward_time: 0.142  backward_time: 0.072  lr: 0.000100  max_mem: 5159M    
[2026-01-21 12:38:36]   eta: 24:32:58  iter: 4925  progress: 1.2  loss: 2.5323  time: 0.305  data_time: 0.087  forward_time: 0.152  backward_time: 0.060  lr: 0.000100  max_mem: 5159M    
[2026-01-21 12:39:43]   eta: 24:42:06  iter: 4935  progress: 1.2  loss: 1.8119  time: 0.186  data_time: 0.003  forward_time: 0.114  backward_time: 0.066  lr: 0.000100  max_mem: 5159M    
[2026-01-21 12:40:52]   eta: 24:40:09  iter: 4945  progress: 1.2  loss: 1.7484  time: 0.185  data_time: 0.003  forward_time: 0.120  backward_time: 0.051  lr: 0.000100  max_mem: 5159M    
[2026-01-21 12:41:58]   eta: 25:07:12  iter: 4955  progress: 1.2  loss: 2.1000  time: 0.235  data_time: 0.003  forward_time: 0.159  backward_time: 0.069  lr: 0.000100  max_mem: 5159M    
[2026-01-21 12:43:06]   eta: 25:09:39  iter: 4965  progress: 1.2  loss: 2.2780  time: 0.179  data_time: 0.006  forward_time: 0.106  backward_time: 0.064  lr: 0.000100  max_mem: 5159M    
[2026-01-21 12:44:09]   eta: 24:54:56  iter: 4975  progress: 1.2  loss: 2.3852  time: 0.281  data_time: 0.003  forward_time: 0.209  backward_time: 0.066  lr: 0.000100  max_mem: 5159M    
[2026-01-21 12:45:11]   eta: 24:40:20  iter: 4985  progress: 1.2  loss: 2.4352  time: 0.203  data_time: 0.004  forward_time: 0.130  backward_time: 0.067  lr: 0.000100  max_mem: 5159M    
[2026-01-21 12:46:19]   eta: 24:41:16  iter: 4995  progress: 1.2  loss: 2.2132  time: 0.181  data_time: 0.003  forward_time: 0.111  backward_time: 0.062  lr: 0.000100  max_mem: 5159M    
[2026-01-21 12:47:27]   eta: 24:09:31  iter: 5005  progress: 1.2  loss: 2.2728  time: 0.234  data_time: 0.004  forward_time: 0.137  backward_time: 0.092  lr: 0.000100  max_mem: 5159M    
[2026-01-21 12:48:35]   eta: 24:19:28  iter: 5015  progress: 1.2  loss: 2.4127  time: 0.223  data_time: 0.006  forward_time: 0.150  backward_time: 0.065  lr: 0.000100  max_mem: 5159M    
[2026-01-21 12:49:41]   eta: 24:08:58  iter: 5025  progress: 1.2  loss: 2.4185  time: 0.128  data_time: 0.011  forward_time: 0.053  backward_time: 0.053  lr: 0.000100  max_mem: 5159M    
[2026-01-21 12:50:47]   eta: 24:06:18  iter: 5035  progress: 1.2  loss: 2.0600  time: 0.224  data_time: 0.005  forward_time: 0.152  backward_time: 0.063  lr: 0.000100  max_mem: 5159M    
[2026-01-21 12:51:51]   eta: 24:00:33  iter: 5045  progress: 1.2  loss: 2.4798  time: 0.212  data_time: 0.004  forward_time: 0.141  backward_time: 0.066  lr: 0.000100  max_mem: 5159M    
[2026-01-21 12:52:59]   eta: 24:03:19  iter: 5055  progress: 1.2  loss: 2.4491  time: 0.217  data_time: 0.004  forward_time: 0.142  backward_time: 0.071  lr: 0.000100  max_mem: 5159M    
[2026-01-21 12:54:08]   eta: 23:40:42  iter: 5065  progress: 1.2  loss: 2.2541  time: 0.204  data_time: 0.003  forward_time: 0.135  backward_time: 0.061  lr: 0.000100  max_mem: 5159M    
[2026-01-21 12:55:15]   eta: 23:40:14  iter: 5075  progress: 1.2  loss: 2.2761  time: 0.219  data_time: 0.003  forward_time: 0.144  backward_time: 0.070  lr: 0.000100  max_mem: 5159M    
[2026-01-21 12:56:21]   eta: 23:37:23  iter: 5085  progress: 1.2  loss: 2.3438  time: 0.244  data_time: 0.004  forward_time: 0.173  backward_time: 0.064  lr: 0.000100  max_mem: 5159M    
[2026-01-21 12:57:27]   eta: 23:58:41  iter: 5095  progress: 1.2  loss: 2.4986  time: 0.203  data_time: 0.002  forward_time: 0.133  backward_time: 0.065  lr: 0.000100  max_mem: 5159M    
[2026-01-21 12:58:34]   eta: 23:58:02  iter: 5105  progress: 1.2  loss: 1.7981  time: 0.182  data_time: 0.004  forward_time: 0.111  backward_time: 0.065  lr: 0.000100  max_mem: 5159M    
[2026-01-21 12:59:41]   eta: 24:00:29  iter: 5115  progress: 1.2  loss: 2.0494  time: 0.173  data_time: 0.070  forward_time: 0.045  backward_time: 0.043  lr: 0.000100  max_mem: 5159M    
[2026-01-21 13:00:48]   eta: 23:58:11  iter: 5125  progress: 1.2  loss: 2.1552  time: 0.246  data_time: 0.003  forward_time: 0.140  backward_time: 0.101  lr: 0.000100  max_mem: 5159M    
[2026-01-21 13:01:54]   eta: 23:53:26  iter: 5135  progress: 1.2  loss: 2.1405  time: 0.146  data_time: 0.004  forward_time: 0.075  backward_time: 0.065  lr: 0.000100  max_mem: 5159M    
[2026-01-21 13:03:00]   eta: 23:29:03  iter: 5145  progress: 1.2  loss: 1.9552  time: 0.196  data_time: 0.003  forward_time: 0.124  backward_time: 0.056  lr: 0.000100  max_mem: 5159M    
[2026-01-21 13:04:05]   eta: 23:19:39  iter: 5155  progress: 1.2  loss: 2.4006  time: 0.237  data_time: 0.107  forward_time: 0.057  backward_time: 0.071  lr: 0.000100  max_mem: 5159M    
[2026-01-21 13:05:12]   eta: 23:40:05  iter: 5165  progress: 1.2  loss: 2.5956  time: 0.184  data_time: 0.003  forward_time: 0.113  backward_time: 0.063  lr: 0.000100  max_mem: 5159M    
[2026-01-21 13:06:16]   eta: 24:06:41  iter: 5175  progress: 1.2  loss: 2.2403  time: 0.212  data_time: 0.004  forward_time: 0.137  backward_time: 0.067  lr: 0.000100  max_mem: 5159M    
[2026-01-21 13:07:18]   eta: 24:21:17  iter: 5185  progress: 1.2  loss: 1.9290  time: 0.183  data_time: 0.004  forward_time: 0.121  backward_time: 0.052  lr: 0.000100  max_mem: 5159M    
[2026-01-21 13:08:25]   eta: 24:17:56  iter: 5195  progress: 1.3  loss: 1.7104  time: 0.204  data_time: 0.004  forward_time: 0.144  backward_time: 0.049  lr: 0.000100  max_mem: 5159M    
[2026-01-21 13:09:27]   eta: 24:31:46  iter: 5205  progress: 1.3  loss: 1.8485  time: 0.216  data_time: 0.091  forward_time: 0.058  backward_time: 0.061  lr: 0.000100  max_mem: 5159M    
[2026-01-21 13:10:31]   eta: 24:35:46  iter: 5215  progress: 1.3  loss: 1.9895  time: 0.218  data_time: 0.004  forward_time: 0.148  backward_time: 0.059  lr: 0.000100  max_mem: 5159M    
[2026-01-21 13:11:35]   eta: 23:59:40  iter: 5225  progress: 1.3  loss: 2.0668  time: 0.201  data_time: 0.004  forward_time: 0.141  backward_time: 0.045  lr: 0.000100  max_mem: 5159M    
[2026-01-21 13:12:37]   eta: 24:10:19  iter: 5235  progress: 1.3  loss: 2.5347  time: 0.233  data_time: 0.091  forward_time: 0.074  backward_time: 0.066  lr: 0.000100  max_mem: 5159M    
[2026-01-21 13:13:43]   eta: 24:21:16  iter: 5245  progress: 1.3  loss: 1.7336  time: 0.218  data_time: 0.005  forward_time: 0.144  backward_time: 0.064  lr: 0.000100  max_mem: 5159M    
[2026-01-21 13:14:46]   eta: 23:51:13  iter: 5255  progress: 1.3  loss: 2.1282  time: 0.184  data_time: 0.003  forward_time: 0.114  backward_time: 0.055  lr: 0.000100  max_mem: 5159M    
[2026-01-21 13:15:44]   eta: 23:36:44  iter: 5265  progress: 1.3  loss: 1.9843  time: 0.206  data_time: 0.003  forward_time: 0.134  backward_time: 0.063  lr: 0.000100  max_mem: 5159M    
[2026-01-21 13:16:50]   eta: 23:34:54  iter: 5275  progress: 1.3  loss: 1.7541  time: 0.248  data_time: 0.064  forward_time: 0.123  backward_time: 0.057  lr: 0.000100  max_mem: 5159M    
[2026-01-21 13:17:56]   eta: 23:18:17  iter: 5285  progress: 1.3  loss: 2.0731  time: 0.215  data_time: 0.002  forward_time: 0.141  backward_time: 0.068  lr: 0.000100  max_mem: 5159M    
[2026-01-21 13:19:06]   eta: 23:14:30  iter: 5295  progress: 1.3  loss: 2.0532  time: 0.251  data_time: 0.090  forward_time: 0.087  backward_time: 0.074  lr: 0.000100  max_mem: 5159M    
[2026-01-21 13:20:08]   eta: 23:08:01  iter: 5305  progress: 1.3  loss: 2.4549  time: 0.199  data_time: 0.002  forward_time: 0.129  backward_time: 0.058  lr: 0.000100  max_mem: 5159M    
[2026-01-21 13:21:16]   eta: 23:25:58  iter: 5315  progress: 1.3  loss: 2.5922  time: 0.238  data_time: 0.004  forward_time: 0.165  backward_time: 0.066  lr: 0.000100  max_mem: 5159M    
[2026-01-21 13:22:21]   eta: 23:13:11  iter: 5325  progress: 1.3  loss: 2.4515  time: 0.221  data_time: 0.003  forward_time: 0.146  backward_time: 0.072  lr: 0.000100  max_mem: 5159M    
[2026-01-21 13:23:26]   eta: 23:29:37  iter: 5335  progress: 1.3  loss: 1.9615  time: 0.192  data_time: 0.003  forward_time: 0.124  backward_time: 0.054  lr: 0.000100  max_mem: 5159M    
[2026-01-21 13:24:31]   eta: 23:14:17  iter: 5345  progress: 1.3  loss: 2.0509  time: 0.192  data_time: 0.003  forward_time: 0.135  backward_time: 0.048  lr: 0.000100  max_mem: 5159M    
[2026-01-21 13:25:33]   eta: 24:05:00  iter: 5355  progress: 1.3  loss: 1.9542  time: 0.264  data_time: 0.004  forward_time: 0.191  backward_time: 0.069  lr: 0.000100  max_mem: 5159M    
[2026-01-21 13:26:38]   eta: 23:59:37  iter: 5365  progress: 1.3  loss: 1.8959  time: 0.214  data_time: 0.003  forward_time: 0.140  backward_time: 0.071  lr: 0.000100  max_mem: 5159M    
[2026-01-21 13:27:45]   eta: 24:27:30  iter: 5375  progress: 1.3  loss: 2.0817  time: 0.211  data_time: 0.004  forward_time: 0.138  backward_time: 0.069  lr: 0.000100  max_mem: 5159M    
[2026-01-21 13:28:50]   eta: 24:08:23  iter: 5385  progress: 1.3  loss: 2.2477  time: 0.209  data_time: 0.003  forward_time: 0.137  backward_time: 0.066  lr: 0.000100  max_mem: 5159M    
[2026-01-21 13:29:55]   eta: 24:33:28  iter: 5395  progress: 1.3  loss: 2.4273  time: 0.272  data_time: 0.087  forward_time: 0.116  backward_time: 0.066  lr: 0.000100  max_mem: 5159M    
[2026-01-21 13:31:03]   eta: 24:13:01  iter: 5405  progress: 1.3  loss: 2.2441  time: 0.212  data_time: 0.004  forward_time: 0.138  backward_time: 0.070  lr: 0.000100  max_mem: 5159M    
[2026-01-21 13:32:08]   eta: 23:54:27  iter: 5415  progress: 1.3  loss: 2.0834  time: 0.174  data_time: 0.004  forward_time: 0.120  backward_time: 0.025  lr: 0.000100  max_mem: 5159M    
[2026-01-21 13:33:17]   eta: 24:16:55  iter: 5425  progress: 1.3  loss: 1.7508  time: 0.232  data_time: 0.004  forward_time: 0.157  backward_time: 0.070  lr: 0.000100  max_mem: 5159M    
[2026-01-21 13:34:24]   eta: 24:41:38  iter: 5435  progress: 1.3  loss: 2.9419  time: 0.209  data_time: 0.003  forward_time: 0.133  backward_time: 0.072  lr: 0.000100  max_mem: 5159M    
[2026-01-21 13:35:33]   eta: 24:25:28  iter: 5445  progress: 1.3  loss: 1.5919  time: 0.180  data_time: 0.004  forward_time: 0.107  backward_time: 0.064  lr: 0.000100  max_mem: 5159M    
[2026-01-21 13:36:40]   eta: 24:59:26  iter: 5455  progress: 1.3  loss: 2.2668  time: 0.178  data_time: 0.004  forward_time: 0.104  backward_time: 0.068  lr: 0.000100  max_mem: 5159M    
[2026-01-21 13:37:47]   eta: 25:03:48  iter: 5465  progress: 1.3  loss: 1.8935  time: 0.237  data_time: 0.003  forward_time: 0.158  backward_time: 0.075  lr: 0.000100  max_mem: 5159M    
[2026-01-21 13:38:58]   eta: 24:33:44  iter: 5475  progress: 1.3  loss: 2.3731  time: 0.211  data_time: 0.004  forward_time: 0.133  backward_time: 0.074  lr: 0.000100  max_mem: 5159M    
[2026-01-21 13:40:05]   eta: 24:12:29  iter: 5485  progress: 1.3  loss: 2.3443  time: 0.227  data_time: 0.091  forward_time: 0.059  backward_time: 0.077  lr: 0.000100  max_mem: 5159M    
[2026-01-21 13:41:14]   eta: 23:57:35  iter: 5495  progress: 1.3  loss: 2.6391  time: 0.218  data_time: 0.003  forward_time: 0.146  backward_time: 0.066  lr: 0.000100  max_mem: 5159M    
[2026-01-21 13:42:23]   eta: 23:47:09  iter: 5505  progress: 1.3  loss: 2.0837  time: 0.253  data_time: 0.004  forward_time: 0.169  backward_time: 0.079  lr: 0.000100  max_mem: 5159M    
[2026-01-21 13:43:28]   eta: 23:47:57  iter: 5515  progress: 1.3  loss: 2.3205  time: 0.202  data_time: 0.004  forward_time: 0.128  backward_time: 0.063  lr: 0.000100  max_mem: 5159M    
[2026-01-21 13:44:30]   eta: 23:49:53  iter: 5525  progress: 1.3  loss: 2.1313  time: 0.296  data_time: 0.083  forward_time: 0.146  backward_time: 0.062  lr: 0.000100  max_mem: 5159M    
[2026-01-21 13:45:37]   eta: 24:05:28  iter: 5535  progress: 1.3  loss: 2.1261  time: 0.196  data_time: 0.004  forward_time: 0.139  backward_time: 0.035  lr: 0.000100  max_mem: 5159M    
[2026-01-21 13:46:42]   eta: 24:14:46  iter: 5545  progress: 1.3  loss: 2.4070  time: 0.191  data_time: 0.004  forward_time: 0.136  backward_time: 0.033  lr: 0.000100  max_mem: 5159M    
[2026-01-21 13:47:50]   eta: 23:53:10  iter: 5555  progress: 1.3  loss: 2.2888  time: 0.226  data_time: 0.004  forward_time: 0.150  backward_time: 0.073  lr: 0.000100  max_mem: 5159M    
[2026-01-21 13:49:12]   eta: 24:20:09  iter: 5565  progress: 1.3  loss: 2.2438  time: 0.254  data_time: 0.089  forward_time: 0.080  backward_time: 0.085  lr: 0.000100  max_mem: 5159M    
[2026-01-21 13:50:25]   eta: 24:17:39  iter: 5575  progress: 1.3  loss: 1.9116  time: 0.158  data_time: 0.002  forward_time: 0.105  backward_time: 0.031  lr: 0.000100  max_mem: 5159M    
[2026-01-21 13:52:21]   eta: 24:30:49  iter: 5585  progress: 1.3  loss: 2.7460  time: 0.295  data_time: 0.087  forward_time: 0.136  backward_time: 0.071  lr: 0.000100  max_mem: 5159M    
[2026-01-21 13:54:26]   eta: 24:23:49  iter: 5595  progress: 1.3  loss: 2.1672  time: 0.166  data_time: 0.003  forward_time: 0.112  backward_time: 0.039  lr: 0.000100  max_mem: 5159M    
[2026-01-21 13:56:31]   eta: 24:46:24  iter: 5605  progress: 1.3  loss: 1.9264  time: 0.317  data_time: 0.107  forward_time: 0.136  backward_time: 0.068  lr: 0.000100  max_mem: 5159M    
[2026-01-21 13:58:40]   eta: 24:11:03  iter: 5615  progress: 1.4  loss: 1.8272  time: 0.209  data_time: 0.004  forward_time: 0.135  backward_time: 0.066  lr: 0.000100  max_mem: 5159M    
[2026-01-21 14:00:47]   eta: 24:40:30  iter: 5625  progress: 1.4  loss: 2.2530  time: 0.292  data_time: 0.004  forward_time: 0.220  backward_time: 0.066  lr: 0.000100  max_mem: 5159M    
